Issue Type,Source,File,Details
Invalid bounding box,Japan,Japan_001265.xml,"D20: 198,474,198,475 / image=600x600"
Unknown class,China_Drone,China_Drone_000023.xml,Repair
Unknown class,China_Drone,China_Drone_000023.xml,Repair
Unknown class,China_Drone,China_Drone_000025.xml,Repair
Unknown class,China_Drone,China_Drone_000028.xml,Repair
Unknown class,China_Drone,China_Drone_000029.xml,Repair
Unknown class,China_Drone,China_Drone_000037.xml,Repair
Unknown class,China_Drone,China_Drone_000041.xml,Repair
Unknown class,China_Drone,China_Drone_000041.xml,Repair
Unknown class,China_Drone,China_Drone_000042.xml,Repair
Unknown class,China_Drone,China_Drone_000042.xml,Repair
Unknown class,China_Drone,China_Drone_000044.xml,Repair
Unknown class,China_Drone,China_Drone_000045.xml,Repair
Unknown class,China_Drone,China_Drone_000045.xml,Repair
Unknown class,China_Drone,China_Drone_000049.xml,Repair
Unknown class,China_Drone,China_Drone_000056.xml,Repair
Unknown class,China_Drone,China_Drone_000064.xml,Repair
Unknown class,China_Drone,China_Drone_000065.xml,Repair
Unknown class,China_Drone,China_Drone_000067.xml,Repair
Unknown class,China_Drone,China_Drone_000067.xml,Repair
Unknown class,China_Drone,China_Drone_000069.xml,Repair
Unknown class,China_Drone,China_Drone_000071.xml,Repair
Unknown class,China_Drone,China_Drone_000071.xml,Repair
Unknown class,China_Drone,China_Drone_000073.xml,Repair
Unknown class,China_Drone,China_Drone_000080.xml,Repair
Unknown class,China_Drone,China_Drone_000087.xml,Repair
Unknown class,China_Drone,China_Drone_000087.xml,Repair
Unknown class,China_Drone,China_Drone_000090.xml,Repair
Unknown class,China_Drone,China_Drone_000091.xml,Repair
Unknown class,China_Drone,China_Drone_000091.xml,Repair
Unknown class,China_Drone,China_Drone_000099.xml,Repair
Unknown class,China_Drone,China_Drone_000101.xml,Repair
Unknown class,China_Drone,China_Drone_000104.xml,Repair
Unknown class,China_Drone,China_Drone_000104.xml,Repair
Unknown class,China_Drone,China_Drone_000115.xml,Repair
Unknown class,China_Drone,China_Drone_000115.xml,Repair
Unknown class,China_Drone,China_Drone_000116.xml,Repair
Unknown class,China_Drone,China_Drone_000121.xml,Repair
Unknown class,China_Drone,China_Drone_000122.xml,Repair
Unknown class,China_Drone,China_Drone_000122.xml,Repair
Unknown class,China_Drone,China_Drone_000122.xml,Repair
Unknown class,China_Drone,China_Drone_000122.xml,Repair
Unknown class,China_Drone,China_Drone_000125.xml,Repair
Unknown class,China_Drone,China_Drone_000131.xml,Repair
Unknown class,China_Drone,China_Drone_000133.xml,Repair
Unknown class,China_Drone,China_Drone_000142.xml,Repair
Unknown class,China_Drone,China_Drone_000146.xml,Repair
Unknown class,China_Drone,China_Drone_000154.xml,Repair
Unknown class,China_Drone,China_Drone_000156.xml,Repair
Unknown class,China_Drone,China_Drone_000156.xml,Repair
Unknown class,China_Drone,China_Drone_000163.xml,Repair
Unknown class,China_Drone,China_Drone_000177.xml,Repair
Unknown class,China_Drone,China_Drone_000188.xml,Repair
Unknown class,China_Drone,China_Drone_000193.xml,Repair
Unknown class,China_Drone,China_Drone_000199.xml,Repair
Unknown class,China_Drone,China_Drone_000208.xml,Repair
Unknown class,China_Drone,China_Drone_000209.xml,Repair
Unknown class,China_Drone,China_Drone_000209.xml,Repair
Unknown class,China_Drone,China_Drone_000213.xml,Repair
Unknown class,China_Drone,China_Drone_000214.xml,Repair
Unknown class,China_Drone,China_Drone_000214.xml,Repair
Unknown class,China_Drone,China_Drone_000214.xml,Repair
Unknown class,China_Drone,China_Drone_000220.xml,Repair
Unknown class,China_Drone,China_Drone_000221.xml,Repair
Unknown class,China_Drone,China_Drone_000231.xml,Repair
Unknown class,China_Drone,China_Drone_000235.xml,Repair
Unknown class,China_Drone,China_Drone_000235.xml,Repair
Unknown class,China_Drone,China_Drone_000239.xml,Repair
Unknown class,China_Drone,China_Drone_000241.xml,Repair
Unknown class,China_Drone,China_Drone_000242.xml,Repair
Unknown class,China_Drone,China_Drone_000242.xml,Repair
Unknown class,China_Drone,China_Drone_000242.xml,Repair
Unknown class,China_Drone,China_Drone_000243.xml,Repair
Unknown class,China_Drone,China_Drone_000249.xml,Repair
Unknown class,China_Drone,China_Drone_000250.xml,Repair
Unknown class,China_Drone,China_Drone_000252.xml,Repair
Unknown class,China_Drone,China_Drone_000253.xml,Repair
Unknown class,China_Drone,China_Drone_000263.xml,Repair
Unknown class,China_Drone,China_Drone_000266.xml,Repair
Unknown class,China_Drone,China_Drone_000269.xml,Repair
Unknown class,China_Drone,China_Drone_000269.xml,Repair
Unknown class,China_Drone,China_Drone_000270.xml,Repair
Unknown class,China_Drone,China_Drone_000273.xml,Repair
Unknown class,China_Drone,China_Drone_000278.xml,Repair
Unknown class,China_Drone,China_Drone_000282.xml,Repair
Unknown class,China_Drone,China_Drone_000285.xml,Repair
Unknown class,China_Drone,China_Drone_000288.xml,Repair
Unknown class,China_Drone,China_Drone_000291.xml,Repair
Unknown class,China_Drone,China_Drone_000291.xml,Repair
Unknown class,China_Drone,China_Drone_000292.xml,Repair
Unknown class,China_Drone,China_Drone_000304.xml,Repair
Unknown class,China_Drone,China_Drone_000305.xml,Repair
Unknown class,China_Drone,China_Drone_000305.xml,Repair
Unknown class,China_Drone,China_Drone_000309.xml,Repair
Unknown class,China_Drone,China_Drone_000309.xml,Repair
Unknown class,China_Drone,China_Drone_000315.xml,Repair
Unknown class,China_Drone,China_Drone_000318.xml,Repair
Unknown class,China_Drone,China_Drone_000319.xml,Repair
Unknown class,China_Drone,China_Drone_000319.xml,Repair
Unknown class,China_Drone,China_Drone_000322.xml,Repair
Unknown class,China_Drone,China_Drone_000327.xml,Repair
Unknown class,China_Drone,China_Drone_000332.xml,Repair
Unknown class,China_Drone,China_Drone_000332.xml,Repair
Unknown class,China_Drone,China_Drone_000333.xml,Repair
Unknown class,China_Drone,China_Drone_000340.xml,Repair
Unknown class,China_Drone,China_Drone_000340.xml,Repair
Unknown class,China_Drone,China_Drone_000341.xml,Repair
Unknown class,China_Drone,China_Drone_000343.xml,Repair
Unknown class,China_Drone,China_Drone_000345.xml,Repair
Unknown class,China_Drone,China_Drone_000350.xml,Repair
Unknown class,China_Drone,China_Drone_000352.xml,Repair
Unknown class,China_Drone,China_Drone_000362.xml,Repair
Unknown class,China_Drone,China_Drone_000364.xml,Repair
Unknown class,China_Drone,China_Drone_000364.xml,Repair
Unknown class,China_Drone,China_Drone_000366.xml,Repair
Unknown class,China_Drone,China_Drone_000371.xml,Repair
Unknown class,China_Drone,China_Drone_000375.xml,Repair
Unknown class,China_Drone,China_Drone_000375.xml,Repair
Unknown class,China_Drone,China_Drone_000377.xml,Repair
Unknown class,China_Drone,China_Drone_000377.xml,Repair
Unknown class,China_Drone,China_Drone_000377.xml,Repair
Unknown class,China_Drone,China_Drone_000384.xml,Repair
Unknown class,China_Drone,China_Drone_000391.xml,Repair
Unknown class,China_Drone,China_Drone_000391.xml,Repair
Unknown class,China_Drone,China_Drone_000395.xml,Repair
Unknown class,China_Drone,China_Drone_000395.xml,Repair
Unknown class,China_Drone,China_Drone_000396.xml,Repair
Unknown class,China_Drone,China_Drone_000397.xml,Repair
Unknown class,China_Drone,China_Drone_000398.xml,Repair
Unknown class,China_Drone,China_Drone_000400.xml,Repair
Unknown class,China_Drone,China_Drone_000400.xml,Repair
Unknown class,China_Drone,China_Drone_000403.xml,Repair
Unknown class,China_Drone,China_Drone_000414.xml,Repair
Unknown class,China_Drone,China_Drone_000418.xml,Repair
Unknown class,China_Drone,China_Drone_000423.xml,Repair
Unknown class,China_Drone,China_Drone_000424.xml,Repair
Unknown class,China_Drone,China_Drone_000427.xml,Repair
Unknown class,China_Drone,China_Drone_000427.xml,Repair
Unknown class,China_Drone,China_Drone_000427.xml,Repair
Unknown class,China_Drone,China_Drone_000427.xml,Repair
Unknown class,China_Drone,China_Drone_000445.xml,Repair
Unknown class,China_Drone,China_Drone_000450.xml,Repair
Unknown class,China_Drone,China_Drone_000453.xml,Repair
Unknown class,China_Drone,China_Drone_000465.xml,Repair
Unknown class,China_Drone,China_Drone_000465.xml,Repair
Unknown class,China_Drone,China_Drone_000468.xml,Repair
Unknown class,China_Drone,China_Drone_000468.xml,Repair
Unknown class,China_Drone,China_Drone_000470.xml,Repair
Unknown class,China_Drone,China_Drone_000472.xml,Repair
Unknown class,China_Drone,China_Drone_000477.xml,Repair
Unknown class,China_Drone,China_Drone_000477.xml,Repair
Unknown class,China_Drone,China_Drone_000484.xml,Repair
Unknown class,China_Drone,China_Drone_000485.xml,Repair
Unknown class,China_Drone,China_Drone_000488.xml,Repair
Unknown class,China_Drone,China_Drone_000494.xml,Repair
Unknown class,China_Drone,China_Drone_000500.xml,Repair
Unknown class,China_Drone,China_Drone_000510.xml,Repair
Unknown class,China_Drone,China_Drone_000514.xml,Repair
Unknown class,China_Drone,China_Drone_000523.xml,Repair
Unknown class,China_Drone,China_Drone_000524.xml,Repair
Unknown class,China_Drone,China_Drone_000524.xml,Repair
Unknown class,China_Drone,China_Drone_000524.xml,Repair
Unknown class,China_Drone,China_Drone_000527.xml,Repair
Unknown class,China_Drone,China_Drone_000528.xml,Repair
Unknown class,China_Drone,China_Drone_000533.xml,Repair
Unknown class,China_Drone,China_Drone_000534.xml,Repair
Unknown class,China_Drone,China_Drone_000536.xml,Repair
Unknown class,China_Drone,China_Drone_000538.xml,Repair
Unknown class,China_Drone,China_Drone_000549.xml,Repair
Unknown class,China_Drone,China_Drone_000549.xml,Repair
Unknown class,China_Drone,China_Drone_000556.xml,Repair
Unknown class,China_Drone,China_Drone_000557.xml,Repair
Unknown class,China_Drone,China_Drone_000560.xml,Repair
Unknown class,China_Drone,China_Drone_000564.xml,Repair
Unknown class,China_Drone,China_Drone_000564.xml,Repair
Unknown class,China_Drone,China_Drone_000565.xml,Repair
Unknown class,China_Drone,China_Drone_000572.xml,Repair
Unknown class,China_Drone,China_Drone_000579.xml,Repair
Unknown class,China_Drone,China_Drone_000579.xml,Repair
Unknown class,China_Drone,China_Drone_000587.xml,Repair
Unknown class,China_Drone,China_Drone_000593.xml,Repair
Unknown class,China_Drone,China_Drone_000597.xml,Repair
Unknown class,China_Drone,China_Drone_000598.xml,Repair
Unknown class,China_Drone,China_Drone_000603.xml,Repair
Unknown class,China_Drone,China_Drone_000608.xml,Repair
Unknown class,China_Drone,China_Drone_000610.xml,Repair
Unknown class,China_Drone,China_Drone_000627.xml,Repair
Unknown class,China_Drone,China_Drone_000629.xml,Repair
Unknown class,China_Drone,China_Drone_000635.xml,Repair
Unknown class,China_Drone,China_Drone_000638.xml,Repair
Unknown class,China_Drone,China_Drone_000638.xml,Repair
Unknown class,China_Drone,China_Drone_000638.xml,Repair
Unknown class,China_Drone,China_Drone_000639.xml,Repair
Unknown class,China_Drone,China_Drone_000641.xml,Repair
Unknown class,China_Drone,China_Drone_000642.xml,Repair
Unknown class,China_Drone,China_Drone_000642.xml,Repair
Unknown class,China_Drone,China_Drone_000643.xml,Repair
Unknown class,China_Drone,China_Drone_000658.xml,Repair
Unknown class,China_Drone,China_Drone_000658.xml,Repair
Unknown class,China_Drone,China_Drone_000666.xml,Repair
Unknown class,China_Drone,China_Drone_000666.xml,Repair
Unknown class,China_Drone,China_Drone_000667.xml,Repair
Unknown class,China_Drone,China_Drone_000678.xml,Repair
Unknown class,China_Drone,China_Drone_000680.xml,Repair
Unknown class,China_Drone,China_Drone_000684.xml,Repair
Unknown class,China_Drone,China_Drone_000685.xml,Repair
Unknown class,China_Drone,China_Drone_000695.xml,Repair
Unknown class,China_Drone,China_Drone_000697.xml,Repair
Unknown class,China_Drone,China_Drone_000699.xml,Repair
Unknown class,China_Drone,China_Drone_000701.xml,Repair
Unknown class,China_Drone,China_Drone_000701.xml,Repair
Unknown class,China_Drone,China_Drone_000709.xml,Repair
Unknown class,China_Drone,China_Drone_000709.xml,Repair
Unknown class,China_Drone,China_Drone_000709.xml,Repair
Unknown class,China_Drone,China_Drone_000710.xml,Repair
Unknown class,China_Drone,China_Drone_000718.xml,Repair
Unknown class,China_Drone,China_Drone_000720.xml,Repair
Unknown class,China_Drone,China_Drone_000720.xml,Repair
Unknown class,China_Drone,China_Drone_000722.xml,Repair
Unknown class,China_Drone,China_Drone_000723.xml,Repair
Unknown class,China_Drone,China_Drone_000725.xml,Repair
Unknown class,China_Drone,China_Drone_000725.xml,Repair
Unknown class,China_Drone,China_Drone_000727.xml,Repair
Unknown class,China_Drone,China_Drone_000727.xml,Repair
Unknown class,China_Drone,China_Drone_000736.xml,Repair
Unknown class,China_Drone,China_Drone_000736.xml,Repair
Unknown class,China_Drone,China_Drone_000739.xml,Repair
Unknown class,China_Drone,China_Drone_000740.xml,Repair
Unknown class,China_Drone,China_Drone_000760.xml,Repair
Unknown class,China_Drone,China_Drone_000762.xml,Repair
Unknown class,China_Drone,China_Drone_000764.xml,Repair
Unknown class,China_Drone,China_Drone_000765.xml,Repair
Unknown class,China_Drone,China_Drone_000766.xml,Repair
Unknown class,China_Drone,China_Drone_000770.xml,Repair
Unknown class,China_Drone,China_Drone_000770.xml,Repair
Unknown class,China_Drone,China_Drone_000774.xml,Repair
Unknown class,China_Drone,China_Drone_000776.xml,Repair
Unknown class,China_Drone,China_Drone_000777.xml,Repair
Unknown class,China_Drone,China_Drone_000779.xml,Repair
Unknown class,China_Drone,China_Drone_000780.xml,Repair
Unknown class,China_Drone,China_Drone_000780.xml,Repair
Unknown class,China_Drone,China_Drone_000786.xml,Repair
Unknown class,China_Drone,China_Drone_000788.xml,Repair
Unknown class,China_Drone,China_Drone_000789.xml,Repair
Unknown class,China_Drone,China_Drone_000789.xml,Repair
Unknown class,China_Drone,China_Drone_000794.xml,Repair
Unknown class,China_Drone,China_Drone_000797.xml,Repair
Unknown class,China_Drone,China_Drone_000804.xml,Repair
Unknown class,China_Drone,China_Drone_000809.xml,Repair
Unknown class,China_Drone,China_Drone_000811.xml,Repair
Unknown class,China_Drone,China_Drone_000811.xml,Repair
Unknown class,China_Drone,China_Drone_000811.xml,Repair
Unknown class,China_Drone,China_Drone_000816.xml,Repair
Unknown class,China_Drone,China_Drone_000821.xml,Repair
Unknown class,China_Drone,China_Drone_000822.xml,Repair
Unknown class,China_Drone,China_Drone_000824.xml,Repair
Unknown class,China_Drone,China_Drone_000824.xml,Repair
Unknown class,China_Drone,China_Drone_000825.xml,Repair
Unknown class,China_Drone,China_Drone_000834.xml,Repair
Unknown class,China_Drone,China_Drone_000835.xml,Block crack
Unknown class,China_Drone,China_Drone_000841.xml,Repair
Unknown class,China_Drone,China_Drone_000842.xml,Repair
Unknown class,China_Drone,China_Drone_000845.xml,Repair
Unknown class,China_Drone,China_Drone_000849.xml,Repair
Unknown class,China_Drone,China_Drone_000849.xml,Repair
Unknown class,China_Drone,China_Drone_000854.xml,Repair
Unknown class,China_Drone,China_Drone_000855.xml,Repair
Unknown class,China_Drone,China_Drone_000855.xml,Repair
Unknown class,China_Drone,China_Drone_000856.xml,Repair
Unknown class,China_Drone,China_Drone_000858.xml,Repair
Unknown class,China_Drone,China_Drone_000859.xml,Repair
Unknown class,China_Drone,China_Drone_000859.xml,Repair
Unknown class,China_Drone,China_Drone_000862.xml,Repair
Unknown class,China_Drone,China_Drone_000868.xml,Repair
Unknown class,China_Drone,China_Drone_000872.xml,Repair
Unknown class,China_Drone,China_Drone_000873.xml,Repair
Unknown class,China_Drone,China_Drone_000873.xml,Repair
Unknown class,China_Drone,China_Drone_000879.xml,Repair
Unknown class,China_Drone,China_Drone_000880.xml,Repair
Unknown class,China_Drone,China_Drone_000885.xml,Repair
Unknown class,China_Drone,China_Drone_000886.xml,Repair
Unknown class,China_Drone,China_Drone_000887.xml,Repair
Unknown class,China_Drone,China_Drone_000895.xml,Repair
Unknown class,China_Drone,China_Drone_000895.xml,Repair
Unknown class,China_Drone,China_Drone_000895.xml,Repair
Unknown class,China_Drone,China_Drone_000896.xml,Repair
Unknown class,China_Drone,China_Drone_000898.xml,Repair
Unknown class,China_Drone,China_Drone_000899.xml,Repair
Unknown class,China_Drone,China_Drone_000900.xml,Repair
Unknown class,China_Drone,China_Drone_000902.xml,Repair
Unknown class,China_Drone,China_Drone_000912.xml,Repair
Unknown class,China_Drone,China_Drone_000912.xml,Repair
Unknown class,China_Drone,China_Drone_000913.xml,Repair
Unknown class,China_Drone,China_Drone_000916.xml,Repair
Unknown class,China_Drone,China_Drone_000920.xml,Repair
Unknown class,China_Drone,China_Drone_000921.xml,Repair
Unknown class,China_Drone,China_Drone_000923.xml,Repair
Unknown class,China_Drone,China_Drone_000924.xml,Repair
Unknown class,China_Drone,China_Drone_000926.xml,Repair
Unknown class,China_Drone,China_Drone_000927.xml,Repair
Unknown class,China_Drone,China_Drone_000927.xml,Repair
Unknown class,China_Drone,China_Drone_000929.xml,Repair
Unknown class,China_Drone,China_Drone_000936.xml,Repair
Unknown class,China_Drone,China_Drone_000939.xml,Repair
Unknown class,China_Drone,China_Drone_000942.xml,Repair
Unknown class,China_Drone,China_Drone_000942.xml,Repair
Unknown class,China_Drone,China_Drone_000952.xml,Repair
Unknown class,China_Drone,China_Drone_000953.xml,Repair
Unknown class,China_Drone,China_Drone_000953.xml,Repair
Unknown class,China_Drone,China_Drone_000959.xml,Repair
Unknown class,China_Drone,China_Drone_000960.xml,Repair
Unknown class,China_Drone,China_Drone_000962.xml,Repair
Unknown class,China_Drone,China_Drone_000967.xml,Repair
Unknown class,China_Drone,China_Drone_000967.xml,Repair
Unknown class,China_Drone,China_Drone_000967.xml,Repair
Unknown class,China_Drone,China_Drone_000967.xml,Repair
Unknown class,China_Drone,China_Drone_000971.xml,Repair
Unknown class,China_Drone,China_Drone_000974.xml,Repair
Unknown class,China_Drone,China_Drone_000974.xml,Repair
Unknown class,China_Drone,China_Drone_000976.xml,Repair
Unknown class,China_Drone,China_Drone_000996.xml,Repair
Unknown class,China_Drone,China_Drone_001002.xml,Repair
Unknown class,China_Drone,China_Drone_001002.xml,Repair
Unknown class,China_Drone,China_Drone_001003.xml,Repair
Unknown class,China_Drone,China_Drone_001008.xml,Repair
Unknown class,China_Drone,China_Drone_001013.xml,Repair
Unknown class,China_Drone,China_Drone_001024.xml,Repair
Unknown class,China_Drone,China_Drone_001041.xml,Repair
Unknown class,China_Drone,China_Drone_001042.xml,Repair
Unknown class,China_Drone,China_Drone_001042.xml,Repair
Unknown class,China_Drone,China_Drone_001042.xml,Repair
Unknown class,China_Drone,China_Drone_001042.xml,Repair
Unknown class,China_Drone,China_Drone_001047.xml,Repair
Unknown class,China_Drone,China_Drone_001056.xml,Repair
Unknown class,China_Drone,China_Drone_001056.xml,Repair
Unknown class,China_Drone,China_Drone_001062.xml,Repair
Unknown class,China_Drone,China_Drone_001062.xml,Repair
Unknown class,China_Drone,China_Drone_001063.xml,Repair
Unknown class,China_Drone,China_Drone_001073.xml,Repair
Unknown class,China_Drone,China_Drone_001080.xml,Repair
Unknown class,China_Drone,China_Drone_001087.xml,Repair
Unknown class,China_Drone,China_Drone_001088.xml,Repair
Unknown class,China_Drone,China_Drone_001097.xml,Repair
Unknown class,China_Drone,China_Drone_001101.xml,Repair
Unknown class,China_Drone,China_Drone_001107.xml,Repair
Unknown class,China_Drone,China_Drone_001110.xml,Repair
Unknown class,China_Drone,China_Drone_001111.xml,Repair
Unknown class,China_Drone,China_Drone_001112.xml,Repair
Unknown class,China_Drone,China_Drone_001121.xml,Repair
Unknown class,China_Drone,China_Drone_001121.xml,Repair
Unknown class,China_Drone,China_Drone_001137.xml,Repair
Unknown class,China_Drone,China_Drone_001139.xml,Repair
Unknown class,China_Drone,China_Drone_001145.xml,Repair
Unknown class,China_Drone,China_Drone_001146.xml,Repair
Unknown class,China_Drone,China_Drone_001147.xml,Repair
Unknown class,China_Drone,China_Drone_001160.xml,Repair
Unknown class,China_Drone,China_Drone_001170.xml,Repair
Unknown class,China_Drone,China_Drone_001170.xml,Repair
Unknown class,China_Drone,China_Drone_001174.xml,Repair
Unknown class,China_Drone,China_Drone_001175.xml,Repair
Unknown class,China_Drone,China_Drone_001178.xml,Repair
Unknown class,China_Drone,China_Drone_001179.xml,Repair
Unknown class,China_Drone,China_Drone_001179.xml,Repair
Unknown class,China_Drone,China_Drone_001180.xml,Repair
Unknown class,China_Drone,China_Drone_001187.xml,Repair
Unknown class,China_Drone,China_Drone_001203.xml,Repair
Unknown class,China_Drone,China_Drone_001203.xml,Repair
Unknown class,China_Drone,China_Drone_001205.xml,Repair
Unknown class,China_Drone,China_Drone_001207.xml,Repair
Unknown class,China_Drone,China_Drone_001214.xml,Repair
Unknown class,China_Drone,China_Drone_001220.xml,Repair
Unknown class,China_Drone,China_Drone_001221.xml,Repair
Unknown class,China_Drone,China_Drone_001230.xml,Repair
Unknown class,China_Drone,China_Drone_001236.xml,Repair
Unknown class,China_Drone,China_Drone_001241.xml,Repair
Unknown class,China_Drone,China_Drone_001241.xml,Repair
Unknown class,China_Drone,China_Drone_001243.xml,Repair
Unknown class,China_Drone,China_Drone_001249.xml,Repair
Unknown class,China_Drone,China_Drone_001251.xml,Repair
Unknown class,China_Drone,China_Drone_001255.xml,Repair
Unknown class,China_Drone,China_Drone_001256.xml,Repair
Unknown class,China_Drone,China_Drone_001258.xml,Repair
Unknown class,China_Drone,China_Drone_001261.xml,Repair
Unknown class,China_Drone,China_Drone_001262.xml,Repair
Unknown class,China_Drone,China_Drone_001262.xml,Repair
Unknown class,China_Drone,China_Drone_001262.xml,Repair
Unknown class,China_Drone,China_Drone_001262.xml,Repair
Unknown class,China_Drone,China_Drone_001274.xml,Repair
Unknown class,China_Drone,China_Drone_001274.xml,Repair
Unknown class,China_Drone,China_Drone_001276.xml,Repair
Unknown class,China_Drone,China_Drone_001282.xml,Repair
Unknown class,China_Drone,China_Drone_001282.xml,Repair
Unknown class,China_Drone,China_Drone_001282.xml,Repair
Unknown class,China_Drone,China_Drone_001284.xml,Repair
Unknown class,China_Drone,China_Drone_001284.xml,Repair
Unknown class,China_Drone,China_Drone_001284.xml,Repair
Unknown class,China_Drone,China_Drone_001286.xml,Repair
Unknown class,China_Drone,China_Drone_001288.xml,Repair
Unknown class,China_Drone,China_Drone_001288.xml,Repair
Unknown class,China_Drone,China_Drone_001288.xml,Repair
Unknown class,China_Drone,China_Drone_001288.xml,Repair
Unknown class,China_Drone,China_Drone_001289.xml,Repair
Unknown class,China_Drone,China_Drone_001289.xml,Repair
Unknown class,China_Drone,China_Drone_001289.xml,Repair
Unknown class,China_Drone,China_Drone_001293.xml,Repair
Unknown class,China_Drone,China_Drone_001295.xml,Repair
Unknown class,China_Drone,China_Drone_001297.xml,Repair
Unknown class,China_Drone,China_Drone_001300.xml,Repair
Unknown class,China_Drone,China_Drone_001300.xml,Repair
Unknown class,China_Drone,China_Drone_001301.xml,Repair
Unknown class,China_Drone,China_Drone_001301.xml,Repair
Unknown class,China_Drone,China_Drone_001304.xml,Repair
Unknown class,China_Drone,China_Drone_001304.xml,Repair
Unknown class,China_Drone,China_Drone_001305.xml,Repair
Unknown class,China_Drone,China_Drone_001308.xml,Repair
Unknown class,China_Drone,China_Drone_001308.xml,Repair
Unknown class,China_Drone,China_Drone_001308.xml,Repair
Unknown class,China_Drone,China_Drone_001308.xml,Repair
Unknown class,China_Drone,China_Drone_001310.xml,Repair
Unknown class,China_Drone,China_Drone_001315.xml,Repair
Unknown class,China_Drone,China_Drone_001318.xml,Repair
Unknown class,China_Drone,China_Drone_001318.xml,Repair
Unknown class,China_Drone,China_Drone_001319.xml,Repair
Unknown class,China_Drone,China_Drone_001320.xml,Repair
Unknown class,China_Drone,China_Drone_001323.xml,Repair
Unknown class,China_Drone,China_Drone_001326.xml,Repair
Unknown class,China_Drone,China_Drone_001328.xml,Repair
Unknown class,China_Drone,China_Drone_001328.xml,Repair
Unknown class,China_Drone,China_Drone_001335.xml,Repair
Unknown class,China_Drone,China_Drone_001338.xml,Repair
Unknown class,China_Drone,China_Drone_001338.xml,Repair
Unknown class,China_Drone,China_Drone_001338.xml,Repair
Unknown class,China_Drone,China_Drone_001346.xml,Repair
Unknown class,China_Drone,China_Drone_001347.xml,Repair
Unknown class,China_Drone,China_Drone_001350.xml,Repair
Unknown class,China_Drone,China_Drone_001350.xml,Repair
Unknown class,China_Drone,China_Drone_001353.xml,Repair
Unknown class,China_Drone,China_Drone_001359.xml,Repair
Unknown class,China_Drone,China_Drone_001360.xml,Repair
Unknown class,China_Drone,China_Drone_001361.xml,Repair
Unknown class,China_Drone,China_Drone_001369.xml,Repair
Unknown class,China_Drone,China_Drone_001371.xml,Repair
Unknown class,China_Drone,China_Drone_001372.xml,Repair
Unknown class,China_Drone,China_Drone_001373.xml,Repair
Unknown class,China_Drone,China_Drone_001375.xml,Repair
Unknown class,China_Drone,China_Drone_001378.xml,Repair
Unknown class,China_Drone,China_Drone_001387.xml,Repair
Unknown class,China_Drone,China_Drone_001389.xml,Repair
Unknown class,China_Drone,China_Drone_001402.xml,Repair
Unknown class,China_Drone,China_Drone_001403.xml,Repair
Unknown class,China_Drone,China_Drone_001409.xml,Repair
Unknown class,China_Drone,China_Drone_001409.xml,Repair
Unknown class,China_Drone,China_Drone_001409.xml,Repair
Unknown class,China_Drone,China_Drone_001411.xml,Repair
Unknown class,China_Drone,China_Drone_001411.xml,Repair
Unknown class,China_Drone,China_Drone_001413.xml,Repair
Unknown class,China_Drone,China_Drone_001422.xml,Repair
Unknown class,China_Drone,China_Drone_001423.xml,Repair
Unknown class,China_Drone,China_Drone_001426.xml,Repair
Unknown class,China_Drone,China_Drone_001426.xml,Repair
Unknown class,China_Drone,China_Drone_001428.xml,Repair
Unknown class,China_Drone,China_Drone_001431.xml,Repair
Unknown class,China_Drone,China_Drone_001432.xml,Repair
Unknown class,China_Drone,China_Drone_001434.xml,Repair
Unknown class,China_Drone,China_Drone_001435.xml,Repair
Unknown class,China_Drone,China_Drone_001438.xml,Repair
Unknown class,China_Drone,China_Drone_001449.xml,Repair
Unknown class,China_Drone,China_Drone_001457.xml,Repair
Unknown class,China_Drone,China_Drone_001457.xml,Repair
Unknown class,China_Drone,China_Drone_001458.xml,Repair
Unknown class,China_Drone,China_Drone_001459.xml,Repair
Unknown class,China_Drone,China_Drone_001461.xml,Repair
Unknown class,China_Drone,China_Drone_001470.xml,Repair
Unknown class,China_Drone,China_Drone_001474.xml,Repair
Unknown class,China_Drone,China_Drone_001475.xml,Repair
Unknown class,China_Drone,China_Drone_001481.xml,Repair
Unknown class,China_Drone,China_Drone_001485.xml,Block crack
Unknown class,China_Drone,China_Drone_001486.xml,Repair
Unknown class,China_Drone,China_Drone_001486.xml,Repair
Unknown class,China_Drone,China_Drone_001490.xml,Repair
Unknown class,China_Drone,China_Drone_001492.xml,Repair
Unknown class,China_Drone,China_Drone_001500.xml,Repair
Unknown class,China_Drone,China_Drone_001505.xml,Repair
Unknown class,China_Drone,China_Drone_001510.xml,Repair
Unknown class,China_Drone,China_Drone_001510.xml,Repair
Unknown class,China_Drone,China_Drone_001510.xml,Repair
Unknown class,China_Drone,China_Drone_001513.xml,Repair
Unknown class,China_Drone,China_Drone_001514.xml,Repair
Unknown class,China_Drone,China_Drone_001523.xml,Repair
Unknown class,China_Drone,China_Drone_001525.xml,Repair
Unknown class,China_Drone,China_Drone_001526.xml,Repair
Unknown class,China_Drone,China_Drone_001538.xml,Repair
Unknown class,China_Drone,China_Drone_001538.xml,Repair
Unknown class,China_Drone,China_Drone_001538.xml,Repair
Unknown class,China_Drone,China_Drone_001546.xml,Repair
Unknown class,China_Drone,China_Drone_001547.xml,Repair
Unknown class,China_Drone,China_Drone_001549.xml,Repair
Unknown class,China_Drone,China_Drone_001549.xml,Repair
Unknown class,China_Drone,China_Drone_001550.xml,Repair
Unknown class,China_Drone,China_Drone_001552.xml,Repair
Unknown class,China_Drone,China_Drone_001554.xml,Repair
Unknown class,China_Drone,China_Drone_001560.xml,Repair
Unknown class,China_Drone,China_Drone_001567.xml,Repair
Unknown class,China_Drone,China_Drone_001576.xml,Repair
Unknown class,China_Drone,China_Drone_001577.xml,Repair
Unknown class,China_Drone,China_Drone_001580.xml,Repair
Unknown class,China_Drone,China_Drone_001581.xml,Repair
Unknown class,China_Drone,China_Drone_001581.xml,Repair
Unknown class,China_Drone,China_Drone_001581.xml,Repair
Unknown class,China_Drone,China_Drone_001581.xml,Repair
Unknown class,China_Drone,China_Drone_001593.xml,Repair
Unknown class,China_Drone,China_Drone_001609.xml,Repair
Unknown class,China_Drone,China_Drone_001613.xml,Repair
Unknown class,China_Drone,China_Drone_001615.xml,Repair
Unknown class,China_Drone,China_Drone_001616.xml,Repair
Unknown class,China_Drone,China_Drone_001627.xml,Repair
Unknown class,China_Drone,China_Drone_001629.xml,Repair
Unknown class,China_Drone,China_Drone_001630.xml,Repair
Unknown class,China_Drone,China_Drone_001630.xml,Repair
Unknown class,China_Drone,China_Drone_001634.xml,Repair
Unknown class,China_Drone,China_Drone_001635.xml,Repair
Unknown class,China_Drone,China_Drone_001639.xml,Repair
Unknown class,China_Drone,China_Drone_001640.xml,Repair
Unknown class,China_Drone,China_Drone_001646.xml,Repair
Unknown class,China_Drone,China_Drone_001647.xml,Repair
Unknown class,China_Drone,China_Drone_001649.xml,Repair
Unknown class,China_Drone,China_Drone_001649.xml,Repair
Unknown class,China_Drone,China_Drone_001655.xml,Repair
Unknown class,China_Drone,China_Drone_001655.xml,Repair
Unknown class,China_Drone,China_Drone_001668.xml,Repair
Unknown class,China_Drone,China_Drone_001670.xml,Repair
Unknown class,China_Drone,China_Drone_001680.xml,Block crack
Unknown class,China_Drone,China_Drone_001680.xml,Repair
Unknown class,China_Drone,China_Drone_001689.xml,Repair
Unknown class,China_Drone,China_Drone_001689.xml,Repair
Unknown class,China_Drone,China_Drone_001691.xml,Repair
Unknown class,China_Drone,China_Drone_001691.xml,Repair
Unknown class,China_Drone,China_Drone_001691.xml,Repair
Unknown class,China_Drone,China_Drone_001694.xml,Repair
Unknown class,China_Drone,China_Drone_001696.xml,Repair
Unknown class,China_Drone,China_Drone_001703.xml,Repair
Unknown class,China_Drone,China_Drone_001705.xml,Repair
Unknown class,China_Drone,China_Drone_001707.xml,Repair
Unknown class,China_Drone,China_Drone_001711.xml,Repair
Unknown class,China_Drone,China_Drone_001711.xml,Repair
Unknown class,China_Drone,China_Drone_001716.xml,Repair
Unknown class,China_Drone,China_Drone_001716.xml,Repair
Unknown class,China_Drone,China_Drone_001716.xml,Repair
Unknown class,China_Drone,China_Drone_001718.xml,Repair
Unknown class,China_Drone,China_Drone_001724.xml,Repair
Unknown class,China_Drone,China_Drone_001728.xml,Repair
Unknown class,China_Drone,China_Drone_001733.xml,Repair
Unknown class,China_Drone,China_Drone_001736.xml,Repair
Unknown class,China_Drone,China_Drone_001740.xml,Repair
Unknown class,China_Drone,China_Drone_001749.xml,Repair
Unknown class,China_Drone,China_Drone_001752.xml,Repair
Unknown class,China_Drone,China_Drone_001754.xml,Repair
Unknown class,China_Drone,China_Drone_001756.xml,Repair
Unknown class,China_Drone,China_Drone_001771.xml,Repair
Unknown class,China_Drone,China_Drone_001784.xml,Repair
Unknown class,China_Drone,China_Drone_001785.xml,Repair
Unknown class,China_Drone,China_Drone_001786.xml,Repair
Unknown class,China_Drone,China_Drone_001790.xml,Repair
Unknown class,China_Drone,China_Drone_001791.xml,Repair
Unknown class,China_Drone,China_Drone_001792.xml,Repair
Unknown class,China_Drone,China_Drone_001794.xml,Repair
Unknown class,China_Drone,China_Drone_001794.xml,Repair
Unknown class,China_Drone,China_Drone_001794.xml,Repair
Unknown class,China_Drone,China_Drone_001796.xml,Repair
Unknown class,China_Drone,China_Drone_001798.xml,Repair
Unknown class,China_Drone,China_Drone_001799.xml,Repair
Unknown class,China_Drone,China_Drone_001801.xml,Repair
Unknown class,China_Drone,China_Drone_001804.xml,Repair
Unknown class,China_Drone,China_Drone_001804.xml,Repair
Unknown class,China_Drone,China_Drone_001808.xml,Repair
Unknown class,China_Drone,China_Drone_001812.xml,Repair
Unknown class,China_Drone,China_Drone_001815.xml,Repair
Unknown class,China_Drone,China_Drone_001815.xml,Repair
Unknown class,China_Drone,China_Drone_001815.xml,Repair
Unknown class,China_Drone,China_Drone_001815.xml,Repair
Unknown class,China_Drone,China_Drone_001818.xml,Repair
Unknown class,China_Drone,China_Drone_001828.xml,Repair
Unknown class,China_Drone,China_Drone_001841.xml,Repair
Unknown class,China_Drone,China_Drone_001841.xml,Repair
Unknown class,China_Drone,China_Drone_001843.xml,Repair
Unknown class,China_Drone,China_Drone_001849.xml,Repair
Unknown class,China_Drone,China_Drone_001850.xml,Repair
Unknown class,China_Drone,China_Drone_001854.xml,Repair
Unknown class,China_Drone,China_Drone_001857.xml,Repair
Unknown class,China_Drone,China_Drone_001861.xml,Repair
Unknown class,China_Drone,China_Drone_001861.xml,Repair
Unknown class,China_Drone,China_Drone_001861.xml,Repair
Unknown class,China_Drone,China_Drone_001864.xml,Repair
Unknown class,China_Drone,China_Drone_001866.xml,Repair
Unknown class,China_Drone,China_Drone_001866.xml,Repair
Unknown class,China_Drone,China_Drone_001869.xml,Repair
Unknown class,China_Drone,China_Drone_001876.xml,Repair
Unknown class,China_Drone,China_Drone_001876.xml,Repair
Unknown class,China_Drone,China_Drone_001877.xml,Repair
Unknown class,China_Drone,China_Drone_001879.xml,Repair
Unknown class,China_Drone,China_Drone_001882.xml,Repair
Unknown class,China_Drone,China_Drone_001882.xml,Repair
Unknown class,China_Drone,China_Drone_001882.xml,Repair
Unknown class,China_Drone,China_Drone_001883.xml,Repair
Unknown class,China_Drone,China_Drone_001887.xml,Repair
Unknown class,China_Drone,China_Drone_001890.xml,Repair
Unknown class,China_Drone,China_Drone_001890.xml,Repair
Unknown class,China_Drone,China_Drone_001901.xml,Repair
Unknown class,China_Drone,China_Drone_001902.xml,Repair
Unknown class,China_Drone,China_Drone_001904.xml,Repair
Unknown class,China_Drone,China_Drone_001909.xml,Repair
Unknown class,China_Drone,China_Drone_001909.xml,Repair
Unknown class,China_Drone,China_Drone_001914.xml,Repair
Unknown class,China_Drone,China_Drone_001914.xml,Repair
Unknown class,China_Drone,China_Drone_001914.xml,Repair
Unknown class,China_Drone,China_Drone_001914.xml,Repair
Unknown class,China_Drone,China_Drone_001924.xml,Repair
Unknown class,China_Drone,China_Drone_001924.xml,Repair
Unknown class,China_Drone,China_Drone_001925.xml,Repair
Unknown class,China_Drone,China_Drone_001927.xml,Repair
Unknown class,China_Drone,China_Drone_001929.xml,Repair
Unknown class,China_Drone,China_Drone_001934.xml,Repair
Unknown class,China_Drone,China_Drone_001937.xml,Repair
Unknown class,China_Drone,China_Drone_001945.xml,Repair
Unknown class,China_Drone,China_Drone_001945.xml,Repair
Unknown class,China_Drone,China_Drone_001948.xml,Repair
Unknown class,China_Drone,China_Drone_001949.xml,Repair
Unknown class,China_Drone,China_Drone_001955.xml,Repair
Unknown class,China_Drone,China_Drone_001957.xml,Repair
Unknown class,China_Drone,China_Drone_001958.xml,Repair
Unknown class,China_Drone,China_Drone_001959.xml,Repair
Unknown class,China_Drone,China_Drone_001959.xml,Repair
Unknown class,China_Drone,China_Drone_001968.xml,Repair
Unknown class,China_Drone,China_Drone_001968.xml,Repair
Unknown class,China_Drone,China_Drone_001976.xml,Repair
Unknown class,China_Drone,China_Drone_001983.xml,Repair
Unknown class,China_Drone,China_Drone_001984.xml,Repair
Unknown class,China_Drone,China_Drone_001985.xml,Repair
Unknown class,China_Drone,China_Drone_001988.xml,Repair
Unknown class,China_Drone,China_Drone_001992.xml,Repair
Unknown class,China_Drone,China_Drone_001992.xml,Repair
Unknown class,China_Drone,China_Drone_001996.xml,Repair
Unknown class,China_Drone,China_Drone_001996.xml,Repair
Unknown class,China_Drone,China_Drone_001999.xml,Repair
Unknown class,China_Drone,China_Drone_002000.xml,Repair
Unknown class,China_Drone,China_Drone_002001.xml,Repair
Unknown class,China_Drone,China_Drone_002011.xml,Repair
Unknown class,China_Drone,China_Drone_002011.xml,Repair
Unknown class,China_Drone,China_Drone_002014.xml,Repair
Unknown class,China_Drone,China_Drone_002014.xml,Repair
Unknown class,China_Drone,China_Drone_002018.xml,Repair
Unknown class,China_Drone,China_Drone_002019.xml,Repair
Unknown class,China_Drone,China_Drone_002020.xml,Repair
Unknown class,China_Drone,China_Drone_002022.xml,Repair
Unknown class,China_Drone,China_Drone_002023.xml,Repair
Unknown class,China_Drone,China_Drone_002025.xml,Repair
Unknown class,China_Drone,China_Drone_002027.xml,Repair
Unknown class,China_Drone,China_Drone_002027.xml,Repair
Unknown class,China_Drone,China_Drone_002045.xml,Repair
Unknown class,China_Drone,China_Drone_002048.xml,Repair
Unknown class,China_Drone,China_Drone_002048.xml,Repair
Unknown class,China_Drone,China_Drone_002048.xml,Repair
Unknown class,China_Drone,China_Drone_002049.xml,Repair
Unknown class,China_Drone,China_Drone_002049.xml,Repair
Unknown class,China_Drone,China_Drone_002050.xml,Repair
Unknown class,China_Drone,China_Drone_002050.xml,Repair
Unknown class,China_Drone,China_Drone_002052.xml,Repair
Unknown class,China_Drone,China_Drone_002052.xml,Repair
Unknown class,China_Drone,China_Drone_002053.xml,Repair
Unknown class,China_Drone,China_Drone_002055.xml,Repair
Unknown class,China_Drone,China_Drone_002060.xml,Repair
Unknown class,China_Drone,China_Drone_002063.xml,Repair
Unknown class,China_Drone,China_Drone_002066.xml,Repair
Unknown class,China_Drone,China_Drone_002068.xml,Repair
Unknown class,China_Drone,China_Drone_002084.xml,Repair
Unknown class,China_Drone,China_Drone_002084.xml,Repair
Unknown class,China_Drone,China_Drone_002087.xml,Repair
Unknown class,China_Drone,China_Drone_002090.xml,Repair
Unknown class,China_Drone,China_Drone_002090.xml,Repair
Unknown class,China_Drone,China_Drone_002094.xml,Repair
Unknown class,China_Drone,China_Drone_002094.xml,Repair
Unknown class,China_Drone,China_Drone_002096.xml,Repair
Unknown class,China_Drone,China_Drone_002097.xml,Repair
Unknown class,China_Drone,China_Drone_002097.xml,Repair
Unknown class,China_Drone,China_Drone_002100.xml,Repair
Unknown class,China_Drone,China_Drone_002100.xml,Repair
Unknown class,China_Drone,China_Drone_002101.xml,Repair
Unknown class,China_Drone,China_Drone_002101.xml,Repair
Unknown class,China_Drone,China_Drone_002105.xml,Repair
Unknown class,China_Drone,China_Drone_002106.xml,Repair
Unknown class,China_Drone,China_Drone_002110.xml,Repair
Unknown class,China_Drone,China_Drone_002110.xml,Repair
Unknown class,China_Drone,China_Drone_002113.xml,Repair
Unknown class,China_Drone,China_Drone_002118.xml,Repair
Unknown class,China_Drone,China_Drone_002118.xml,Repair
Unknown class,China_Drone,China_Drone_002123.xml,Repair
Unknown class,China_Drone,China_Drone_002123.xml,Repair
Unknown class,China_Drone,China_Drone_002129.xml,Repair
Unknown class,China_Drone,China_Drone_002131.xml,Repair
Unknown class,China_Drone,China_Drone_002131.xml,Repair
Unknown class,China_Drone,China_Drone_002131.xml,Repair
Unknown class,China_Drone,China_Drone_002131.xml,Repair
Unknown class,China_Drone,China_Drone_002134.xml,Repair
Unknown class,China_Drone,China_Drone_002135.xml,Repair
Unknown class,China_Drone,China_Drone_002135.xml,Repair
Unknown class,China_Drone,China_Drone_002136.xml,Repair
Unknown class,China_Drone,China_Drone_002145.xml,Repair
Unknown class,China_Drone,China_Drone_002147.xml,Repair
Unknown class,China_Drone,China_Drone_002163.xml,Repair
Unknown class,China_Drone,China_Drone_002166.xml,Repair
Unknown class,China_Drone,China_Drone_002168.xml,Repair
Unknown class,China_Drone,China_Drone_002172.xml,Repair
Unknown class,China_Drone,China_Drone_002172.xml,Repair
Unknown class,China_Drone,China_Drone_002180.xml,Repair
Unknown class,China_Drone,China_Drone_002181.xml,Repair
Unknown class,China_Drone,China_Drone_002185.xml,Repair
Unknown class,China_Drone,China_Drone_002186.xml,Repair
Unknown class,China_Drone,China_Drone_002191.xml,Repair
Unknown class,China_Drone,China_Drone_002194.xml,Repair
Unknown class,China_Drone,China_Drone_002196.xml,Repair
Unknown class,China_Drone,China_Drone_002202.xml,Repair
Unknown class,China_Drone,China_Drone_002214.xml,Repair
Unknown class,China_Drone,China_Drone_002214.xml,Repair
Unknown class,China_Drone,China_Drone_002217.xml,Repair
Unknown class,China_Drone,China_Drone_002219.xml,Repair
Unknown class,China_Drone,China_Drone_002219.xml,Repair
Unknown class,China_Drone,China_Drone_002231.xml,Repair
Unknown class,China_Drone,China_Drone_002232.xml,Repair
Unknown class,China_Drone,China_Drone_002237.xml,Repair
Unknown class,China_Drone,China_Drone_002237.xml,Repair
Unknown class,China_Drone,China_Drone_002239.xml,Repair
Unknown class,China_Drone,China_Drone_002242.xml,Repair
Unknown class,China_Drone,China_Drone_002246.xml,Repair
Unknown class,China_Drone,China_Drone_002248.xml,Repair
Unknown class,China_Drone,China_Drone_002254.xml,Repair
Unknown class,China_Drone,China_Drone_002256.xml,Repair
Unknown class,China_Drone,China_Drone_002257.xml,Repair
Unknown class,China_Drone,China_Drone_002260.xml,Repair
Unknown class,China_Drone,China_Drone_002261.xml,Repair
Unknown class,China_Drone,China_Drone_002271.xml,Repair
Unknown class,China_Drone,China_Drone_002271.xml,Repair
Unknown class,China_Drone,China_Drone_002273.xml,Repair
Unknown class,China_Drone,China_Drone_002278.xml,Repair
Unknown class,China_Drone,China_Drone_002287.xml,Repair
Unknown class,China_Drone,China_Drone_002296.xml,Repair
Unknown class,China_Drone,China_Drone_002299.xml,Repair
Unknown class,China_Drone,China_Drone_002300.xml,Repair
Unknown class,China_Drone,China_Drone_002300.xml,Repair
Unknown class,China_Drone,China_Drone_002302.xml,Repair
Unknown class,China_Drone,China_Drone_002303.xml,Repair
Unknown class,China_Drone,China_Drone_002303.xml,Repair
Unknown class,China_Drone,China_Drone_002310.xml,Repair
Unknown class,China_Drone,China_Drone_002313.xml,Repair
Unknown class,China_Drone,China_Drone_002314.xml,Repair
Unknown class,China_Drone,China_Drone_002321.xml,Repair
Unknown class,China_Drone,China_Drone_002324.xml,Repair
Unknown class,China_Drone,China_Drone_002325.xml,Repair
Unknown class,China_Drone,China_Drone_002326.xml,Repair
Unknown class,China_Drone,China_Drone_002330.xml,Repair
Unknown class,China_Drone,China_Drone_002336.xml,Repair
Unknown class,China_Drone,China_Drone_002338.xml,Repair
Unknown class,China_Drone,China_Drone_002343.xml,Repair
Unknown class,China_Drone,China_Drone_002351.xml,Repair
Unknown class,China_Drone,China_Drone_002353.xml,Repair
Unknown class,China_Drone,China_Drone_002353.xml,Repair
Unknown class,China_Drone,China_Drone_002364.xml,Repair
Unknown class,China_Drone,China_Drone_002376.xml,Repair
Unknown class,China_Drone,China_Drone_002379.xml,Repair
Unknown class,China_Drone,China_Drone_002388.xml,Repair
Unknown class,China_Drone,China_Drone_002389.xml,Repair
Unknown class,China_Drone,China_Drone_002392.xml,Repair
Unknown class,China_Drone,China_Drone_002392.xml,Repair
Unknown class,China_Drone,China_Drone_002393.xml,Repair
Unknown class,China_MotorBike,China_MotorBike_000000.xml,Repair
Unknown class,China_MotorBike,China_MotorBike_000004.xml,Repair
Unknown class,China_MotorBike,China_MotorBike_000007.xml,Repair
Unknown class,China_MotorBike,China_MotorBike_000015.xml,Repair
Unknown class,China_MotorBike,China_MotorBike_000025.xml,Repair
Unknown class,China_MotorBike,China_MotorBike_000025.xml,Repair
Unknown class,China_MotorBike,China_MotorBike_000025.xml,Repair
Unknown class,China_MotorBike,China_MotorBike_000040.xml,Repair
Unknown class,China_MotorBike,China_MotorBike_000051.xml,Repair
Unknown class,China_MotorBike,China_MotorBike_000051.xml,Repair
Unknown class,China_MotorBike,China_MotorBike_000064.xml,Repair
Unknown class,China_MotorBike,China_MotorBike_000070.xml,Repair
Unknown class,China_MotorBike,China_MotorBike_000071.xml,Repair
Unknown class,China_MotorBike,China_MotorBike_000073.xml,Repair
Unknown class,China_MotorBike,China_MotorBike_000078.xml,Repair
Unknown class,China_MotorBike,China_MotorBike_000091.xml,Repair
Unknown class,China_MotorBike,China_MotorBike_000107.xml,Repair
Unknown class,China_MotorBike,China_MotorBike_000109.xml,Repair
Unknown class,China_MotorBike,China_MotorBike_000127.xml,Repair
Unknown class,China_MotorBike,China_MotorBike_000132.xml,Repair
Unknown class,China_MotorBike,China_MotorBike_000138.xml,Repair
Unknown class,China_MotorBike,China_MotorBike_000142.xml,Repair
Unknown class,China_MotorBike,China_MotorBike_000151.xml,Repair
Unknown class,China_MotorBike,China_MotorBike_000183.xml,Repair
Unknown class,China_MotorBike,China_MotorBike_000188.xml,Repair
Unknown class,China_MotorBike,China_MotorBike_000190.xml,Repair
Unknown class,China_MotorBike,China_MotorBike_000195.xml,Repair
Unknown class,China_MotorBike,China_MotorBike_000199.xml,Repair
Unknown class,China_MotorBike,China_MotorBike_000203.xml,Repair
Unknown class,China_MotorBike,China_MotorBike_000203.xml,Repair
Unknown class,China_MotorBike,China_MotorBike_000206.xml,Repair
Unknown class,China_MotorBike,China_MotorBike_000210.xml,Repair
Unknown class,China_MotorBike,China_MotorBike_000220.xml,Repair
Unknown class,China_MotorBike,China_MotorBike_000234.xml,Repair
Unknown class,China_MotorBike,China_MotorBike_000263.xml,Repair
Unknown class,China_MotorBike,China_MotorBike_000268.xml,Repair
Unknown class,China_MotorBike,China_MotorBike_000276.xml,Repair
Unknown class,China_MotorBike,China_MotorBike_000296.xml,Repair
Unknown class,China_MotorBike,China_MotorBike_000298.xml,Repair
Unknown class,China_MotorBike,China_MotorBike_000312.xml,Repair
Unknown class,China_MotorBike,China_MotorBike_000319.xml,Repair
Unknown class,China_MotorBike,China_MotorBike_000322.xml,Repair
Unknown class,China_MotorBike,China_MotorBike_000329.xml,Repair
Unknown class,China_MotorBike,China_MotorBike_000332.xml,Repair
Unknown class,China_MotorBike,China_MotorBike_000334.xml,Repair
Unknown class,China_MotorBike,China_MotorBike_000334.xml,Repair
Unknown class,China_MotorBike,China_MotorBike_000334.xml,Repair
Unknown class,China_MotorBike,China_MotorBike_000336.xml,Repair
Unknown class,China_MotorBike,China_MotorBike_000343.xml,Repair
Unknown class,China_MotorBike,China_MotorBike_000357.xml,Repair
Unknown class,China_MotorBike,China_MotorBike_000357.xml,Repair
Unknown class,China_MotorBike,China_MotorBike_000357.xml,Repair
Unknown class,China_MotorBike,China_MotorBike_000366.xml,Repair
Unknown class,China_MotorBike,China_MotorBike_000366.xml,Repair
Unknown class,China_MotorBike,China_MotorBike_000369.xml,Repair
Unknown class,China_MotorBike,China_MotorBike_000393.xml,Repair
Unknown class,China_MotorBike,China_MotorBike_000393.xml,Repair
Unknown class,China_MotorBike,China_MotorBike_000393.xml,Repair
Unknown class,China_MotorBike,China_MotorBike_000394.xml,Repair
Unknown class,China_MotorBike,China_MotorBike_000395.xml,Repair
Unknown class,China_MotorBike,China_MotorBike_000397.xml,Repair
Unknown class,China_MotorBike,China_MotorBike_000397.xml,Repair
Unknown class,China_MotorBike,China_MotorBike_000402.xml,Repair
Unknown class,China_MotorBike,China_MotorBike_000405.xml,Repair
Unknown class,China_MotorBike,China_MotorBike_000406.xml,Repair
Unknown class,China_MotorBike,China_MotorBike_000412.xml,Repair
Unknown class,China_MotorBike,China_MotorBike_000419.xml,Repair
Unknown class,China_MotorBike,China_MotorBike_000422.xml,Repair
Unknown class,China_MotorBike,China_MotorBike_000422.xml,Repair
Unknown class,China_MotorBike,China_MotorBike_000422.xml,Repair
Unknown class,China_MotorBike,China_MotorBike_000434.xml,Repair
Unknown class,China_MotorBike,China_MotorBike_000442.xml,Repair
Unknown class,China_MotorBike,China_MotorBike_000442.xml,Repair
Unknown class,China_MotorBike,China_MotorBike_000448.xml,Repair
Unknown class,China_MotorBike,China_MotorBike_000469.xml,Repair
Unknown class,China_MotorBike,China_MotorBike_000473.xml,Repair
Unknown class,China_MotorBike,China_MotorBike_000495.xml,Repair
Unknown class,China_MotorBike,China_MotorBike_000504.xml,Repair
Unknown class,China_MotorBike,China_MotorBike_000524.xml,Repair
Unknown class,China_MotorBike,China_MotorBike_000542.xml,Repair
Unknown class,China_MotorBike,China_MotorBike_000553.xml,Repair
Unknown class,China_MotorBike,China_MotorBike_000563.xml,Repair
Unknown class,China_MotorBike,China_MotorBike_000567.xml,Repair
Unknown class,China_MotorBike,China_MotorBike_000579.xml,Repair
Unknown class,China_MotorBike,China_MotorBike_000582.xml,Repair
Unknown class,China_MotorBike,China_MotorBike_000584.xml,Repair
Unknown class,China_MotorBike,China_MotorBike_000619.xml,Repair
Unknown class,China_MotorBike,China_MotorBike_000629.xml,Repair
Unknown class,China_MotorBike,China_MotorBike_000645.xml,Repair
Unknown class,China_MotorBike,China_MotorBike_000645.xml,Repair
Unknown class,China_MotorBike,China_MotorBike_000645.xml,Repair
Unknown class,China_MotorBike,China_MotorBike_000647.xml,Repair
Unknown class,China_MotorBike,China_MotorBike_000647.xml,Repair
Unknown class,China_MotorBike,China_MotorBike_000648.xml,Repair
Unknown class,China_MotorBike,China_MotorBike_000691.xml,Repair
Unknown class,China_MotorBike,China_MotorBike_000707.xml,Repair
Unknown class,China_MotorBike,China_MotorBike_000736.xml,Repair
Unknown class,China_MotorBike,China_MotorBike_000755.xml,Repair
Unknown class,China_MotorBike,China_MotorBike_000783.xml,Repair
Unknown class,China_MotorBike,China_MotorBike_000790.xml,Repair
Unknown class,China_MotorBike,China_MotorBike_000801.xml,Repair
Unknown class,China_MotorBike,China_MotorBike_000815.xml,Repair
Unknown class,China_MotorBike,China_MotorBike_000819.xml,Repair
Unknown class,China_MotorBike,China_MotorBike_000819.xml,Repair
Unknown class,China_MotorBike,China_MotorBike_000819.xml,Repair
Unknown class,China_MotorBike,China_MotorBike_000834.xml,Repair
Unknown class,China_MotorBike,China_MotorBike_000856.xml,Repair
Unknown class,China_MotorBike,China_MotorBike_000863.xml,Repair
Unknown class,China_MotorBike,China_MotorBike_000882.xml,Repair
Unknown class,China_MotorBike,China_MotorBike_000899.xml,Repair
Unknown class,China_MotorBike,China_MotorBike_000902.xml,Repair
Unknown class,China_MotorBike,China_MotorBike_000905.xml,Repair
Unknown class,China_MotorBike,China_MotorBike_000920.xml,Repair
Unknown class,China_MotorBike,China_MotorBike_000923.xml,Repair
Unknown class,China_MotorBike,China_MotorBike_000931.xml,Repair
Unknown class,China_MotorBike,China_MotorBike_000931.xml,Repair
Unknown class,China_MotorBike,China_MotorBike_000936.xml,Repair
Unknown class,China_MotorBike,China_MotorBike_000951.xml,Repair
Unknown class,China_MotorBike,China_MotorBike_000954.xml,Repair
Unknown class,China_MotorBike,China_MotorBike_000957.xml,Repair
Unknown class,China_MotorBike,China_MotorBike_000971.xml,Repair
Unknown class,China_MotorBike,China_MotorBike_000976.xml,Repair
Unknown class,China_MotorBike,China_MotorBike_000983.xml,Repair
Unknown class,China_MotorBike,China_MotorBike_000990.xml,Repair
Unknown class,China_MotorBike,China_MotorBike_000998.xml,Repair
Unknown class,China_MotorBike,China_MotorBike_001001.xml,Repair
Unknown class,China_MotorBike,China_MotorBike_001001.xml,Repair
Unknown class,China_MotorBike,China_MotorBike_001016.xml,Repair
Unknown class,China_MotorBike,China_MotorBike_001033.xml,Repair
Unknown class,China_MotorBike,China_MotorBike_001038.xml,Repair
Unknown class,China_MotorBike,China_MotorBike_001040.xml,Repair
Unknown class,China_MotorBike,China_MotorBike_001041.xml,Repair
Unknown class,China_MotorBike,China_MotorBike_001043.xml,Repair
Unknown class,China_MotorBike,China_MotorBike_001043.xml,Repair
Unknown class,China_MotorBike,China_MotorBike_001044.xml,Repair
Unknown class,China_MotorBike,China_MotorBike_001047.xml,Repair
Unknown class,China_MotorBike,China_MotorBike_001050.xml,Repair
Unknown class,China_MotorBike,China_MotorBike_001059.xml,Repair
Unknown class,China_MotorBike,China_MotorBike_001061.xml,Repair
Unknown class,China_MotorBike,China_MotorBike_001067.xml,Repair
Unknown class,China_MotorBike,China_MotorBike_001067.xml,Repair
Unknown class,China_MotorBike,China_MotorBike_001068.xml,Repair
Unknown class,China_MotorBike,China_MotorBike_001073.xml,Repair
Unknown class,China_MotorBike,China_MotorBike_001075.xml,Repair
Unknown class,China_MotorBike,China_MotorBike_001077.xml,Repair
Unknown class,China_MotorBike,China_MotorBike_001090.xml,Repair
Unknown class,China_MotorBike,China_MotorBike_001096.xml,Repair
Unknown class,China_MotorBike,China_MotorBike_001096.xml,Repair
Unknown class,China_MotorBike,China_MotorBike_001107.xml,Repair
Unknown class,China_MotorBike,China_MotorBike_001108.xml,Repair
Unknown class,China_MotorBike,China_MotorBike_001120.xml,Repair
Unknown class,China_MotorBike,China_MotorBike_001126.xml,Repair
Unknown class,China_MotorBike,China_MotorBike_001139.xml,Repair
Unknown class,China_MotorBike,China_MotorBike_001152.xml,Repair
Unknown class,China_MotorBike,China_MotorBike_001204.xml,Repair
Unknown class,China_MotorBike,China_MotorBike_001223.xml,Repair
Unknown class,China_MotorBike,China_MotorBike_001231.xml,Repair
Unknown class,China_MotorBike,China_MotorBike_001233.xml,Repair
Unknown class,China_MotorBike,China_MotorBike_001233.xml,Repair
Unknown class,China_MotorBike,China_MotorBike_001233.xml,Repair
Unknown class,China_MotorBike,China_MotorBike_001241.xml,Repair
Unknown class,China_MotorBike,China_MotorBike_001246.xml,Repair
Unknown class,China_MotorBike,China_MotorBike_001257.xml,Repair
Unknown class,China_MotorBike,China_MotorBike_001259.xml,Repair
Unknown class,China_MotorBike,China_MotorBike_001281.xml,Repair
Unknown class,China_MotorBike,China_MotorBike_001281.xml,Repair
Unknown class,China_MotorBike,China_MotorBike_001311.xml,Repair
Unknown class,China_MotorBike,China_MotorBike_001317.xml,Repair
Unknown class,China_MotorBike,China_MotorBike_001340.xml,Repair
Unknown class,China_MotorBike,China_MotorBike_001346.xml,Repair
Unknown class,China_MotorBike,China_MotorBike_001346.xml,Repair
Unknown class,China_MotorBike,China_MotorBike_001352.xml,Repair
Unknown class,China_MotorBike,China_MotorBike_001372.xml,Repair
Unknown class,China_MotorBike,China_MotorBike_001372.xml,Repair
Unknown class,China_MotorBike,China_MotorBike_001385.xml,Repair
Unknown class,China_MotorBike,China_MotorBike_001394.xml,Repair
Unknown class,China_MotorBike,China_MotorBike_001395.xml,Repair
Unknown class,China_MotorBike,China_MotorBike_001395.xml,Repair
Unknown class,China_MotorBike,China_MotorBike_001400.xml,Repair
Unknown class,China_MotorBike,China_MotorBike_001419.xml,Repair
Unknown class,China_MotorBike,China_MotorBike_001422.xml,Repair
Unknown class,China_MotorBike,China_MotorBike_001424.xml,Repair
Unknown class,China_MotorBike,China_MotorBike_001424.xml,Repair
Unknown class,China_MotorBike,China_MotorBike_001436.xml,Repair
Unknown class,China_MotorBike,China_MotorBike_001441.xml,Repair
Unknown class,China_MotorBike,China_MotorBike_001441.xml,Repair
Unknown class,China_MotorBike,China_MotorBike_001441.xml,Repair
Unknown class,China_MotorBike,China_MotorBike_001459.xml,Repair
Unknown class,China_MotorBike,China_MotorBike_001459.xml,Repair
Unknown class,China_MotorBike,China_MotorBike_001459.xml,Repair
Unknown class,China_MotorBike,China_MotorBike_001460.xml,Repair
Unknown class,China_MotorBike,China_MotorBike_001466.xml,Repair
Unknown class,China_MotorBike,China_MotorBike_001468.xml,Repair
Unknown class,China_MotorBike,China_MotorBike_001470.xml,Repair
Unknown class,China_MotorBike,China_MotorBike_001479.xml,Repair
Unknown class,China_MotorBike,China_MotorBike_001491.xml,Repair
Unknown class,China_MotorBike,China_MotorBike_001496.xml,Repair
Unknown class,China_MotorBike,China_MotorBike_001497.xml,Repair
Unknown class,China_MotorBike,China_MotorBike_001506.xml,Repair
Unknown class,China_MotorBike,China_MotorBike_001506.xml,Repair
Unknown class,China_MotorBike,China_MotorBike_001511.xml,Repair
Unknown class,China_MotorBike,China_MotorBike_001513.xml,Repair
Unknown class,China_MotorBike,China_MotorBike_001513.xml,Repair
Unknown class,China_MotorBike,China_MotorBike_001513.xml,Repair
Unknown class,China_MotorBike,China_MotorBike_001521.xml,Repair
Unknown class,China_MotorBike,China_MotorBike_001521.xml,Repair
Unknown class,China_MotorBike,China_MotorBike_001521.xml,Repair
Unknown class,China_MotorBike,China_MotorBike_001532.xml,Repair
Unknown class,China_MotorBike,China_MotorBike_001533.xml,Repair
Unknown class,China_MotorBike,China_MotorBike_001535.xml,Repair
Unknown class,China_MotorBike,China_MotorBike_001537.xml,Repair
Unknown class,China_MotorBike,China_MotorBike_001546.xml,Repair
Unknown class,China_MotorBike,China_MotorBike_001550.xml,Repair
Unknown class,China_MotorBike,China_MotorBike_001555.xml,Repair
Unknown class,China_MotorBike,China_MotorBike_001563.xml,Repair
Unknown class,China_MotorBike,China_MotorBike_001563.xml,Repair
Unknown class,China_MotorBike,China_MotorBike_001571.xml,Repair
Unknown class,China_MotorBike,China_MotorBike_001572.xml,Repair
Unknown class,China_MotorBike,China_MotorBike_001572.xml,Repair
Unknown class,China_MotorBike,China_MotorBike_001572.xml,Repair
Unknown class,China_MotorBike,China_MotorBike_001587.xml,Repair
Unknown class,China_MotorBike,China_MotorBike_001607.xml,Repair
Unknown class,China_MotorBike,China_MotorBike_001610.xml,Repair
Unknown class,China_MotorBike,China_MotorBike_001611.xml,Repair
Unknown class,China_MotorBike,China_MotorBike_001628.xml,Repair
Unknown class,China_MotorBike,China_MotorBike_001631.xml,Repair
Unknown class,China_MotorBike,China_MotorBike_001633.xml,Repair
Unknown class,China_MotorBike,China_MotorBike_001635.xml,Repair
Unknown class,China_MotorBike,China_MotorBike_001644.xml,Repair
Unknown class,China_MotorBike,China_MotorBike_001654.xml,Repair
Unknown class,China_MotorBike,China_MotorBike_001655.xml,Repair
Unknown class,China_MotorBike,China_MotorBike_001656.xml,Repair
Unknown class,China_MotorBike,China_MotorBike_001662.xml,Repair
Unknown class,China_MotorBike,China_MotorBike_001665.xml,Repair
Unknown class,China_MotorBike,China_MotorBike_001684.xml,Repair
Unknown class,China_MotorBike,China_MotorBike_001684.xml,Repair
Unknown class,China_MotorBike,China_MotorBike_001690.xml,Repair
Unknown class,China_MotorBike,China_MotorBike_001704.xml,Repair
Unknown class,China_MotorBike,China_MotorBike_001709.xml,Repair
Unknown class,China_MotorBike,China_MotorBike_001709.xml,Repair
Unknown class,China_MotorBike,China_MotorBike_001709.xml,Repair
Unknown class,China_MotorBike,China_MotorBike_001723.xml,Repair
Unknown class,China_MotorBike,China_MotorBike_001735.xml,Repair
Unknown class,China_MotorBike,China_MotorBike_001737.xml,Repair
Unknown class,China_MotorBike,China_MotorBike_001737.xml,Repair
Unknown class,China_MotorBike,China_MotorBike_001737.xml,Repair
Unknown class,China_MotorBike,China_MotorBike_001739.xml,Repair
Unknown class,China_MotorBike,China_MotorBike_001739.xml,Repair
Unknown class,China_MotorBike,China_MotorBike_001739.xml,Repair
Unknown class,China_MotorBike,China_MotorBike_001740.xml,Repair
Unknown class,China_MotorBike,China_MotorBike_001747.xml,Repair
Unknown class,China_MotorBike,China_MotorBike_001765.xml,Repair
Unknown class,China_MotorBike,China_MotorBike_001815.xml,Repair
Unknown class,China_MotorBike,China_MotorBike_001822.xml,Repair
Unknown class,China_MotorBike,China_MotorBike_001834.xml,Repair
Unknown class,China_MotorBike,China_MotorBike_001834.xml,Repair
Unknown class,China_MotorBike,China_MotorBike_001842.xml,Repair
Unknown class,China_MotorBike,China_MotorBike_001844.xml,Repair
Unknown class,China_MotorBike,China_MotorBike_001853.xml,Repair
Unknown class,China_MotorBike,China_MotorBike_001860.xml,Repair
Unknown class,China_MotorBike,China_MotorBike_001885.xml,Repair
Unknown class,China_MotorBike,China_MotorBike_001887.xml,Repair
Unknown class,China_MotorBike,China_MotorBike_001887.xml,Repair
Unknown class,China_MotorBike,China_MotorBike_001888.xml,Repair
Unknown class,China_MotorBike,China_MotorBike_001905.xml,Repair
Unknown class,China_MotorBike,China_MotorBike_001906.xml,Repair
Unknown class,China_MotorBike,China_MotorBike_001909.xml,Repair
Unknown class,China_MotorBike,China_MotorBike_001910.xml,Repair
Unknown class,China_MotorBike,China_MotorBike_001911.xml,Repair
Unknown class,China_MotorBike,China_MotorBike_001913.xml,Repair
Unknown class,China_MotorBike,China_MotorBike_001915.xml,Repair
Unknown class,China_MotorBike,China_MotorBike_001917.xml,Repair
Unknown class,China_MotorBike,China_MotorBike_001959.xml,Repair
Unknown class,China_MotorBike,China_MotorBike_001959.xml,Repair
Unknown class,China_MotorBike,China_MotorBike_001964.xml,Repair
Unknown class,China_MotorBike,China_MotorBike_001965.xml,Repair
Unknown class,China_MotorBike,China_MotorBike_001974.xml,Repair
Unknown class,India,India_000010.xml,D44
Unknown class,India,India_000014.xml,D44
Unknown class,India,India_000017.xml,D44
Unknown class,India,India_000032.xml,D44
Unknown class,India,India_000032.xml,D44
Unknown class,India,India_000038.xml,D01
Unknown class,India,India_000055.xml,D01
Unknown class,India,India_000055.xml,D11
Unknown class,India,India_000076.xml,D44
Unknown class,India,India_000078.xml,D11
Unknown class,India,India_000078.xml,D11
Unknown class,India,India_000078.xml,D11
Unknown class,India,India_000088.xml,D44
Unknown class,India,India_000092.xml,D44
Unknown class,India,India_000093.xml,D44
Unknown class,India,India_000099.xml,D44
Unknown class,India,India_000128.xml,D44
Unknown class,India,India_000128.xml,D44
Unknown class,India,India_000128.xml,D50
Unknown class,India,India_000130.xml,D44
Unknown class,India,India_000142.xml,D44
Unknown class,India,India_000142.xml,D43
Unknown class,India,India_000145.xml,D11
Unknown class,India,India_000145.xml,D01
Unknown class,India,India_000145.xml,D01
Unknown class,India,India_000146.xml,D44
Unknown class,India,India_000163.xml,D43
Unknown class,India,India_000164.xml,D43
Unknown class,India,India_000182.xml,D44
Unknown class,India,India_000189.xml,D43
Unknown class,India,India_000191.xml,D44
Unknown class,India,India_000201.xml,D44
Unknown class,India,India_000203.xml,D44
Unknown class,India,India_000214.xml,D44
Unknown class,India,India_000222.xml,D44
Unknown class,India,India_000245.xml,D44
Unknown class,India,India_000256.xml,D44
Unknown class,India,India_000260.xml,D44
Unknown class,India,India_000268.xml,D50
Unknown class,India,India_000272.xml,D44
Unknown class,India,India_000272.xml,D43
Unknown class,India,India_000275.xml,D44
Unknown class,India,India_000283.xml,D44
Unknown class,India,India_000285.xml,D43
Unknown class,India,India_000285.xml,D44
Unknown class,India,India_000309.xml,D01
Unknown class,India,India_000319.xml,D01
Unknown class,India,India_000329.xml,D44
Unknown class,India,India_000335.xml,D44
Unknown class,India,India_000343.xml,D44
Unknown class,India,India_000348.xml,D44
Unknown class,India,India_000353.xml,D44
Unknown class,India,India_000358.xml,D50
Unknown class,India,India_000369.xml,D44
Unknown class,India,India_000371.xml,D44
Unknown class,India,India_000379.xml,D44
Unknown class,India,India_000391.xml,D44
Unknown class,India,India_000407.xml,D44
Unknown class,India,India_000407.xml,D44
Unknown class,India,India_000409.xml,D44
Unknown class,India,India_000410.xml,D44
Unknown class,India,India_000414.xml,D44
Unknown class,India,India_000421.xml,D44
Unknown class,India,India_000451.xml,D44
Unknown class,India,India_000453.xml,D01
Unknown class,India,India_000459.xml,D44
Unknown class,India,India_000467.xml,D44
Unknown class,India,India_000471.xml,D44
Unknown class,India,India_000477.xml,D44
Unknown class,India,India_000480.xml,D43
Unknown class,India,India_000492.xml,D44
Unknown class,India,India_000495.xml,D44
Unknown class,India,India_000522.xml,D44
Unknown class,India,India_000525.xml,D44
Unknown class,India,India_000534.xml,D44
Unknown class,India,India_000566.xml,D44
Unknown class,India,India_000570.xml,D44
Unknown class,India,India_000570.xml,D44
Unknown class,India,India_000578.xml,D01
Unknown class,India,India_000578.xml,D01
Unknown class,India,India_000580.xml,D44
Unknown class,India,India_000592.xml,D43
Unknown class,India,India_000605.xml,D44
Unknown class,India,India_000618.xml,D44
Unknown class,India,India_000622.xml,D43
Unknown class,India,India_000624.xml,D01
Unknown class,India,India_000638.xml,D44
Unknown class,India,India_000678.xml,D44
Unknown class,India,India_000681.xml,D44
Unknown class,India,India_000682.xml,D43
Unknown class,India,India_000709.xml,D44
Unknown class,India,India_000711.xml,D44
Unknown class,India,India_000747.xml,D44
Unknown class,India,India_000748.xml,D01
Unknown class,India,India_000758.xml,D01
Unknown class,India,India_000759.xml,D44
Unknown class,India,India_000763.xml,D01
Unknown class,India,India_000772.xml,D44
Unknown class,India,India_000775.xml,D44
Unknown class,India,India_000775.xml,D44
Unknown class,India,India_000789.xml,D44
Unknown class,India,India_000798.xml,D44
Unknown class,India,India_000798.xml,D44
Unknown class,India,India_000812.xml,D44
Unknown class,India,India_000813.xml,D44
Unknown class,India,India_000815.xml,D44
Unknown class,India,India_000821.xml,D01
Unknown class,India,India_000830.xml,D44
Unknown class,India,India_000849.xml,D44
Unknown class,India,India_000850.xml,D44
Unknown class,India,India_000853.xml,D44
Unknown class,India,India_000857.xml,D01
Unknown class,India,India_000857.xml,D11
Unknown class,India,India_000865.xml,D44
Unknown class,India,India_000865.xml,D50
Unknown class,India,India_000870.xml,D44
Unknown class,India,India_000874.xml,D50
Unknown class,India,India_000874.xml,D44
Unknown class,India,India_000874.xml,D44
Unknown class,India,India_000879.xml,D44
Unknown class,India,India_000892.xml,D44
Unknown class,India,India_000892.xml,D44
Unknown class,India,India_000896.xml,D44
Unknown class,India,India_000917.xml,D44
Unknown class,India,India_000919.xml,D44
Unknown class,India,India_000928.xml,D44
Unknown class,India,India_000933.xml,D44
Unknown class,India,India_000933.xml,D44
Unknown class,India,India_000937.xml,D01
Unknown class,India,India_000969.xml,D44
Unknown class,India,India_000970.xml,D44
Unknown class,India,India_000973.xml,D44
Unknown class,India,India_000991.xml,D44
Unknown class,India,India_000993.xml,D44
Unknown class,India,India_001000.xml,D44
Unknown class,India,India_001040.xml,D44
Unknown class,India,India_001040.xml,D44
Unknown class,India,India_001050.xml,D43
Unknown class,India,India_001080.xml,D01
Unknown class,India,India_001084.xml,D44
Unknown class,India,India_001086.xml,D44
Unknown class,India,India_001093.xml,D44
Unknown class,India,India_001118.xml,D01
Unknown class,India,India_001146.xml,D01
Unknown class,India,India_001149.xml,D44
Unknown class,India,India_001155.xml,D01
Unknown class,India,India_001155.xml,D01
Unknown class,India,India_001173.xml,D44
Unknown class,India,India_001175.xml,D44
Unknown class,India,India_001188.xml,D44
Unknown class,India,India_001191.xml,D44
Unknown class,India,India_001201.xml,D44
Unknown class,India,India_001203.xml,D44
Unknown class,India,India_001221.xml,D44
Unknown class,India,India_001225.xml,D44
Unknown class,India,India_001228.xml,D44
Unknown class,India,India_001238.xml,D44
Unknown class,India,India_001272.xml,D44
Unknown class,India,India_001276.xml,D44
Unknown class,India,India_001282.xml,D11
Unknown class,India,India_001282.xml,D01
Unknown class,India,India_001308.xml,D44
Unknown class,India,India_001318.xml,D44
Unknown class,India,India_001321.xml,D44
Unknown class,India,India_001337.xml,D44
Unknown class,India,India_001364.xml,D44
Unknown class,India,India_001364.xml,D44
Unknown class,India,India_001368.xml,D44
Unknown class,India,India_001390.xml,D44
Unknown class,India,India_001405.xml,D44
Unknown class,India,India_001411.xml,D44
Unknown class,India,India_001411.xml,D44
Unknown class,India,India_001422.xml,D44
Unknown class,India,India_001432.xml,D44
Unknown class,India,India_001443.xml,D11
Unknown class,India,India_001443.xml,D01
Unknown class,India,India_001450.xml,D44
Unknown class,India,India_001451.xml,D44
Unknown class,India,India_001454.xml,D44
Unknown class,India,India_001475.xml,D44
Unknown class,India,India_001475.xml,D44
Unknown class,India,India_001475.xml,D44
Unknown class,India,India_001478.xml,D44
Unknown class,India,India_001528.xml,D44
Unknown class,India,India_001536.xml,D44
Unknown class,India,India_001536.xml,D44
Unknown class,India,India_001542.xml,D44
Unknown class,India,India_001542.xml,D44
Unknown class,India,India_001549.xml,D44
Unknown class,India,India_001555.xml,D44
Unknown class,India,India_001584.xml,D44
Unknown class,India,India_001584.xml,D44
Unknown class,India,India_001595.xml,D44
Unknown class,India,India_001599.xml,D44
Unknown class,India,India_001601.xml,D01
Unknown class,India,India_001623.xml,D44
Unknown class,India,India_001644.xml,D44
Unknown class,India,India_001678.xml,D44
Unknown class,India,India_001685.xml,D44
Unknown class,India,India_001692.xml,D44
Unknown class,India,India_001695.xml,D44
Unknown class,India,India_001700.xml,D44
Unknown class,India,India_001700.xml,D44
Unknown class,India,India_001702.xml,D44
Unknown class,India,India_001703.xml,D44
Unknown class,India,India_001709.xml,D44
Unknown class,India,India_001715.xml,D44
Unknown class,India,India_001748.xml,D43
Unknown class,India,India_001755.xml,D01
Unknown class,India,India_001755.xml,D11
Unknown class,India,India_001769.xml,D01
Unknown class,India,India_001769.xml,D01
Unknown class,India,India_001769.xml,D01
Unknown class,India,India_001769.xml,D01
Unknown class,India,India_001769.xml,D11
Unknown class,India,India_001769.xml,D11
Unknown class,India,India_001773.xml,D44
Unknown class,India,India_001794.xml,D50
Unknown class,India,India_001800.xml,D44
Unknown class,India,India_001800.xml,D44
Unknown class,India,India_001820.xml,D44
Unknown class,India,India_001822.xml,D44
Unknown class,India,India_001832.xml,D44
Unknown class,India,India_001842.xml,D44
Unknown class,India,India_001842.xml,D44
Unknown class,India,India_001844.xml,D44
Unknown class,India,India_001861.xml,D44
Unknown class,India,India_001868.xml,D44
Unknown class,India,India_001868.xml,D44
Unknown class,India,India_001869.xml,D43
Unknown class,India,India_001870.xml,D01
Unknown class,India,India_001870.xml,D01
Unknown class,India,India_001881.xml,D44
Unknown class,India,India_001890.xml,D44
Unknown class,India,India_001893.xml,D44
Unknown class,India,India_001893.xml,D44
Unknown class,India,India_001910.xml,D01
Unknown class,India,India_001910.xml,D01
Unknown class,India,India_001910.xml,D11
Unknown class,India,India_001911.xml,D44
Unknown class,India,India_001911.xml,D44
Unknown class,India,India_001911.xml,D01
Unknown class,India,India_001912.xml,D44
Unknown class,India,India_001915.xml,D44
Unknown class,India,India_001936.xml,D50
Unknown class,India,India_001952.xml,D44
Unknown class,India,India_001960.xml,D43
Unknown class,India,India_001971.xml,D44
Unknown class,India,India_001971.xml,D44
Unknown class,India,India_001971.xml,D44
Unknown class,India,India_001980.xml,D44
Unknown class,India,India_001986.xml,D44
Unknown class,India,India_001993.xml,D44
Unknown class,India,India_002004.xml,D01
Unknown class,India,India_002004.xml,D11
Unknown class,India,India_002017.xml,D44
Unknown class,India,India_002018.xml,D44
Unknown class,India,India_002018.xml,D44
Unknown class,India,India_002031.xml,D44
Unknown class,India,India_002040.xml,D44
Unknown class,India,India_002040.xml,D44
Unknown class,India,India_002061.xml,D44
Unknown class,India,India_002061.xml,D44
Unknown class,India,India_002065.xml,D44
Unknown class,India,India_002067.xml,D44
Unknown class,India,India_002068.xml,D43
Unknown class,India,India_002071.xml,D44
Unknown class,India,India_002078.xml,D44
Unknown class,India,India_002087.xml,D44
Unknown class,India,India_002098.xml,D44
Unknown class,India,India_002098.xml,D44
Unknown class,India,India_002099.xml,D44
Unknown class,India,India_002113.xml,D43
Unknown class,India,India_002115.xml,D44
Unknown class,India,India_002115.xml,D44
Unknown class,India,India_002134.xml,D44
Unknown class,India,India_002149.xml,D44
Unknown class,India,India_002149.xml,D44
Unknown class,India,India_002149.xml,D44
Unknown class,India,India_002152.xml,D44
Unknown class,India,India_002162.xml,D44
Unknown class,India,India_002177.xml,D44
Unknown class,India,India_002177.xml,D44
Unknown class,India,India_002191.xml,D44
Unknown class,India,India_002210.xml,D44
Unknown class,India,India_002211.xml,D01
Unknown class,India,India_002211.xml,D01
Unknown class,India,India_002242.xml,D44
Unknown class,India,India_002268.xml,D44
Unknown class,India,India_002285.xml,D50
Unknown class,India,India_002286.xml,D44
Unknown class,India,India_002293.xml,D44
Unknown class,India,India_002307.xml,D44
Unknown class,India,India_002322.xml,D44
Unknown class,India,India_002322.xml,D44
Unknown class,India,India_002369.xml,D44
Unknown class,India,India_002378.xml,D44
Unknown class,India,India_002379.xml,D44
Unknown class,India,India_002384.xml,D44
Unknown class,India,India_002384.xml,D44
Unknown class,India,India_002392.xml,D44
Unknown class,India,India_002396.xml,D01
Unknown class,India,India_002396.xml,D01
Unknown class,India,India_002396.xml,D01
Unknown class,India,India_002396.xml,D01
Unknown class,India,India_002396.xml,D11
Unknown class,India,India_002396.xml,D01
Unknown class,India,India_002396.xml,D01
Unknown class,India,India_002409.xml,D44
Unknown class,India,India_002455.xml,D44
Unknown class,India,India_002464.xml,D44
Unknown class,India,India_002464.xml,D44
Unknown class,India,India_002472.xml,D44
Unknown class,India,India_002492.xml,D44
Unknown class,India,India_002493.xml,D44
Unknown class,India,India_002493.xml,D44
Unknown class,India,India_002498.xml,D44
Unknown class,India,India_002521.xml,D44
Unknown class,India,India_002521.xml,D44
Unknown class,India,India_002521.xml,D01
Unknown class,India,India_002521.xml,D01
Unknown class,India,India_002573.xml,D44
Unknown class,India,India_002578.xml,D44
Unknown class,India,India_002578.xml,D44
Unknown class,India,India_002588.xml,D01
Unknown class,India,India_002589.xml,D44
Unknown class,India,India_002589.xml,D44
Unknown class,India,India_002590.xml,D44
Unknown class,India,India_002596.xml,D44
Unknown class,India,India_002618.xml,D44
Unknown class,India,India_002619.xml,D44
Unknown class,India,India_002620.xml,D44
Unknown class,India,India_002647.xml,D44
Unknown class,India,India_002655.xml,D44
Unknown class,India,India_002662.xml,D44
Unknown class,India,India_002666.xml,D43
Unknown class,India,India_002686.xml,D44
Unknown class,India,India_002686.xml,D44
Unknown class,India,India_002697.xml,D43
Unknown class,India,India_002749.xml,D44
Unknown class,India,India_002751.xml,D44
Unknown class,India,India_002752.xml,D44
Unknown class,India,India_002780.xml,D44
Unknown class,India,India_002780.xml,D44
Unknown class,India,India_002780.xml,D44
Unknown class,India,India_002782.xml,D44
Unknown class,India,India_002787.xml,D44
Unknown class,India,India_002788.xml,D44
Unknown class,India,India_002801.xml,D44
Unknown class,India,India_002817.xml,D44
Unknown class,India,India_002819.xml,D44
Unknown class,India,India_002821.xml,D44
Unknown class,India,India_002835.xml,D44
Unknown class,India,India_002840.xml,D44
Unknown class,India,India_002849.xml,D43
Unknown class,India,India_002851.xml,D01
Unknown class,India,India_002860.xml,D44
Unknown class,India,India_002860.xml,D44
Unknown class,India,India_002880.xml,D44
Unknown class,India,India_002884.xml,D44
Unknown class,India,India_002885.xml,D44
Unknown class,India,India_002885.xml,D44
Unknown class,India,India_002892.xml,D44
Unknown class,India,India_002896.xml,D44
Unknown class,India,India_002900.xml,D44
Unknown class,India,India_002909.xml,D44
Unknown class,India,India_002932.xml,D44
Unknown class,India,India_002936.xml,D44
Unknown class,India,India_002967.xml,D44
Unknown class,India,India_002984.xml,D44
Unknown class,India,India_002991.xml,D43
Unknown class,India,India_002995.xml,D44
Unknown class,India,India_002995.xml,D44
Unknown class,India,India_002998.xml,D01
Unknown class,India,India_003001.xml,D44
Unknown class,India,India_003004.xml,D44
Unknown class,India,India_003015.xml,D44
Unknown class,India,India_003023.xml,D50
Unknown class,India,India_003023.xml,D44
Unknown class,India,India_003034.xml,D44
Unknown class,India,India_003065.xml,D01
Unknown class,India,India_003065.xml,D01
Unknown class,India,India_003069.xml,D50
Unknown class,India,India_003075.xml,D44
Unknown class,India,India_003076.xml,D44
Unknown class,India,India_003078.xml,D44
Unknown class,India,India_003087.xml,D44
Unknown class,India,India_003090.xml,D44
Unknown class,India,India_003091.xml,D44
Unknown class,India,India_003094.xml,D01
Unknown class,India,India_003118.xml,D44
Unknown class,India,India_003120.xml,D44
Unknown class,India,India_003126.xml,D44
Unknown class,India,India_003144.xml,D44
Unknown class,India,India_003146.xml,D11
Unknown class,India,India_003151.xml,D44
Unknown class,India,India_003151.xml,D44
Unknown class,India,India_003153.xml,D44
Unknown class,India,India_003153.xml,D44
Unknown class,India,India_003163.xml,D43
Unknown class,India,India_003164.xml,D44
Unknown class,India,India_003177.xml,D01
Unknown class,India,India_003177.xml,D01
Unknown class,India,India_003177.xml,D01
Unknown class,India,India_003180.xml,D44
Unknown class,India,India_003181.xml,D44
Unknown class,India,India_003185.xml,D44
Unknown class,India,India_003195.xml,D44
Unknown class,India,India_003200.xml,D43
Unknown class,India,India_003221.xml,D44
Unknown class,India,India_003221.xml,D11
Unknown class,India,India_003236.xml,D44
Unknown class,India,India_003240.xml,D44
Unknown class,India,India_003243.xml,D43
Unknown class,India,India_003254.xml,D44
Unknown class,India,India_003274.xml,D44
Unknown class,India,India_003290.xml,D44
Unknown class,India,India_003299.xml,D44
Unknown class,India,India_003309.xml,D44
Unknown class,India,India_003310.xml,D44
Unknown class,India,India_003311.xml,D44
Unknown class,India,India_003318.xml,D44
Unknown class,India,India_003318.xml,D44
Unknown class,India,India_003339.xml,D44
Unknown class,India,India_003340.xml,D44
Unknown class,India,India_003340.xml,D44
Unknown class,India,India_003349.xml,D44
Unknown class,India,India_003349.xml,D44
Unknown class,India,India_003354.xml,D44
Unknown class,India,India_003356.xml,D01
Unknown class,India,India_003395.xml,D44
Unknown class,India,India_003395.xml,D44
Unknown class,India,India_003395.xml,D44
Unknown class,India,India_003398.xml,D44
Unknown class,India,India_003404.xml,D44
Unknown class,India,India_003415.xml,D01
Unknown class,India,India_003435.xml,D44
Unknown class,India,India_003456.xml,D44
Unknown class,India,India_003465.xml,D01
Unknown class,India,India_003466.xml,D44
Unknown class,India,India_003473.xml,D44
Unknown class,India,India_003480.xml,D44
Unknown class,India,India_003491.xml,D44
Unknown class,India,India_003494.xml,D44
Unknown class,India,India_003495.xml,D44
Unknown class,India,India_003501.xml,D44
Unknown class,India,India_003515.xml,D44
Unknown class,India,India_003517.xml,D44
Unknown class,India,India_003517.xml,D44
Unknown class,India,India_003521.xml,D01
Unknown class,India,India_003526.xml,D44
Unknown class,India,India_003543.xml,D44
Unknown class,India,India_003547.xml,D44
Unknown class,India,India_003547.xml,D44
Unknown class,India,India_003580.xml,D44
Unknown class,India,India_003586.xml,D44
Unknown class,India,India_003611.xml,D01
Unknown class,India,India_003627.xml,D44
Unknown class,India,India_003628.xml,D44
Unknown class,India,India_003633.xml,D44
Unknown class,India,India_003637.xml,D44
Unknown class,India,India_003637.xml,D44
Unknown class,India,India_003643.xml,D44
Unknown class,India,India_003660.xml,D44
Unknown class,India,India_003661.xml,D44
Unknown class,India,India_003667.xml,D44
Unknown class,India,India_003677.xml,D44
Unknown class,India,India_003686.xml,D44
Unknown class,India,India_003695.xml,D11
Unknown class,India,India_003695.xml,D11
Unknown class,India,India_003695.xml,D11
Unknown class,India,India_003717.xml,D01
Unknown class,India,India_003717.xml,D01
Unknown class,India,India_003717.xml,D01
Unknown class,India,India_003717.xml,D44
Unknown class,India,India_003717.xml,D44
Unknown class,India,India_003717.xml,D01
Unknown class,India,India_003717.xml,D01
Unknown class,India,India_003728.xml,D43
Unknown class,India,India_003733.xml,D44
Unknown class,India,India_003753.xml,D44
Unknown class,India,India_003757.xml,D43
Unknown class,India,India_003757.xml,D44
Unknown class,India,India_003760.xml,D44
Unknown class,India,India_003800.xml,D44
Unknown class,India,India_003800.xml,D44
Unknown class,India,India_003811.xml,D44
Unknown class,India,India_003811.xml,D44
Unknown class,India,India_003824.xml,D44
Unknown class,India,India_003828.xml,D44
Unknown class,India,India_003831.xml,D44
Unknown class,India,India_003859.xml,D01
Unknown class,India,India_003883.xml,D44
Unknown class,India,India_003893.xml,D44
Unknown class,India,India_003908.xml,D44
Unknown class,India,India_003908.xml,D44
Unknown class,India,India_003937.xml,D44
Unknown class,India,India_003942.xml,D43
Unknown class,India,India_003944.xml,D44
Unknown class,India,India_003944.xml,D44
Unknown class,India,India_003948.xml,D44
Unknown class,India,India_003967.xml,D44
Unknown class,India,India_003969.xml,D44
Unknown class,India,India_003981.xml,D01
Unknown class,India,India_003995.xml,D44
Unknown class,India,India_004004.xml,D44
Unknown class,India,India_004009.xml,D44
Unknown class,India,India_004015.xml,D44
Unknown class,India,India_004036.xml,D44
Unknown class,India,India_004036.xml,D44
Unknown class,India,India_004040.xml,D43
Unknown class,India,India_004043.xml,D44
Unknown class,India,India_004048.xml,D44
Unknown class,India,India_004053.xml,D01
Unknown class,India,India_004061.xml,D44
Unknown class,India,India_004079.xml,D44
Unknown class,India,India_004091.xml,D44
Unknown class,India,India_004091.xml,D44
Unknown class,India,India_004092.xml,D44
Unknown class,India,India_004117.xml,D44
Unknown class,India,India_004117.xml,D44
Unknown class,India,India_004120.xml,D44
Unknown class,India,India_004122.xml,D44
Unknown class,India,India_004122.xml,D44
Unknown class,India,India_004122.xml,D44
Unknown class,India,India_004132.xml,D43
Unknown class,India,India_004139.xml,D50
Unknown class,India,India_004147.xml,D01
Unknown class,India,India_004149.xml,D44
Unknown class,India,India_004149.xml,D44
Unknown class,India,India_004151.xml,D01
Unknown class,India,India_004151.xml,D01
Unknown class,India,India_004151.xml,D11
Unknown class,India,India_004151.xml,D11
Unknown class,India,India_004151.xml,D11
Unknown class,India,India_004154.xml,D44
Unknown class,India,India_004157.xml,D44
Unknown class,India,India_004158.xml,D44
Unknown class,India,India_004184.xml,D44
Unknown class,India,India_004193.xml,D44
Unknown class,India,India_004205.xml,D44
Unknown class,India,India_004209.xml,D44
Unknown class,India,India_004227.xml,D01
Unknown class,India,India_004227.xml,D44
Unknown class,India,India_004227.xml,D44
Unknown class,India,India_004230.xml,D44
Unknown class,India,India_004232.xml,D44
Unknown class,India,India_004241.xml,D44
Unknown class,India,India_004241.xml,D44
Unknown class,India,India_004264.xml,D44
Unknown class,India,India_004264.xml,D44
Unknown class,India,India_004274.xml,D44
Unknown class,India,India_004274.xml,D44
Unknown class,India,India_004277.xml,D44
Unknown class,India,India_004282.xml,D44
Unknown class,India,India_004306.xml,D44
Unknown class,India,India_004309.xml,D44
Unknown class,India,India_004311.xml,D44
Unknown class,India,India_004315.xml,D44
Unknown class,India,India_004328.xml,D44
Unknown class,India,India_004339.xml,D44
Unknown class,India,India_004339.xml,D44
Unknown class,India,India_004362.xml,D44
Unknown class,India,India_004362.xml,D44
Unknown class,India,India_004375.xml,D44
Unknown class,India,India_004380.xml,D44
Unknown class,India,India_004380.xml,D44
Unknown class,India,India_004387.xml,D44
Unknown class,India,India_004390.xml,D44
Unknown class,India,India_004390.xml,D44
Unknown class,India,India_004394.xml,D44
Unknown class,India,India_004396.xml,D44
Unknown class,India,India_004398.xml,D44
Unknown class,India,India_004402.xml,D44
Unknown class,India,India_004408.xml,D44
Unknown class,India,India_004449.xml,D44
Unknown class,India,India_004464.xml,D44
Unknown class,India,India_004468.xml,D44
Unknown class,India,India_004480.xml,D44
Unknown class,India,India_004489.xml,D44
Unknown class,India,India_004500.xml,D44
Unknown class,India,India_004500.xml,D44
Unknown class,India,India_004500.xml,D44
Unknown class,India,India_004543.xml,D44
Unknown class,India,India_004549.xml,D44
Unknown class,India,India_004562.xml,D44
Unknown class,India,India_004563.xml,D44
Unknown class,India,India_004568.xml,D43
Unknown class,India,India_004571.xml,D44
Unknown class,India,India_004584.xml,D44
Unknown class,India,India_004584.xml,D44
Unknown class,India,India_004588.xml,D01
Unknown class,India,India_004599.xml,D44
Unknown class,India,India_004633.xml,D44
Unknown class,India,India_004649.xml,D44
Unknown class,India,India_004658.xml,D44
Unknown class,India,India_004664.xml,D01
Unknown class,India,India_004666.xml,D44
Unknown class,India,India_004671.xml,D44
Unknown class,India,India_004671.xml,D44
Unknown class,India,India_004675.xml,D44
Unknown class,India,India_004687.xml,D44
Unknown class,India,India_004687.xml,D44
Unknown class,India,India_004694.xml,D44
Unknown class,India,India_004702.xml,D44
Unknown class,India,India_004714.xml,D44
Unknown class,India,India_004714.xml,D44
Unknown class,India,India_004716.xml,D44
Unknown class,India,India_004721.xml,D44
Unknown class,India,India_004721.xml,D44
Unknown class,India,India_004723.xml,D01
Unknown class,India,India_004726.xml,D44
Unknown class,India,India_004732.xml,D44
Unknown class,India,India_004732.xml,D44
Unknown class,India,India_004739.xml,D44
Unknown class,India,India_004743.xml,D44
Unknown class,India,India_004761.xml,D44
Unknown class,India,India_004768.xml,D44
Unknown class,India,India_004768.xml,D44
Unknown class,India,India_004768.xml,D01
Unknown class,India,India_004768.xml,D01
Unknown class,India,India_004812.xml,D01
Unknown class,India,India_004816.xml,D44
Unknown class,India,India_004817.xml,D01
Unknown class,India,India_004819.xml,D44
Unknown class,India,India_004822.xml,D44
Unknown class,India,India_004851.xml,D44
Unknown class,India,India_004851.xml,D44
Unknown class,India,India_004877.xml,D44
Unknown class,India,India_004894.xml,D01
Unknown class,India,India_004904.xml,D44
Unknown class,India,India_004904.xml,D44
Unknown class,India,India_004906.xml,D44
Unknown class,India,India_004920.xml,D01
Unknown class,India,India_004920.xml,D44
Unknown class,India,India_004920.xml,D44
Unknown class,India,India_004920.xml,D01
Unknown class,India,India_004922.xml,D44
Unknown class,India,India_004934.xml,D44
Unknown class,India,India_004938.xml,D44
Unknown class,India,India_004993.xml,D44
Unknown class,India,India_005014.xml,D01
Unknown class,India,India_005014.xml,D01
Unknown class,India,India_005046.xml,D44
Unknown class,India,India_005046.xml,D44
Unknown class,India,India_005048.xml,D44
Unknown class,India,India_005053.xml,D01
Unknown class,India,India_005055.xml,D44
Unknown class,India,India_005062.xml,D44
Unknown class,India,India_005070.xml,D44
Unknown class,India,India_005073.xml,D01
Unknown class,India,India_005073.xml,D01
Unknown class,India,India_005073.xml,D11
Unknown class,India,India_005104.xml,D44
Unknown class,India,India_005127.xml,D44
Unknown class,India,India_005127.xml,D44
Unknown class,India,India_005129.xml,D44
Unknown class,India,India_005134.xml,D44
Unknown class,India,India_005138.xml,D44
Unknown class,India,India_005153.xml,D44
Unknown class,India,India_005168.xml,D01
Unknown class,India,India_005173.xml,D44
Unknown class,India,India_005201.xml,D44
Unknown class,India,India_005212.xml,D44
Unknown class,India,India_005234.xml,D11
Unknown class,India,India_005242.xml,D44
Unknown class,India,India_005242.xml,D44
Unknown class,India,India_005246.xml,D01
Unknown class,India,India_005254.xml,D44
Unknown class,India,India_005256.xml,D44
Unknown class,India,India_005256.xml,D44
Unknown class,India,India_005257.xml,D44
Unknown class,India,India_005272.xml,D44
Unknown class,India,India_005278.xml,D44
Unknown class,India,India_005282.xml,D44
Unknown class,India,India_005291.xml,D43
Unknown class,India,India_005305.xml,D44
Unknown class,India,India_005316.xml,D44
Unknown class,India,India_005319.xml,D44
Unknown class,India,India_005322.xml,D50
Unknown class,India,India_005330.xml,D44
Unknown class,India,India_005334.xml,D44
Unknown class,India,India_005338.xml,D44
Unknown class,India,India_005351.xml,D44
Unknown class,India,India_005351.xml,D44
Unknown class,India,India_005388.xml,D44
Unknown class,India,India_005419.xml,D44
Unknown class,India,India_005421.xml,D01
Unknown class,India,India_005421.xml,D44
Unknown class,India,India_005421.xml,D44
Unknown class,India,India_005429.xml,D44
Unknown class,India,India_005431.xml,D44
Unknown class,India,India_005433.xml,D44
Unknown class,India,India_005438.xml,D44
Unknown class,India,India_005441.xml,D44
Unknown class,India,India_005447.xml,D44
Unknown class,India,India_005465.xml,D44
Unknown class,India,India_005485.xml,D44
Unknown class,India,India_005492.xml,D44
Unknown class,India,India_005497.xml,D43
Unknown class,India,India_005507.xml,D44
Unknown class,India,India_005528.xml,D44
Unknown class,India,India_005528.xml,D44
Unknown class,India,India_005534.xml,D50
Unknown class,India,India_005534.xml,D44
Unknown class,India,India_005534.xml,D44
Unknown class,India,India_005545.xml,D44
Unknown class,India,India_005546.xml,D44
Unknown class,India,India_005559.xml,D44
Unknown class,India,India_005561.xml,D44
Unknown class,India,India_005561.xml,D44
Unknown class,India,India_005588.xml,D44
Unknown class,India,India_005593.xml,D44
Unknown class,India,India_005613.xml,D43
Unknown class,India,India_005623.xml,D01
Unknown class,India,India_005623.xml,D01
Unknown class,India,India_005639.xml,D44
Unknown class,India,India_005645.xml,D44
Unknown class,India,India_005654.xml,D44
Unknown class,India,India_005654.xml,D44
Unknown class,India,India_005654.xml,D44
Unknown class,India,India_005655.xml,D01
Unknown class,India,India_005655.xml,D01
Unknown class,India,India_005670.xml,D44
Unknown class,India,India_005707.xml,D44
Unknown class,India,India_005715.xml,D44
Unknown class,India,India_005725.xml,D44
Unknown class,India,India_005726.xml,D44
Unknown class,India,India_005727.xml,D44
Unknown class,India,India_005754.xml,D44
Unknown class,India,India_005765.xml,D44
Unknown class,India,India_005767.xml,D44
Unknown class,India,India_005775.xml,D44
Unknown class,India,India_005788.xml,D44
Unknown class,India,India_005788.xml,D44
Unknown class,India,India_005790.xml,D43
Unknown class,India,India_005803.xml,D44
Unknown class,India,India_005812.xml,D44
Unknown class,India,India_005815.xml,D44
Unknown class,India,India_005817.xml,D44
Unknown class,India,India_005833.xml,D44
Unknown class,India,India_005833.xml,D44
Unknown class,India,India_005835.xml,D11
Unknown class,India,India_005835.xml,D11
Unknown class,India,India_005839.xml,D44
Unknown class,India,India_005842.xml,D44
Unknown class,India,India_005842.xml,D44
Unknown class,India,India_005849.xml,D44
Unknown class,India,India_005849.xml,D44
Unknown class,India,India_005850.xml,D44
Unknown class,India,India_005861.xml,D43
Unknown class,India,India_005868.xml,D44
Unknown class,India,India_005872.xml,D01
Unknown class,India,India_005873.xml,D44
Unknown class,India,India_005889.xml,D01
Unknown class,India,India_005901.xml,D44
Unknown class,India,India_005909.xml,D11
Unknown class,India,India_005913.xml,D44
Unknown class,India,India_005913.xml,D44
Unknown class,India,India_005919.xml,D44
Unknown class,India,India_005929.xml,D44
Unknown class,India,India_005934.xml,D44
Unknown class,India,India_005934.xml,D44
Unknown class,India,India_005935.xml,D44
Unknown class,India,India_005935.xml,D44
Unknown class,India,India_005944.xml,D44
Unknown class,India,India_005949.xml,D44
Unknown class,India,India_005958.xml,D44
Unknown class,India,India_005967.xml,D44
Unknown class,India,India_005972.xml,D44
Unknown class,India,India_005972.xml,D44
Unknown class,India,India_005972.xml,D01
Unknown class,India,India_005973.xml,D44
Unknown class,India,India_005974.xml,D44
Unknown class,India,India_005986.xml,D44
Unknown class,India,India_005988.xml,D44
Unknown class,India,India_005991.xml,D44
Unknown class,India,India_006003.xml,D01
Unknown class,India,India_006003.xml,D01
Unknown class,India,India_006008.xml,D44
Unknown class,India,India_006012.xml,D44
Unknown class,India,India_006012.xml,D44
Unknown class,India,India_006014.xml,D44
Unknown class,India,India_006030.xml,D44
Unknown class,India,India_006033.xml,D44
Unknown class,India,India_006035.xml,D44
Unknown class,India,India_006036.xml,D44
Unknown class,India,India_006042.xml,D44
Unknown class,India,India_006049.xml,D44
Unknown class,India,India_006049.xml,D44
Unknown class,India,India_006060.xml,D44
Unknown class,India,India_006061.xml,D44
Unknown class,India,India_006065.xml,D44
Unknown class,India,India_006078.xml,D44
Unknown class,India,India_006079.xml,D44
Unknown class,India,India_006093.xml,D44
Unknown class,India,India_006131.xml,D43
Unknown class,India,India_006163.xml,D01
Unknown class,India,India_006170.xml,D44
Unknown class,India,India_006186.xml,D43
Unknown class,India,India_006192.xml,D44
Unknown class,India,India_006197.xml,D50
Unknown class,India,India_006220.xml,D44
Unknown class,India,India_006220.xml,D44
Unknown class,India,India_006221.xml,D44
Unknown class,India,India_006239.xml,D44
Unknown class,India,India_006245.xml,D44
Unknown class,India,India_006253.xml,D44
Unknown class,India,India_006262.xml,D43
Unknown class,India,India_006268.xml,D50
Unknown class,India,India_006302.xml,D44
Unknown class,India,India_006305.xml,D01
Unknown class,India,India_006314.xml,D44
Unknown class,India,India_006319.xml,D44
Unknown class,India,India_006327.xml,D44
Unknown class,India,India_006327.xml,D44
Unknown class,India,India_006328.xml,D44
Unknown class,India,India_006337.xml,D43
Unknown class,India,India_006360.xml,D44
Unknown class,India,India_006361.xml,D01
Unknown class,India,India_006371.xml,D44
Unknown class,India,India_006371.xml,D44
Unknown class,India,India_006371.xml,D44
Unknown class,India,India_006371.xml,D44
Unknown class,India,India_006373.xml,D50
Unknown class,India,India_006375.xml,D44
Unknown class,India,India_006375.xml,D44
Unknown class,India,India_006386.xml,D44
Unknown class,India,India_006389.xml,D0w0
Unknown class,India,India_006415.xml,D11
Unknown class,India,India_006415.xml,D01
Unknown class,India,India_006415.xml,D01
Unknown class,India,India_006415.xml,D11
Unknown class,India,India_006428.xml,D01
Unknown class,India,India_006497.xml,D44
Unknown class,India,India_006497.xml,D44
Unknown class,India,India_006504.xml,D44
Unknown class,India,India_006550.xml,D44
Unknown class,India,India_006555.xml,D44
Unknown class,India,India_006561.xml,D44
Unknown class,India,India_006561.xml,D44
Unknown class,India,India_006562.xml,D43
Unknown class,India,India_006576.xml,D50
Unknown class,India,India_006581.xml,D50
Unknown class,India,India_006581.xml,D44
Unknown class,India,India_006582.xml,D44
Unknown class,India,India_006583.xml,D44
Unknown class,India,India_006583.xml,D44
Unknown class,India,India_006597.xml,D44
Unknown class,India,India_006625.xml,D44
Unknown class,India,India_006630.xml,D44
Unknown class,India,India_006635.xml,D44
Unknown class,India,India_006643.xml,D44
Unknown class,India,India_006645.xml,D44
Unknown class,India,India_006645.xml,D44
Unknown class,India,India_006652.xml,D01
Unknown class,India,India_006675.xml,D44
Unknown class,India,India_006692.xml,D44
Unknown class,India,India_006693.xml,D44
Unknown class,India,India_006699.xml,D44
Unknown class,India,India_006709.xml,D43
Unknown class,India,India_006713.xml,D44
Unknown class,India,India_006717.xml,D01
Unknown class,India,India_006717.xml,D01
Unknown class,India,India_006722.xml,D44
Unknown class,India,India_006726.xml,D44
Unknown class,India,India_006726.xml,D44
Unknown class,India,India_006726.xml,D44
Unknown class,India,India_006741.xml,D44
Unknown class,India,India_006751.xml,D44
Unknown class,India,India_006760.xml,D44
Unknown class,India,India_006775.xml,D44
Unknown class,India,India_006778.xml,D11
Unknown class,India,India_006779.xml,D44
Unknown class,India,India_006787.xml,D44
Unknown class,India,India_006789.xml,D44
Unknown class,India,India_006793.xml,D44
Unknown class,India,India_006793.xml,D44
Unknown class,India,India_006815.xml,D44
Unknown class,India,India_006819.xml,D44
Unknown class,India,India_006820.xml,D44
Unknown class,India,India_006824.xml,D44
Unknown class,India,India_006832.xml,D44
Unknown class,India,India_006839.xml,D44
Unknown class,India,India_006839.xml,D44
Unknown class,India,India_006841.xml,D44
Unknown class,India,India_006846.xml,D44
Unknown class,India,India_006846.xml,D44
Unknown class,India,India_006847.xml,D11
Unknown class,India,India_006847.xml,D50
Unknown class,India,India_006848.xml,D44
Unknown class,India,India_006848.xml,D44
Unknown class,India,India_006850.xml,D44
Unknown class,India,India_006850.xml,D44
Unknown class,India,India_006872.xml,D44
Unknown class,India,India_006880.xml,D44
Unknown class,India,India_006882.xml,D44
Unknown class,India,India_006883.xml,D44
Unknown class,India,India_006884.xml,D44
Unknown class,India,India_006901.xml,D44
Unknown class,India,India_006903.xml,D44
Unknown class,India,India_006930.xml,D44
Unknown class,India,India_006936.xml,D44
Unknown class,India,India_006947.xml,D44
Unknown class,India,India_006947.xml,D44
Unknown class,India,India_006947.xml,D44
Unknown class,India,India_006948.xml,D44
Unknown class,India,India_006952.xml,D44
Unknown class,India,India_006954.xml,D44
Unknown class,India,India_006954.xml,D44
Unknown class,India,India_006954.xml,D44
Unknown class,India,India_006968.xml,D44
Unknown class,India,India_006968.xml,D44
Unknown class,India,India_006979.xml,D44
Unknown class,India,India_006982.xml,D43
Unknown class,India,India_007006.xml,D44
Unknown class,India,India_007007.xml,D01
Unknown class,India,India_007015.xml,D44
Unknown class,India,India_007017.xml,D43
Unknown class,India,India_007019.xml,D01
Unknown class,India,India_007024.xml,D44
Unknown class,India,India_007027.xml,D44
Unknown class,India,India_007032.xml,D44
Unknown class,India,India_007033.xml,D44
Unknown class,India,India_007048.xml,D44
Unknown class,India,India_007048.xml,D44
Unknown class,India,India_007073.xml,D44
Unknown class,India,India_007083.xml,D44
Unknown class,India,India_007084.xml,D44
Unknown class,India,India_007091.xml,D44
Unknown class,India,India_007106.xml,D44
Unknown class,India,India_007106.xml,D44
Unknown class,India,India_007106.xml,D01
Unknown class,India,India_007106.xml,D01
Unknown class,India,India_007107.xml,D50
Unknown class,India,India_007108.xml,D44
Unknown class,India,India_007115.xml,D44
Unknown class,India,India_007120.xml,D44
Unknown class,India,India_007125.xml,D44
Unknown class,India,India_007134.xml,D44
Unknown class,India,India_007148.xml,D44
Unknown class,India,India_007163.xml,D44
Unknown class,India,India_007171.xml,D44
Unknown class,India,India_007178.xml,D44
Unknown class,India,India_007179.xml,D44
Unknown class,India,India_007195.xml,D44
Unknown class,India,India_007196.xml,D44
Unknown class,India,India_007197.xml,D44
Unknown class,India,India_007200.xml,D50
Unknown class,India,India_007218.xml,D44
Unknown class,India,India_007219.xml,D01
Unknown class,India,India_007224.xml,D44
Unknown class,India,India_007229.xml,D44
Unknown class,India,India_007233.xml,D44
Unknown class,India,India_007247.xml,D44
Unknown class,India,India_007267.xml,D44
Unknown class,India,India_007267.xml,D43
Unknown class,India,India_007279.xml,D44
Unknown class,India,India_007285.xml,D44
Unknown class,India,India_007287.xml,D44
Unknown class,India,India_007291.xml,D44
Unknown class,India,India_007309.xml,D44
Unknown class,India,India_007313.xml,D01
Unknown class,India,India_007316.xml,D44
Unknown class,India,India_007318.xml,D44
Unknown class,India,India_007318.xml,D44
Unknown class,India,India_007321.xml,D44
Unknown class,India,India_007321.xml,D44
Unknown class,India,India_007327.xml,D44
Unknown class,India,India_007349.xml,D01
Unknown class,India,India_007349.xml,D01
Unknown class,India,India_007349.xml,D01
Unknown class,India,India_007357.xml,D44
Unknown class,India,India_007363.xml,D44
Unknown class,India,India_007363.xml,D44
Unknown class,India,India_007367.xml,D44
Unknown class,India,India_007376.xml,D43
Unknown class,India,India_007377.xml,D43
Unknown class,India,India_007383.xml,D44
Unknown class,India,India_007385.xml,D43
Unknown class,India,India_007398.xml,D44
Unknown class,India,India_007399.xml,D44
Unknown class,India,India_007401.xml,D44
Unknown class,India,India_007402.xml,D43
Unknown class,India,India_007402.xml,D44
Unknown class,India,India_007404.xml,D44
Unknown class,India,India_007404.xml,D44
Unknown class,India,India_007409.xml,D44
Unknown class,India,India_007417.xml,D44
Unknown class,India,India_007419.xml,D44
Unknown class,India,India_007424.xml,D44
Unknown class,India,India_007424.xml,D44
Unknown class,India,India_007426.xml,D44
Unknown class,India,India_007429.xml,D44
Unknown class,India,India_007429.xml,D44
Unknown class,India,India_007449.xml,D01
Unknown class,India,India_007451.xml,D44
Unknown class,India,India_007462.xml,D01
Unknown class,India,India_007463.xml,D44
Unknown class,India,India_007472.xml,D44
Unknown class,India,India_007497.xml,D44
Unknown class,India,India_007500.xml,D44
Unknown class,India,India_007508.xml,D44
Unknown class,India,India_007514.xml,D01
Unknown class,India,India_007514.xml,D01
Unknown class,India,India_007514.xml,D11
Unknown class,India,India_007514.xml,D44
Unknown class,India,India_007520.xml,D44
Unknown class,India,India_007543.xml,D44
Unknown class,India,India_007543.xml,D44
Unknown class,India,India_007546.xml,D44
Unknown class,India,India_007553.xml,D44
Unknown class,India,India_007559.xml,D44
Unknown class,India,India_007559.xml,D44
Unknown class,India,India_007576.xml,D44
Unknown class,India,India_007583.xml,D01
Unknown class,India,India_007583.xml,D11
Unknown class,India,India_007584.xml,D44
Unknown class,India,India_007584.xml,D44
Unknown class,India,India_007584.xml,D44
Unknown class,India,India_007597.xml,D44
Unknown class,India,India_007598.xml,D44
Unknown class,India,India_007606.xml,D44
Unknown class,India,India_007609.xml,D44
Unknown class,India,India_007616.xml,D44
Unknown class,India,India_007621.xml,D44
Unknown class,India,India_007624.xml,D44
Unknown class,India,India_007624.xml,D44
Unknown class,India,India_007628.xml,D44
Unknown class,India,India_007629.xml,D01
Unknown class,India,India_007634.xml,D44
Unknown class,India,India_007646.xml,D44
Unknown class,India,India_007650.xml,D44
Unknown class,India,India_007652.xml,D44
Unknown class,India,India_007655.xml,D44
Unknown class,India,India_007658.xml,D44
Unknown class,India,India_007668.xml,D01
Unknown class,India,India_007668.xml,D01
Unknown class,India,India_007668.xml,D11
Unknown class,India,India_007671.xml,D44
Unknown class,India,India_007676.xml,D44
Unknown class,India,India_007681.xml,D44
Unknown class,India,India_007696.xml,D44
Unknown class,India,India_007701.xml,D01
Unknown class,India,India_007701.xml,D01
Unknown class,India,India_007701.xml,D01
Unknown class,India,India_007707.xml,D44
Unknown class,India,India_007709.xml,D44
Unknown class,India,India_007710.xml,D01
Unknown class,India,India_007710.xml,D01
Unknown class,India,India_007710.xml,D01
Unknown class,India,India_007710.xml,D01
Unknown class,India,India_007710.xml,D01
Unknown class,India,India_007710.xml,D01
Unknown class,India,India_007710.xml,D11
Unknown class,India,India_007717.xml,D01
Unknown class,India,India_007733.xml,D44
Unknown class,India,India_007733.xml,D44
Unknown class,India,India_007734.xml,D44
Unknown class,India,India_007768.xml,D44
Unknown class,India,India_007769.xml,D43
Unknown class,India,India_007776.xml,D44
Unknown class,India,India_007776.xml,D44
Unknown class,India,India_007779.xml,D44
Unknown class,India,India_007809.xml,D44
Unknown class,India,India_007816.xml,D44
Unknown class,India,India_007819.xml,D01
Unknown class,India,India_007822.xml,D44
Unknown class,India,India_007830.xml,D44
Unknown class,India,India_007830.xml,D44
Unknown class,India,India_007844.xml,D44
Unknown class,India,India_007851.xml,D44
Unknown class,India,India_007867.xml,D44
Unknown class,India,India_007883.xml,D01
Unknown class,India,India_007883.xml,D01
Unknown class,India,India_007888.xml,D44
Unknown class,India,India_007904.xml,D44
Unknown class,India,India_007904.xml,D44
Unknown class,India,India_007906.xml,D44
Unknown class,India,India_007906.xml,D44
Unknown class,India,India_007907.xml,D11
Unknown class,India,India_007907.xml,D01
Unknown class,India,India_007907.xml,D01
Unknown class,India,India_007909.xml,D50
Unknown class,India,India_007917.xml,D44
Unknown class,India,India_007921.xml,D44
Unknown class,India,India_007921.xml,D44
Unknown class,India,India_007921.xml,D44
Unknown class,India,India_007923.xml,D44
Unknown class,India,India_007924.xml,D44
Unknown class,India,India_007932.xml,D44
Unknown class,India,India_007937.xml,D44
Unknown class,India,India_007956.xml,D44
Unknown class,India,India_008007.xml,D44
Unknown class,India,India_008012.xml,D43
Unknown class,India,India_008019.xml,D44
Unknown class,India,India_008034.xml,D44
Unknown class,India,India_008034.xml,D44
Unknown class,India,India_008037.xml,D44
Unknown class,India,India_008037.xml,D44
Unknown class,India,India_008056.xml,D44
Unknown class,India,India_008079.xml,D44
Unknown class,India,India_008083.xml,D44
Unknown class,India,India_008097.xml,D44
Unknown class,India,India_008103.xml,D44
Unknown class,India,India_008112.xml,D44
Unknown class,India,India_008116.xml,D44
Unknown class,India,India_008117.xml,D44
Unknown class,India,India_008130.xml,D01
Unknown class,India,India_008133.xml,D01
Unknown class,India,India_008133.xml,D01
Unknown class,India,India_008133.xml,D01
Unknown class,India,India_008137.xml,D44
Unknown class,India,India_008138.xml,D44
Unknown class,India,India_008142.xml,D44
Unknown class,India,India_008154.xml,D44
Unknown class,India,India_008154.xml,D44
Unknown class,India,India_008160.xml,D44
Unknown class,India,India_008165.xml,D44
Unknown class,India,India_008167.xml,D44
Unknown class,India,India_008168.xml,D44
Unknown class,India,India_008184.xml,D43
Unknown class,India,India_008194.xml,D50
Unknown class,India,India_008198.xml,D43
Unknown class,India,India_008218.xml,D44
Unknown class,India,India_008222.xml,D44
Unknown class,India,India_008222.xml,D44
Unknown class,India,India_008228.xml,D44
Unknown class,India,India_008229.xml,D44
Unknown class,India,India_008239.xml,D44
Unknown class,India,India_008250.xml,D44
Unknown class,India,India_008253.xml,D44
Unknown class,India,India_008255.xml,D44
Unknown class,India,India_008256.xml,D44
Unknown class,India,India_008257.xml,D43
Unknown class,India,India_008258.xml,D43
Unknown class,India,India_008265.xml,D01
Unknown class,India,India_008265.xml,D11
Unknown class,India,India_008274.xml,D44
Unknown class,India,India_008284.xml,D44
Unknown class,India,India_008298.xml,D44
Unknown class,India,India_008314.xml,D44
Unknown class,India,India_008314.xml,D44
Unknown class,India,India_008329.xml,D44
Unknown class,India,India_008336.xml,D44
Unknown class,India,India_008338.xml,D50
Unknown class,India,India_008338.xml,D44
Unknown class,India,India_008339.xml,D43
Unknown class,India,India_008359.xml,D44
Unknown class,India,India_008391.xml,D44
Unknown class,India,India_008393.xml,D11
Unknown class,India,India_008393.xml,D01
Unknown class,India,India_008393.xml,D01
Unknown class,India,India_008393.xml,D01
Unknown class,India,India_008401.xml,D01
Unknown class,India,India_008417.xml,D01
Unknown class,India,India_008425.xml,D44
Unknown class,India,India_008425.xml,D44
Unknown class,India,India_008425.xml,D44
Unknown class,India,India_008429.xml,D44
Unknown class,India,India_008429.xml,D44
Unknown class,India,India_008430.xml,D44
Unknown class,India,India_008463.xml,D44
Unknown class,India,India_008486.xml,D44
Unknown class,India,India_008488.xml,D44
Unknown class,India,India_008488.xml,D44
Unknown class,India,India_008488.xml,D01
Unknown class,India,India_008488.xml,D01
Unknown class,India,India_008496.xml,D44
Unknown class,India,India_008496.xml,D44
Unknown class,India,India_008504.xml,D44
Unknown class,India,India_008516.xml,D44
Unknown class,India,India_008516.xml,D44
Unknown class,India,India_008516.xml,D44
Unknown class,India,India_008518.xml,D50
Unknown class,India,India_008543.xml,D44
Unknown class,India,India_008546.xml,D44
Unknown class,India,India_008570.xml,D44
Unknown class,India,India_008570.xml,D44
Unknown class,India,India_008574.xml,D44
Unknown class,India,India_008575.xml,D44
Unknown class,India,India_008594.xml,D44
Unknown class,India,India_008605.xml,D44
Unknown class,India,India_008614.xml,D44
Unknown class,India,India_008623.xml,D44
Unknown class,India,India_008627.xml,D44
Unknown class,India,India_008629.xml,D44
Unknown class,India,India_008637.xml,D44
Unknown class,India,India_008644.xml,D44
Unknown class,India,India_008645.xml,D11
Unknown class,India,India_008648.xml,D50
Unknown class,India,India_008648.xml,D01
Unknown class,India,India_008648.xml,D01
Unknown class,India,India_008650.xml,D44
Unknown class,India,India_008653.xml,D01
Unknown class,India,India_008655.xml,D44
Unknown class,India,India_008657.xml,D44
Unknown class,India,India_008657.xml,D44
Unknown class,India,India_008664.xml,D44
Unknown class,India,India_008673.xml,D44
Unknown class,India,India_008675.xml,D44
Unknown class,India,India_008675.xml,D44
Unknown class,India,India_008676.xml,D44
Unknown class,India,India_008679.xml,D44
Unknown class,India,India_008691.xml,D44
Unknown class,India,India_008692.xml,D44
Unknown class,India,India_008692.xml,D44
Unknown class,India,India_008695.xml,D44
Unknown class,India,India_008695.xml,D44
Unknown class,India,India_008698.xml,D44
Unknown class,India,India_008704.xml,D44
Unknown class,India,India_008711.xml,D44
Unknown class,India,India_008719.xml,D44
Unknown class,India,India_008726.xml,D44
Unknown class,India,India_008772.xml,D44
Unknown class,India,India_008773.xml,D43
Unknown class,India,India_008796.xml,D44
Unknown class,India,India_008796.xml,D44
Unknown class,India,India_008796.xml,D44
Unknown class,India,India_008800.xml,D44
Unknown class,India,India_008812.xml,D44
Unknown class,India,India_008825.xml,D44
Unknown class,India,India_008834.xml,D44
Unknown class,India,India_008846.xml,D44
Unknown class,India,India_008846.xml,D44
Unknown class,India,India_008847.xml,D01
Unknown class,India,India_008847.xml,D11
Unknown class,India,India_008851.xml,D01
Unknown class,India,India_008863.xml,D44
Unknown class,India,India_008866.xml,D43
Unknown class,India,India_008874.xml,D44
Unknown class,India,India_008907.xml,D44
Unknown class,India,India_008907.xml,D44
Unknown class,India,India_008909.xml,D44
Unknown class,India,India_008911.xml,D44
Unknown class,India,India_008930.xml,D01
Unknown class,India,India_008942.xml,D50
Unknown class,India,India_008973.xml,D44
Unknown class,India,India_008975.xml,D44
Unknown class,India,India_008998.xml,D44
Unknown class,India,India_008998.xml,D44
Unknown class,India,India_008998.xml,D44
Unknown class,India,India_009010.xml,D44
Unknown class,India,India_009014.xml,D44
Unknown class,India,India_009021.xml,D01
Unknown class,India,India_009021.xml,D01
Unknown class,India,India_009027.xml,D44
Unknown class,India,India_009046.xml,D44
Unknown class,India,India_009048.xml,D44
Unknown class,India,India_009048.xml,D44
Unknown class,India,India_009069.xml,D44
Unknown class,India,India_009077.xml,D44
Unknown class,India,India_009102.xml,D44
Unknown class,India,India_009114.xml,D44
Unknown class,India,India_009116.xml,D01
Unknown class,India,India_009116.xml,D01
Unknown class,India,India_009116.xml,D01
Unknown class,India,India_009116.xml,D01
Unknown class,India,India_009118.xml,D44
Unknown class,India,India_009119.xml,D44
Unknown class,India,India_009119.xml,D44
Unknown class,India,India_009131.xml,D44
Unknown class,India,India_009139.xml,D44
Unknown class,India,India_009150.xml,D44
Unknown class,India,India_009155.xml,D44
Unknown class,India,India_009158.xml,D44
Unknown class,India,India_009158.xml,D44
Unknown class,India,India_009163.xml,D44
Unknown class,India,India_009164.xml,D44
Unknown class,India,India_009177.xml,D01
Unknown class,India,India_009177.xml,D01
Unknown class,India,India_009177.xml,D11
Unknown class,India,India_009188.xml,D44
Unknown class,India,India_009188.xml,D44
Unknown class,India,India_009203.xml,D44
Unknown class,India,India_009217.xml,D44
Unknown class,India,India_009219.xml,D01
Unknown class,India,India_009222.xml,D44
Unknown class,India,India_009232.xml,D01
Unknown class,India,India_009232.xml,D11
Unknown class,India,India_009247.xml,D44
Unknown class,India,India_009270.xml,D44
Unknown class,India,India_009284.xml,D44
Unknown class,India,India_009289.xml,D44
Unknown class,India,India_009299.xml,D44
Unknown class,India,India_009312.xml,D44
Unknown class,India,India_009314.xml,D44
Unknown class,India,India_009314.xml,D44
Unknown class,India,India_009317.xml,D44
Unknown class,India,India_009349.xml,D44
Unknown class,India,India_009351.xml,D44
Unknown class,India,India_009353.xml,D44
Unknown class,India,India_009353.xml,D44
Unknown class,India,India_009366.xml,D44
Unknown class,India,India_009370.xml,D44
Unknown class,India,India_009373.xml,D44
Unknown class,India,India_009385.xml,D44
Unknown class,India,India_009397.xml,D01
Unknown class,India,India_009397.xml,D11
Unknown class,India,India_009402.xml,D44
Unknown class,India,India_009410.xml,D44
Unknown class,India,India_009413.xml,D44
Unknown class,India,India_009432.xml,D44
Unknown class,India,India_009432.xml,D44
Unknown class,India,India_009433.xml,D44
Unknown class,India,India_009444.xml,D01
Unknown class,India,India_009444.xml,D01
Unknown class,India,India_009445.xml,D44
Unknown class,India,India_009457.xml,D44
Unknown class,India,India_009457.xml,D44
Unknown class,India,India_009513.xml,D01
Unknown class,India,India_009519.xml,D44
Unknown class,India,India_009519.xml,D44
Unknown class,India,India_009531.xml,D44
Unknown class,India,India_009531.xml,D44
Unknown class,India,India_009541.xml,D44
Unknown class,India,India_009550.xml,D44
Unknown class,India,India_009550.xml,D44
Unknown class,India,India_009552.xml,D44
Unknown class,India,India_009552.xml,D44
Unknown class,India,India_009553.xml,D44
Unknown class,India,India_009553.xml,D44
Unknown class,India,India_009555.xml,D44
Unknown class,India,India_009562.xml,D44
Unknown class,India,India_009562.xml,D44
Unknown class,India,India_009568.xml,D44
Unknown class,India,India_009568.xml,D44
Unknown class,India,India_009574.xml,D44
Unknown class,India,India_009589.xml,D44
Unknown class,India,India_009595.xml,D44
Unknown class,India,India_009603.xml,D44
Unknown class,India,India_009609.xml,D01
Unknown class,India,India_009630.xml,D44
Unknown class,India,India_009634.xml,D44
Unknown class,India,India_009634.xml,D44
Unknown class,India,India_009635.xml,D50
Unknown class,India,India_009644.xml,D44
Unknown class,India,India_009654.xml,D44
Unknown class,India,India_009677.xml,D44
Unknown class,India,India_009687.xml,D44
Unknown class,India,India_009687.xml,D44
Unknown class,India,India_009688.xml,D01
Unknown class,India,India_009688.xml,D01
Unknown class,India,India_009688.xml,D11
Unknown class,India,India_009699.xml,D44
Unknown class,India,India_009707.xml,D44
Unknown class,India,India_009712.xml,D01
Unknown class,India,India_009712.xml,D01
Unknown class,India,India_009731.xml,D44
Unknown class,India,India_009737.xml,D44
Unknown class,India,India_009737.xml,D44
Unknown class,India,India_009738.xml,D44
Unknown class,India,India_009738.xml,D44
Unknown class,India,India_009744.xml,D44
Unknown class,India,India_009751.xml,D44
Unknown class,India,India_009753.xml,D44
Unknown class,India,India_009765.xml,D01
Unknown class,India,India_009769.xml,D44
Unknown class,India,India_009775.xml,D44
Unknown class,India,India_009794.xml,D44
Unknown class,India,India_009801.xml,D44
Unknown class,India,India_009815.xml,D44
Unknown class,India,India_009815.xml,D44
Unknown class,India,India_009834.xml,D44
Unknown class,India,India_009836.xml,D44
Unknown class,India,India_009848.xml,D44
Unknown class,India,India_009855.xml,D44
Unknown class,India,India_009880.xml,D44
Unknown class,India,India_009888.xml,D01
Unknown class,India,India_009888.xml,D01
Unknown class,India,India_009888.xml,D11
Unknown class,India,India_009889.xml,D43
Unknown class,Japan,Japan_000001.xml,D44
Unknown class,Japan,Japan_000002.xml,D43
Unknown class,Japan,Japan_000002.xml,D50
Unknown class,Japan,Japan_000002.xml,D50
Unknown class,Japan,Japan_000002.xml,D50
Unknown class,Japan,Japan_000004.xml,D50
Unknown class,Japan,Japan_000004.xml,D50
Unknown class,Japan,Japan_000005.xml,D44
Unknown class,Japan,Japan_000005.xml,D43
Unknown class,Japan,Japan_000006.xml,D44
Unknown class,Japan,Japan_000008.xml,D44
Unknown class,Japan,Japan_000012.xml,D44
Unknown class,Japan,Japan_000012.xml,D44
Unknown class,Japan,Japan_000014.xml,D44
Unknown class,Japan,Japan_000014.xml,D44
Unknown class,Japan,Japan_000015.xml,D44
Unknown class,Japan,Japan_000015.xml,D44
Unknown class,Japan,Japan_000017.xml,D50
Unknown class,Japan,Japan_000018.xml,D44
Unknown class,Japan,Japan_000022.xml,D50
Unknown class,Japan,Japan_000024.xml,D44
Unknown class,Japan,Japan_000024.xml,D44
Unknown class,Japan,Japan_000025.xml,D50
Unknown class,Japan,Japan_000026.xml,D44
Unknown class,Japan,Japan_000027.xml,D44
Unknown class,Japan,Japan_000028.xml,D44
Unknown class,Japan,Japan_000029.xml,D44
Unknown class,Japan,Japan_000030.xml,D44
Unknown class,Japan,Japan_000030.xml,D43
Unknown class,Japan,Japan_000031.xml,D44
Unknown class,Japan,Japan_000033.xml,D50
Unknown class,Japan,Japan_000034.xml,D44
Unknown class,Japan,Japan_000035.xml,D44
Unknown class,Japan,Japan_000035.xml,D44
Unknown class,Japan,Japan_000041.xml,D50
Unknown class,Japan,Japan_000041.xml,D44
Unknown class,Japan,Japan_000043.xml,D43
Unknown class,Japan,Japan_000044.xml,D50
Unknown class,Japan,Japan_000046.xml,D50
Unknown class,Japan,Japan_000046.xml,D50
Unknown class,Japan,Japan_000050.xml,D50
Unknown class,Japan,Japan_000051.xml,D50
Unknown class,Japan,Japan_000051.xml,D50
Unknown class,Japan,Japan_000056.xml,D43
Unknown class,Japan,Japan_000058.xml,D50
Unknown class,Japan,Japan_000059.xml,D44
Unknown class,Japan,Japan_000063.xml,D44
Unknown class,Japan,Japan_000065.xml,D43
Unknown class,Japan,Japan_000066.xml,D50
Unknown class,Japan,Japan_000066.xml,D50
Unknown class,Japan,Japan_000068.xml,D44
Unknown class,Japan,Japan_000070.xml,D44
Unknown class,Japan,Japan_000070.xml,D44
Unknown class,Japan,Japan_000070.xml,D44
Unknown class,Japan,Japan_000071.xml,D50
Unknown class,Japan,Japan_000072.xml,D44
Unknown class,Japan,Japan_000073.xml,D44
Unknown class,Japan,Japan_000074.xml,D44
Unknown class,Japan,Japan_000076.xml,D50
Unknown class,Japan,Japan_000076.xml,D44
Unknown class,Japan,Japan_000076.xml,D50
Unknown class,Japan,Japan_000076.xml,D50
Unknown class,Japan,Japan_000077.xml,D44
Unknown class,Japan,Japan_000079.xml,D44
Unknown class,Japan,Japan_000079.xml,D44
Unknown class,Japan,Japan_000081.xml,D44
Unknown class,Japan,Japan_000081.xml,D44
Unknown class,Japan,Japan_000082.xml,D44
Unknown class,Japan,Japan_000085.xml,D50
Unknown class,Japan,Japan_000086.xml,D50
Unknown class,Japan,Japan_000087.xml,D50
Unknown class,Japan,Japan_000088.xml,D44
Unknown class,Japan,Japan_000088.xml,D50
Unknown class,Japan,Japan_000092.xml,D44
Unknown class,Japan,Japan_000095.xml,D44
Unknown class,Japan,Japan_000096.xml,D44
Unknown class,Japan,Japan_000096.xml,D44
Unknown class,Japan,Japan_000098.xml,D44
Unknown class,Japan,Japan_000098.xml,D50
Unknown class,Japan,Japan_000098.xml,D50
Unknown class,Japan,Japan_000098.xml,D50
Unknown class,Japan,Japan_000099.xml,D44
Unknown class,Japan,Japan_000099.xml,D50
Unknown class,Japan,Japan_000100.xml,D44
Unknown class,Japan,Japan_000101.xml,D44
Unknown class,Japan,Japan_000103.xml,D50
Unknown class,Japan,Japan_000105.xml,D50
Unknown class,Japan,Japan_000106.xml,D44
Unknown class,Japan,Japan_000110.xml,D44
Unknown class,Japan,Japan_000111.xml,D44
Unknown class,Japan,Japan_000112.xml,D44
Unknown class,Japan,Japan_000114.xml,D50
Unknown class,Japan,Japan_000118.xml,D44
Unknown class,Japan,Japan_000119.xml,D50
Unknown class,Japan,Japan_000120.xml,D44
Unknown class,Japan,Japan_000121.xml,D50
Unknown class,Japan,Japan_000122.xml,D50
Unknown class,Japan,Japan_000122.xml,D50
Unknown class,Japan,Japan_000123.xml,D44
Unknown class,Japan,Japan_000123.xml,D44
Unknown class,Japan,Japan_000126.xml,D44
Unknown class,Japan,Japan_000127.xml,D44
Unknown class,Japan,Japan_000133.xml,D44
Unknown class,Japan,Japan_000133.xml,D50
Unknown class,Japan,Japan_000135.xml,D44
Unknown class,Japan,Japan_000136.xml,D43
Unknown class,Japan,Japan_000136.xml,D43
Unknown class,Japan,Japan_000138.xml,D44
Unknown class,Japan,Japan_000138.xml,D50
Unknown class,Japan,Japan_000142.xml,D50
Unknown class,Japan,Japan_000142.xml,D50
Unknown class,Japan,Japan_000143.xml,D43
Unknown class,Japan,Japan_000150.xml,D44
Unknown class,Japan,Japan_000152.xml,D50
Unknown class,Japan,Japan_000153.xml,D44
Unknown class,Japan,Japan_000155.xml,D44
Unknown class,Japan,Japan_000158.xml,D44
Unknown class,Japan,Japan_000160.xml,D50
Unknown class,Japan,Japan_000160.xml,D50
Unknown class,Japan,Japan_000160.xml,D50
Unknown class,Japan,Japan_000160.xml,D44
Unknown class,Japan,Japan_000160.xml,D44
Unknown class,Japan,Japan_000160.xml,D44
Unknown class,Japan,Japan_000162.xml,D44
Unknown class,Japan,Japan_000166.xml,D50
Unknown class,Japan,Japan_000166.xml,D50
Unknown class,Japan,Japan_000168.xml,D44
Unknown class,Japan,Japan_000171.xml,D44
Unknown class,Japan,Japan_000172.xml,D50
Unknown class,Japan,Japan_000172.xml,D50
Unknown class,Japan,Japan_000175.xml,D44
Unknown class,Japan,Japan_000176.xml,D50
Unknown class,Japan,Japan_000177.xml,D43
Unknown class,Japan,Japan_000180.xml,D43
Unknown class,Japan,Japan_000180.xml,D50
Unknown class,Japan,Japan_000182.xml,D50
Unknown class,Japan,Japan_000184.xml,D50
Unknown class,Japan,Japan_000186.xml,D50
Unknown class,Japan,Japan_000189.xml,D44
Unknown class,Japan,Japan_000192.xml,D44
Unknown class,Japan,Japan_000197.xml,D44
Unknown class,Japan,Japan_000198.xml,D50
Unknown class,Japan,Japan_000198.xml,D50
Unknown class,Japan,Japan_000202.xml,D44
Unknown class,Japan,Japan_000203.xml,D44
Unknown class,Japan,Japan_000203.xml,D44
Unknown class,Japan,Japan_000204.xml,D44
Unknown class,Japan,Japan_000205.xml,D50
Unknown class,Japan,Japan_000207.xml,D44
Unknown class,Japan,Japan_000207.xml,D50
Unknown class,Japan,Japan_000207.xml,D50
Unknown class,Japan,Japan_000209.xml,D43
Unknown class,Japan,Japan_000209.xml,D50
Unknown class,Japan,Japan_000209.xml,D50
Unknown class,Japan,Japan_000210.xml,D50
Unknown class,Japan,Japan_000210.xml,D50
Unknown class,Japan,Japan_000213.xml,D44
Unknown class,Japan,Japan_000217.xml,D43
Unknown class,Japan,Japan_000217.xml,D50
Unknown class,Japan,Japan_000217.xml,D50
Unknown class,Japan,Japan_000218.xml,D43
Unknown class,Japan,Japan_000219.xml,D44
Unknown class,Japan,Japan_000224.xml,D44
Unknown class,Japan,Japan_000224.xml,D50
Unknown class,Japan,Japan_000225.xml,D50
Unknown class,Japan,Japan_000225.xml,D50
Unknown class,Japan,Japan_000233.xml,D44
Unknown class,Japan,Japan_000235.xml,D50
Unknown class,Japan,Japan_000235.xml,D50
Unknown class,Japan,Japan_000235.xml,D50
Unknown class,Japan,Japan_000235.xml,D50
Unknown class,Japan,Japan_000240.xml,D44
Unknown class,Japan,Japan_000240.xml,D44
Unknown class,Japan,Japan_000240.xml,D44
Unknown class,Japan,Japan_000243.xml,D50
Unknown class,Japan,Japan_000244.xml,D44
Unknown class,Japan,Japan_000244.xml,D44
Unknown class,Japan,Japan_000244.xml,D44
Unknown class,Japan,Japan_000244.xml,D44
Unknown class,Japan,Japan_000244.xml,D44
Unknown class,Japan,Japan_000244.xml,D44
Unknown class,Japan,Japan_000244.xml,D44
Unknown class,Japan,Japan_000244.xml,D44
Unknown class,Japan,Japan_000247.xml,D44
Unknown class,Japan,Japan_000251.xml,D50
Unknown class,Japan,Japan_000251.xml,D50
Unknown class,Japan,Japan_000252.xml,D44
Unknown class,Japan,Japan_000253.xml,D50
Unknown class,Japan,Japan_000256.xml,D44
Unknown class,Japan,Japan_000256.xml,D44
Unknown class,Japan,Japan_000257.xml,D44
Unknown class,Japan,Japan_000259.xml,D50
Unknown class,Japan,Japan_000261.xml,D44
Unknown class,Japan,Japan_000262.xml,D43
Unknown class,Japan,Japan_000266.xml,D44
Unknown class,Japan,Japan_000267.xml,D44
Unknown class,Japan,Japan_000268.xml,D44
Unknown class,Japan,Japan_000271.xml,D44
Unknown class,Japan,Japan_000274.xml,D44
Unknown class,Japan,Japan_000276.xml,D44
Unknown class,Japan,Japan_000276.xml,D50
Unknown class,Japan,Japan_000277.xml,D44
Unknown class,Japan,Japan_000277.xml,D50
Unknown class,Japan,Japan_000286.xml,D44
Unknown class,Japan,Japan_000289.xml,D44
Unknown class,Japan,Japan_000289.xml,D50
Unknown class,Japan,Japan_000289.xml,D50
Unknown class,Japan,Japan_000292.xml,D44
Unknown class,Japan,Japan_000292.xml,D43
Unknown class,Japan,Japan_000292.xml,D50
Unknown class,Japan,Japan_000297.xml,D44
Unknown class,Japan,Japan_000298.xml,D44
Unknown class,Japan,Japan_000300.xml,D44
Unknown class,Japan,Japan_000300.xml,D44
Unknown class,Japan,Japan_000304.xml,D43
Unknown class,Japan,Japan_000308.xml,D50
Unknown class,Japan,Japan_000309.xml,D44
Unknown class,Japan,Japan_000310.xml,D50
Unknown class,Japan,Japan_000311.xml,D43
Unknown class,Japan,Japan_000311.xml,D50
Unknown class,Japan,Japan_000312.xml,D44
Unknown class,Japan,Japan_000313.xml,D50
Unknown class,Japan,Japan_000313.xml,D50
Unknown class,Japan,Japan_000315.xml,D44
Unknown class,Japan,Japan_000315.xml,D44
Unknown class,Japan,Japan_000315.xml,D44
Unknown class,Japan,Japan_000315.xml,D50
Unknown class,Japan,Japan_000316.xml,D50
Unknown class,Japan,Japan_000317.xml,D43
Unknown class,Japan,Japan_000318.xml,D44
Unknown class,Japan,Japan_000319.xml,D43
Unknown class,Japan,Japan_000319.xml,D50
Unknown class,Japan,Japan_000320.xml,D44
Unknown class,Japan,Japan_000320.xml,D44
Unknown class,Japan,Japan_000320.xml,D44
Unknown class,Japan,Japan_000320.xml,D44
Unknown class,Japan,Japan_000320.xml,D44
Unknown class,Japan,Japan_000320.xml,D44
Unknown class,Japan,Japan_000320.xml,D44
Unknown class,Japan,Japan_000322.xml,D50
Unknown class,Japan,Japan_000326.xml,D50
Unknown class,Japan,Japan_000328.xml,D50
Unknown class,Japan,Japan_000330.xml,D44
Unknown class,Japan,Japan_000332.xml,D50
Unknown class,Japan,Japan_000332.xml,D50
Unknown class,Japan,Japan_000335.xml,D50
Unknown class,Japan,Japan_000335.xml,D50
Unknown class,Japan,Japan_000335.xml,D50
Unknown class,Japan,Japan_000336.xml,D50
Unknown class,Japan,Japan_000338.xml,D50
Unknown class,Japan,Japan_000338.xml,D50
Unknown class,Japan,Japan_000338.xml,D50
Unknown class,Japan,Japan_000345.xml,D43
Unknown class,Japan,Japan_000348.xml,D50
Unknown class,Japan,Japan_000350.xml,D44
Unknown class,Japan,Japan_000350.xml,D50
Unknown class,Japan,Japan_000350.xml,D44
Unknown class,Japan,Japan_000355.xml,D50
Unknown class,Japan,Japan_000356.xml,D44
Unknown class,Japan,Japan_000357.xml,D50
Unknown class,Japan,Japan_000357.xml,D50
Unknown class,Japan,Japan_000358.xml,D44
Unknown class,Japan,Japan_000358.xml,D44
Unknown class,Japan,Japan_000360.xml,D44
Unknown class,Japan,Japan_000362.xml,D50
Unknown class,Japan,Japan_000365.xml,D44
Unknown class,Japan,Japan_000366.xml,D50
Unknown class,Japan,Japan_000370.xml,D44
Unknown class,Japan,Japan_000371.xml,D50
Unknown class,Japan,Japan_000374.xml,D50
Unknown class,Japan,Japan_000374.xml,D44
Unknown class,Japan,Japan_000375.xml,D44
Unknown class,Japan,Japan_000377.xml,D44
Unknown class,Japan,Japan_000377.xml,D50
Unknown class,Japan,Japan_000377.xml,D43
Unknown class,Japan,Japan_000377.xml,D44
Unknown class,Japan,Japan_000378.xml,D44
Unknown class,Japan,Japan_000379.xml,D50
Unknown class,Japan,Japan_000380.xml,D44
Unknown class,Japan,Japan_000380.xml,D50
Unknown class,Japan,Japan_000380.xml,D44
Unknown class,Japan,Japan_000389.xml,D50
Unknown class,Japan,Japan_000389.xml,D44
Unknown class,Japan,Japan_000393.xml,D44
Unknown class,Japan,Japan_000397.xml,D44
Unknown class,Japan,Japan_000398.xml,D43
Unknown class,Japan,Japan_000401.xml,D44
Unknown class,Japan,Japan_000402.xml,D44
Unknown class,Japan,Japan_000403.xml,D50
Unknown class,Japan,Japan_000403.xml,D50
Unknown class,Japan,Japan_000403.xml,D50
Unknown class,Japan,Japan_000405.xml,D44
Unknown class,Japan,Japan_000410.xml,D44
Unknown class,Japan,Japan_000415.xml,D50
Unknown class,Japan,Japan_000419.xml,D44
Unknown class,Japan,Japan_000420.xml,D44
Unknown class,Japan,Japan_000421.xml,D50
Unknown class,Japan,Japan_000422.xml,D44
Unknown class,Japan,Japan_000424.xml,D44
Unknown class,Japan,Japan_000425.xml,D44
Unknown class,Japan,Japan_000426.xml,D44
Unknown class,Japan,Japan_000428.xml,D50
Unknown class,Japan,Japan_000430.xml,D44
Unknown class,Japan,Japan_000434.xml,D44
Unknown class,Japan,Japan_000436.xml,D44
Unknown class,Japan,Japan_000438.xml,D44
Unknown class,Japan,Japan_000441.xml,D44
Unknown class,Japan,Japan_000442.xml,D50
Unknown class,Japan,Japan_000445.xml,D43
Unknown class,Japan,Japan_000445.xml,D50
Unknown class,Japan,Japan_000449.xml,D44
Unknown class,Japan,Japan_000449.xml,D50
Unknown class,Japan,Japan_000456.xml,D44
Unknown class,Japan,Japan_000461.xml,D44
Unknown class,Japan,Japan_000461.xml,D44
Unknown class,Japan,Japan_000464.xml,D44
Unknown class,Japan,Japan_000466.xml,D44
Unknown class,Japan,Japan_000469.xml,D50
Unknown class,Japan,Japan_000476.xml,D44
Unknown class,Japan,Japan_000477.xml,D44
Unknown class,Japan,Japan_000478.xml,D50
Unknown class,Japan,Japan_000478.xml,D50
Unknown class,Japan,Japan_000481.xml,D44
Unknown class,Japan,Japan_000481.xml,D44
Unknown class,Japan,Japan_000483.xml,D44
Unknown class,Japan,Japan_000484.xml,D43
Unknown class,Japan,Japan_000485.xml,D44
Unknown class,Japan,Japan_000485.xml,D44
Unknown class,Japan,Japan_000485.xml,D50
Unknown class,Japan,Japan_000486.xml,D50
Unknown class,Japan,Japan_000487.xml,D44
Unknown class,Japan,Japan_000488.xml,D50
Unknown class,Japan,Japan_000489.xml,D44
Unknown class,Japan,Japan_000492.xml,D50
Unknown class,Japan,Japan_000493.xml,D44
Unknown class,Japan,Japan_000493.xml,D50
Unknown class,Japan,Japan_000494.xml,D44
Unknown class,Japan,Japan_000494.xml,D44
Unknown class,Japan,Japan_000496.xml,D44
Unknown class,Japan,Japan_000496.xml,D50
Unknown class,Japan,Japan_000498.xml,D50
Unknown class,Japan,Japan_000498.xml,D43
Unknown class,Japan,Japan_000503.xml,D44
Unknown class,Japan,Japan_000503.xml,D44
Unknown class,Japan,Japan_000508.xml,D50
Unknown class,Japan,Japan_000511.xml,D44
Unknown class,Japan,Japan_000511.xml,D44
Unknown class,Japan,Japan_000513.xml,D44
Unknown class,Japan,Japan_000515.xml,D44
Unknown class,Japan,Japan_000517.xml,D44
Unknown class,Japan,Japan_000519.xml,D44
Unknown class,Japan,Japan_000520.xml,D43
Unknown class,Japan,Japan_000521.xml,D50
Unknown class,Japan,Japan_000522.xml,D44
Unknown class,Japan,Japan_000522.xml,D43
Unknown class,Japan,Japan_000528.xml,D44
Unknown class,Japan,Japan_000530.xml,D44
Unknown class,Japan,Japan_000532.xml,D43
Unknown class,Japan,Japan_000534.xml,D44
Unknown class,Japan,Japan_000535.xml,D44
Unknown class,Japan,Japan_000537.xml,D50
Unknown class,Japan,Japan_000538.xml,D43
Unknown class,Japan,Japan_000538.xml,D50
Unknown class,Japan,Japan_000544.xml,D44
Unknown class,Japan,Japan_000546.xml,D44
Unknown class,Japan,Japan_000546.xml,D44
Unknown class,Japan,Japan_000547.xml,D50
Unknown class,Japan,Japan_000547.xml,D50
Unknown class,Japan,Japan_000550.xml,D44
Unknown class,Japan,Japan_000554.xml,D50
Unknown class,Japan,Japan_000554.xml,D50
Unknown class,Japan,Japan_000555.xml,D50
Unknown class,Japan,Japan_000555.xml,D44
Unknown class,Japan,Japan_000558.xml,D50
Unknown class,Japan,Japan_000559.xml,D50
Unknown class,Japan,Japan_000560.xml,D44
Unknown class,Japan,Japan_000567.xml,D44
Unknown class,Japan,Japan_000567.xml,D50
Unknown class,Japan,Japan_000570.xml,D44
Unknown class,Japan,Japan_000570.xml,D44
Unknown class,Japan,Japan_000575.xml,D44
Unknown class,Japan,Japan_000575.xml,D43
Unknown class,Japan,Japan_000576.xml,D43
Unknown class,Japan,Japan_000576.xml,D50
Unknown class,Japan,Japan_000577.xml,D44
Unknown class,Japan,Japan_000581.xml,D44
Unknown class,Japan,Japan_000582.xml,D43
Unknown class,Japan,Japan_000584.xml,D44
Unknown class,Japan,Japan_000585.xml,D44
Unknown class,Japan,Japan_000586.xml,D50
Unknown class,Japan,Japan_000588.xml,D44
Unknown class,Japan,Japan_000590.xml,D44
Unknown class,Japan,Japan_000594.xml,D50
Unknown class,Japan,Japan_000596.xml,D50
Unknown class,Japan,Japan_000597.xml,D44
Unknown class,Japan,Japan_000598.xml,D50
Unknown class,Japan,Japan_000598.xml,D50
Unknown class,Japan,Japan_000599.xml,D44
Unknown class,Japan,Japan_000600.xml,D50
Unknown class,Japan,Japan_000601.xml,D43
Unknown class,Japan,Japan_000602.xml,D44
Unknown class,Japan,Japan_000602.xml,D44
Unknown class,Japan,Japan_000602.xml,D50
Unknown class,Japan,Japan_000604.xml,D44
Unknown class,Japan,Japan_000605.xml,D44
Unknown class,Japan,Japan_000605.xml,D44
Unknown class,Japan,Japan_000608.xml,D50
Unknown class,Japan,Japan_000609.xml,D50
Unknown class,Japan,Japan_000612.xml,D44
Unknown class,Japan,Japan_000613.xml,D44
Unknown class,Japan,Japan_000625.xml,D50
Unknown class,Japan,Japan_000626.xml,D44
Unknown class,Japan,Japan_000627.xml,D44
Unknown class,Japan,Japan_000627.xml,D44
Unknown class,Japan,Japan_000630.xml,D43
Unknown class,Japan,Japan_000630.xml,D50
Unknown class,Japan,Japan_000630.xml,D50
Unknown class,Japan,Japan_000634.xml,D43
Unknown class,Japan,Japan_000634.xml,D50
Unknown class,Japan,Japan_000634.xml,D43
Unknown class,Japan,Japan_000638.xml,D50
Unknown class,Japan,Japan_000642.xml,D44
Unknown class,Japan,Japan_000643.xml,D44
Unknown class,Japan,Japan_000643.xml,D44
Unknown class,Japan,Japan_000646.xml,D44
Unknown class,Japan,Japan_000648.xml,D50
Unknown class,Japan,Japan_000648.xml,D50
Unknown class,Japan,Japan_000649.xml,D44
Unknown class,Japan,Japan_000649.xml,D44
Unknown class,Japan,Japan_000650.xml,D50
Unknown class,Japan,Japan_000650.xml,D50
Unknown class,Japan,Japan_000650.xml,D50
Unknown class,Japan,Japan_000654.xml,D50
Unknown class,Japan,Japan_000654.xml,D50
Unknown class,Japan,Japan_000656.xml,D44
Unknown class,Japan,Japan_000656.xml,D50
Unknown class,Japan,Japan_000657.xml,D50
Unknown class,Japan,Japan_000658.xml,D50
Unknown class,Japan,Japan_000658.xml,D50
Unknown class,Japan,Japan_000664.xml,D44
Unknown class,Japan,Japan_000664.xml,D44
Unknown class,Japan,Japan_000666.xml,D44
Unknown class,Japan,Japan_000666.xml,D44
Unknown class,Japan,Japan_000669.xml,D44
Unknown class,Japan,Japan_000669.xml,D44
Unknown class,Japan,Japan_000671.xml,D50
Unknown class,Japan,Japan_000673.xml,D50
Unknown class,Japan,Japan_000673.xml,D50
Unknown class,Japan,Japan_000675.xml,D50
Unknown class,Japan,Japan_000676.xml,D44
Unknown class,Japan,Japan_000679.xml,D44
Unknown class,Japan,Japan_000679.xml,D44
Unknown class,Japan,Japan_000681.xml,D44
Unknown class,Japan,Japan_000681.xml,D50
Unknown class,Japan,Japan_000684.xml,D50
Unknown class,Japan,Japan_000684.xml,D50
Unknown class,Japan,Japan_000684.xml,D50
Unknown class,Japan,Japan_000687.xml,D43
Unknown class,Japan,Japan_000687.xml,D50
Unknown class,Japan,Japan_000693.xml,D44
Unknown class,Japan,Japan_000693.xml,D44
Unknown class,Japan,Japan_000693.xml,D44
Unknown class,Japan,Japan_000694.xml,D50
Unknown class,Japan,Japan_000694.xml,D50
Unknown class,Japan,Japan_000696.xml,D44
Unknown class,Japan,Japan_000698.xml,D44
Unknown class,Japan,Japan_000704.xml,D43
Unknown class,Japan,Japan_000704.xml,D50
Unknown class,Japan,Japan_000709.xml,D50
Unknown class,Japan,Japan_000710.xml,D44
Unknown class,Japan,Japan_000710.xml,D50
Unknown class,Japan,Japan_000710.xml,D44
Unknown class,Japan,Japan_000711.xml,D44
Unknown class,Japan,Japan_000711.xml,D50
Unknown class,Japan,Japan_000716.xml,D50
Unknown class,Japan,Japan_000717.xml,D50
Unknown class,Japan,Japan_000717.xml,D44
Unknown class,Japan,Japan_000717.xml,D50
Unknown class,Japan,Japan_000718.xml,D44
Unknown class,Japan,Japan_000718.xml,D44
Unknown class,Japan,Japan_000719.xml,D44
Unknown class,Japan,Japan_000719.xml,D44
Unknown class,Japan,Japan_000720.xml,D44
Unknown class,Japan,Japan_000720.xml,D50
Unknown class,Japan,Japan_000721.xml,D44
Unknown class,Japan,Japan_000724.xml,D44
Unknown class,Japan,Japan_000726.xml,D44
Unknown class,Japan,Japan_000726.xml,D44
Unknown class,Japan,Japan_000729.xml,D50
Unknown class,Japan,Japan_000732.xml,D44
Unknown class,Japan,Japan_000732.xml,D44
Unknown class,Japan,Japan_000733.xml,D44
Unknown class,Japan,Japan_000734.xml,D44
Unknown class,Japan,Japan_000735.xml,D50
Unknown class,Japan,Japan_000735.xml,D50
Unknown class,Japan,Japan_000736.xml,D50
Unknown class,Japan,Japan_000738.xml,D44
Unknown class,Japan,Japan_000738.xml,D44
Unknown class,Japan,Japan_000740.xml,D50
Unknown class,Japan,Japan_000740.xml,D50
Unknown class,Japan,Japan_000741.xml,D50
Unknown class,Japan,Japan_000743.xml,D50
Unknown class,Japan,Japan_000745.xml,D50
Unknown class,Japan,Japan_000745.xml,D50
Unknown class,Japan,Japan_000745.xml,D50
Unknown class,Japan,Japan_000745.xml,D50
Unknown class,Japan,Japan_000748.xml,D44
Unknown class,Japan,Japan_000748.xml,D44
Unknown class,Japan,Japan_000752.xml,D44
Unknown class,Japan,Japan_000752.xml,D44
Unknown class,Japan,Japan_000752.xml,D50
Unknown class,Japan,Japan_000752.xml,D50
Unknown class,Japan,Japan_000755.xml,D44
Unknown class,Japan,Japan_000757.xml,D44
Unknown class,Japan,Japan_000765.xml,D43
Unknown class,Japan,Japan_000773.xml,D44
Unknown class,Japan,Japan_000774.xml,D50
Unknown class,Japan,Japan_000776.xml,D44
Unknown class,Japan,Japan_000777.xml,D44
Unknown class,Japan,Japan_000778.xml,D44
Unknown class,Japan,Japan_000779.xml,D50
Unknown class,Japan,Japan_000779.xml,D44
Unknown class,Japan,Japan_000779.xml,D50
Unknown class,Japan,Japan_000780.xml,D43
Unknown class,Japan,Japan_000780.xml,D50
Unknown class,Japan,Japan_000780.xml,D50
Unknown class,Japan,Japan_000781.xml,D44
Unknown class,Japan,Japan_000784.xml,D50
Unknown class,Japan,Japan_000786.xml,D43
Unknown class,Japan,Japan_000789.xml,D50
Unknown class,Japan,Japan_000793.xml,D50
Unknown class,Japan,Japan_000796.xml,D44
Unknown class,Japan,Japan_000797.xml,D44
Unknown class,Japan,Japan_000797.xml,D50
Unknown class,Japan,Japan_000798.xml,D50
Unknown class,Japan,Japan_000799.xml,D44
Unknown class,Japan,Japan_000801.xml,D44
Unknown class,Japan,Japan_000802.xml,D50
Unknown class,Japan,Japan_000803.xml,D44
Unknown class,Japan,Japan_000805.xml,D50
Unknown class,Japan,Japan_000805.xml,D50
Unknown class,Japan,Japan_000808.xml,D44
Unknown class,Japan,Japan_000808.xml,D44
Unknown class,Japan,Japan_000812.xml,D44
Unknown class,Japan,Japan_000812.xml,D44
Unknown class,Japan,Japan_000814.xml,D50
Unknown class,Japan,Japan_000814.xml,D50
Unknown class,Japan,Japan_000823.xml,D44
Unknown class,Japan,Japan_000823.xml,D50
Unknown class,Japan,Japan_000824.xml,D50
Unknown class,Japan,Japan_000829.xml,D50
Unknown class,Japan,Japan_000829.xml,D50
Unknown class,Japan,Japan_000829.xml,D44
Unknown class,Japan,Japan_000832.xml,D44
Unknown class,Japan,Japan_000837.xml,D50
Unknown class,Japan,Japan_000837.xml,D50
Unknown class,Japan,Japan_000837.xml,D44
Unknown class,Japan,Japan_000839.xml,D44
Unknown class,Japan,Japan_000840.xml,D50
Unknown class,Japan,Japan_000840.xml,D50
Unknown class,Japan,Japan_000843.xml,D44
Unknown class,Japan,Japan_000850.xml,D44
Unknown class,Japan,Japan_000850.xml,D44
Unknown class,Japan,Japan_000852.xml,D44
Unknown class,Japan,Japan_000855.xml,D43
Unknown class,Japan,Japan_000859.xml,D44
Unknown class,Japan,Japan_000859.xml,D44
Unknown class,Japan,Japan_000865.xml,D44
Unknown class,Japan,Japan_000871.xml,D50
Unknown class,Japan,Japan_000871.xml,D50
Unknown class,Japan,Japan_000875.xml,D50
Unknown class,Japan,Japan_000875.xml,D50
Unknown class,Japan,Japan_000878.xml,D44
Unknown class,Japan,Japan_000878.xml,D44
Unknown class,Japan,Japan_000878.xml,D44
Unknown class,Japan,Japan_000880.xml,D44
Unknown class,Japan,Japan_000888.xml,D43
Unknown class,Japan,Japan_000889.xml,D50
Unknown class,Japan,Japan_000895.xml,D43
Unknown class,Japan,Japan_000898.xml,D50
Unknown class,Japan,Japan_000898.xml,D50
Unknown class,Japan,Japan_000908.xml,D44
Unknown class,Japan,Japan_000908.xml,D50
Unknown class,Japan,Japan_000911.xml,D50
Unknown class,Japan,Japan_000911.xml,D50
Unknown class,Japan,Japan_000913.xml,D44
Unknown class,Japan,Japan_000914.xml,D50
Unknown class,Japan,Japan_000916.xml,D44
Unknown class,Japan,Japan_000917.xml,D50
Unknown class,Japan,Japan_000918.xml,D44
Unknown class,Japan,Japan_000920.xml,D50
Unknown class,Japan,Japan_000921.xml,D50
Unknown class,Japan,Japan_000924.xml,D50
Unknown class,Japan,Japan_000929.xml,D50
Unknown class,Japan,Japan_000930.xml,D44
Unknown class,Japan,Japan_000931.xml,D44
Unknown class,Japan,Japan_000932.xml,D44
Unknown class,Japan,Japan_000934.xml,D44
Unknown class,Japan,Japan_000935.xml,D50
Unknown class,Japan,Japan_000939.xml,D50
Unknown class,Japan,Japan_000941.xml,D44
Unknown class,Japan,Japan_000945.xml,D50
Unknown class,Japan,Japan_000947.xml,D44
Unknown class,Japan,Japan_000948.xml,D50
Unknown class,Japan,Japan_000950.xml,D50
Unknown class,Japan,Japan_000953.xml,D44
Unknown class,Japan,Japan_000956.xml,D50
Unknown class,Japan,Japan_000971.xml,D44
Unknown class,Japan,Japan_000972.xml,D43
Unknown class,Japan,Japan_000972.xml,D50
Unknown class,Japan,Japan_000974.xml,D50
Unknown class,Japan,Japan_000976.xml,D44
Unknown class,Japan,Japan_000976.xml,D44
Unknown class,Japan,Japan_000977.xml,D44
Unknown class,Japan,Japan_000977.xml,D44
Unknown class,Japan,Japan_000977.xml,D50
Unknown class,Japan,Japan_000983.xml,D50
Unknown class,Japan,Japan_000983.xml,D50
Unknown class,Japan,Japan_000987.xml,D50
Unknown class,Japan,Japan_000987.xml,D50
Unknown class,Japan,Japan_000992.xml,D50
Unknown class,Japan,Japan_000992.xml,D44
Unknown class,Japan,Japan_000996.xml,D50
Unknown class,Japan,Japan_001000.xml,D50
Unknown class,Japan,Japan_001002.xml,D50
Unknown class,Japan,Japan_001002.xml,D50
Unknown class,Japan,Japan_001002.xml,D50
Unknown class,Japan,Japan_001003.xml,D44
Unknown class,Japan,Japan_001005.xml,D50
Unknown class,Japan,Japan_001005.xml,D50
Unknown class,Japan,Japan_001007.xml,D44
Unknown class,Japan,Japan_001007.xml,D50
Unknown class,Japan,Japan_001010.xml,D44
Unknown class,Japan,Japan_001013.xml,D50
Unknown class,Japan,Japan_001013.xml,D50
Unknown class,Japan,Japan_001016.xml,D44
Unknown class,Japan,Japan_001016.xml,D44
Unknown class,Japan,Japan_001020.xml,D44
Unknown class,Japan,Japan_001021.xml,D50
Unknown class,Japan,Japan_001023.xml,D44
Unknown class,Japan,Japan_001024.xml,D44
Unknown class,Japan,Japan_001026.xml,D44
Unknown class,Japan,Japan_001031.xml,D43
Unknown class,Japan,Japan_001032.xml,D50
Unknown class,Japan,Japan_001032.xml,D50
Unknown class,Japan,Japan_001036.xml,D44
Unknown class,Japan,Japan_001036.xml,D44
Unknown class,Japan,Japan_001036.xml,D50
Unknown class,Japan,Japan_001037.xml,D44
Unknown class,Japan,Japan_001038.xml,D44
Unknown class,Japan,Japan_001040.xml,D43
Unknown class,Japan,Japan_001041.xml,D44
Unknown class,Japan,Japan_001041.xml,D50
Unknown class,Japan,Japan_001042.xml,D50
Unknown class,Japan,Japan_001043.xml,D44
Unknown class,Japan,Japan_001045.xml,D44
Unknown class,Japan,Japan_001045.xml,D50
Unknown class,Japan,Japan_001046.xml,D44
Unknown class,Japan,Japan_001047.xml,D44
Unknown class,Japan,Japan_001047.xml,D50
Unknown class,Japan,Japan_001049.xml,D44
Unknown class,Japan,Japan_001052.xml,D44
Unknown class,Japan,Japan_001053.xml,D44
Unknown class,Japan,Japan_001054.xml,D50
Unknown class,Japan,Japan_001058.xml,D44
Unknown class,Japan,Japan_001060.xml,D43
Unknown class,Japan,Japan_001060.xml,D50
Unknown class,Japan,Japan_001060.xml,D44
Unknown class,Japan,Japan_001063.xml,D50
Unknown class,Japan,Japan_001068.xml,D44
Unknown class,Japan,Japan_001075.xml,D50
Unknown class,Japan,Japan_001077.xml,D50
Unknown class,Japan,Japan_001077.xml,D44
Unknown class,Japan,Japan_001078.xml,D44
Unknown class,Japan,Japan_001080.xml,D44
Unknown class,Japan,Japan_001080.xml,D50
Unknown class,Japan,Japan_001081.xml,D44
Unknown class,Japan,Japan_001081.xml,D44
Unknown class,Japan,Japan_001083.xml,D43
Unknown class,Japan,Japan_001083.xml,D50
Unknown class,Japan,Japan_001085.xml,D50
Unknown class,Japan,Japan_001085.xml,D50
Unknown class,Japan,Japan_001086.xml,D44
Unknown class,Japan,Japan_001088.xml,D50
Unknown class,Japan,Japan_001090.xml,D50
Unknown class,Japan,Japan_001096.xml,D50
Unknown class,Japan,Japan_001097.xml,D43
Unknown class,Japan,Japan_001097.xml,D50
Unknown class,Japan,Japan_001097.xml,D50
Unknown class,Japan,Japan_001097.xml,D50
Unknown class,Japan,Japan_001099.xml,D50
Unknown class,Japan,Japan_001099.xml,D50
Unknown class,Japan,Japan_001100.xml,D44
Unknown class,Japan,Japan_001100.xml,D50
Unknown class,Japan,Japan_001100.xml,D50
Unknown class,Japan,Japan_001101.xml,D50
Unknown class,Japan,Japan_001101.xml,D50
Unknown class,Japan,Japan_001101.xml,D50
Unknown class,Japan,Japan_001104.xml,D44
Unknown class,Japan,Japan_001106.xml,D44
Unknown class,Japan,Japan_001106.xml,D44
Unknown class,Japan,Japan_001106.xml,D44
Unknown class,Japan,Japan_001110.xml,D43
Unknown class,Japan,Japan_001110.xml,D50
Unknown class,Japan,Japan_001110.xml,D50
Unknown class,Japan,Japan_001110.xml,D50
Unknown class,Japan,Japan_001112.xml,D44
Unknown class,Japan,Japan_001112.xml,D50
Unknown class,Japan,Japan_001114.xml,D44
Unknown class,Japan,Japan_001114.xml,D50
Unknown class,Japan,Japan_001115.xml,D50
Unknown class,Japan,Japan_001116.xml,D50
Unknown class,Japan,Japan_001119.xml,D44
Unknown class,Japan,Japan_001121.xml,D43
Unknown class,Japan,Japan_001121.xml,D50
Unknown class,Japan,Japan_001127.xml,D50
Unknown class,Japan,Japan_001127.xml,D50
Unknown class,Japan,Japan_001130.xml,D44
Unknown class,Japan,Japan_001133.xml,D43
Unknown class,Japan,Japan_001133.xml,D44
Unknown class,Japan,Japan_001133.xml,D50
Unknown class,Japan,Japan_001133.xml,D43
Unknown class,Japan,Japan_001134.xml,D44
Unknown class,Japan,Japan_001137.xml,D50
Unknown class,Japan,Japan_001139.xml,D43
Unknown class,Japan,Japan_001141.xml,D44
Unknown class,Japan,Japan_001142.xml,D44
Unknown class,Japan,Japan_001143.xml,D44
Unknown class,Japan,Japan_001143.xml,D44
Unknown class,Japan,Japan_001144.xml,D44
Unknown class,Japan,Japan_001145.xml,D44
Unknown class,Japan,Japan_001146.xml,D43
Unknown class,Japan,Japan_001146.xml,D43
Unknown class,Japan,Japan_001146.xml,D50
Unknown class,Japan,Japan_001146.xml,D50
Unknown class,Japan,Japan_001150.xml,D50
Unknown class,Japan,Japan_001154.xml,D50
Unknown class,Japan,Japan_001156.xml,D44
Unknown class,Japan,Japan_001159.xml,D50
Unknown class,Japan,Japan_001159.xml,D50
Unknown class,Japan,Japan_001159.xml,D50
Unknown class,Japan,Japan_001160.xml,D44
Unknown class,Japan,Japan_001160.xml,D50
Unknown class,Japan,Japan_001160.xml,D50
Unknown class,Japan,Japan_001160.xml,D50
Unknown class,Japan,Japan_001160.xml,D50
Unknown class,Japan,Japan_001161.xml,D44
Unknown class,Japan,Japan_001164.xml,D50
Unknown class,Japan,Japan_001164.xml,D50
Unknown class,Japan,Japan_001165.xml,D44
Unknown class,Japan,Japan_001168.xml,D44
Unknown class,Japan,Japan_001169.xml,D44
Unknown class,Japan,Japan_001174.xml,D44
Unknown class,Japan,Japan_001176.xml,D50
Unknown class,Japan,Japan_001182.xml,D44
Unknown class,Japan,Japan_001185.xml,D44
Unknown class,Japan,Japan_001185.xml,D44
Unknown class,Japan,Japan_001190.xml,D50
Unknown class,Japan,Japan_001194.xml,D50
Unknown class,Japan,Japan_001197.xml,D44
Unknown class,Japan,Japan_001199.xml,D44
Unknown class,Japan,Japan_001199.xml,D50
Unknown class,Japan,Japan_001199.xml,D50
Unknown class,Japan,Japan_001200.xml,D50
Unknown class,Japan,Japan_001205.xml,D50
Unknown class,Japan,Japan_001205.xml,D50
Unknown class,Japan,Japan_001212.xml,D44
Unknown class,Japan,Japan_001212.xml,D44
Unknown class,Japan,Japan_001215.xml,D44
Unknown class,Japan,Japan_001215.xml,D44
Unknown class,Japan,Japan_001215.xml,D50
Unknown class,Japan,Japan_001216.xml,D50
Unknown class,Japan,Japan_001222.xml,D44
Unknown class,Japan,Japan_001223.xml,D44
Unknown class,Japan,Japan_001230.xml,D50
Unknown class,Japan,Japan_001231.xml,D44
Unknown class,Japan,Japan_001235.xml,D43
Unknown class,Japan,Japan_001237.xml,D50
Unknown class,Japan,Japan_001243.xml,D50
Unknown class,Japan,Japan_001243.xml,D50
Unknown class,Japan,Japan_001246.xml,D50
Unknown class,Japan,Japan_001248.xml,D44
Unknown class,Japan,Japan_001248.xml,D44
Unknown class,Japan,Japan_001249.xml,D44
Unknown class,Japan,Japan_001254.xml,D43
Unknown class,Japan,Japan_001255.xml,D44
Unknown class,Japan,Japan_001258.xml,D50
Unknown class,Japan,Japan_001266.xml,D44
Unknown class,Japan,Japan_001267.xml,D43
Unknown class,Japan,Japan_001267.xml,D50
Unknown class,Japan,Japan_001267.xml,D44
Unknown class,Japan,Japan_001271.xml,D43
Unknown class,Japan,Japan_001276.xml,D50
Unknown class,Japan,Japan_001281.xml,D44
Unknown class,Japan,Japan_001282.xml,D43
Unknown class,Japan,Japan_001284.xml,D50
Unknown class,Japan,Japan_001284.xml,D50
Unknown class,Japan,Japan_001284.xml,D50
Unknown class,Japan,Japan_001287.xml,D44
Unknown class,Japan,Japan_001288.xml,D50
Unknown class,Japan,Japan_001289.xml,D44
Unknown class,Japan,Japan_001295.xml,D44
Unknown class,Japan,Japan_001295.xml,D44
Unknown class,Japan,Japan_001296.xml,D44
Unknown class,Japan,Japan_001298.xml,D50
Unknown class,Japan,Japan_001303.xml,D50
Unknown class,Japan,Japan_001303.xml,D50
Unknown class,Japan,Japan_001306.xml,D44
Unknown class,Japan,Japan_001307.xml,D44
Unknown class,Japan,Japan_001307.xml,D44
Unknown class,Japan,Japan_001308.xml,D50
Unknown class,Japan,Japan_001310.xml,D50
Unknown class,Japan,Japan_001310.xml,D50
Unknown class,Japan,Japan_001311.xml,D50
Unknown class,Japan,Japan_001311.xml,D50
Unknown class,Japan,Japan_001314.xml,D44
Unknown class,Japan,Japan_001315.xml,D43
Unknown class,Japan,Japan_001315.xml,D50
Unknown class,Japan,Japan_001315.xml,D43
Unknown class,Japan,Japan_001318.xml,D44
Unknown class,Japan,Japan_001322.xml,D44
Unknown class,Japan,Japan_001326.xml,D44
Unknown class,Japan,Japan_001328.xml,D44
Unknown class,Japan,Japan_001328.xml,D43
Unknown class,Japan,Japan_001328.xml,D50
Unknown class,Japan,Japan_001329.xml,D44
Unknown class,Japan,Japan_001329.xml,D50
Unknown class,Japan,Japan_001329.xml,D50
Unknown class,Japan,Japan_001333.xml,D44
Unknown class,Japan,Japan_001334.xml,D44
Unknown class,Japan,Japan_001334.xml,D44
Unknown class,Japan,Japan_001334.xml,D44
Unknown class,Japan,Japan_001339.xml,D44
Unknown class,Japan,Japan_001343.xml,D50
Unknown class,Japan,Japan_001343.xml,D50
Unknown class,Japan,Japan_001345.xml,D44
Unknown class,Japan,Japan_001347.xml,D50
Unknown class,Japan,Japan_001348.xml,D43
Unknown class,Japan,Japan_001348.xml,D44
Unknown class,Japan,Japan_001350.xml,D43
Unknown class,Japan,Japan_001355.xml,D50
Unknown class,Japan,Japan_001357.xml,D44
Unknown class,Japan,Japan_001359.xml,D43
Unknown class,Japan,Japan_001361.xml,D43
Unknown class,Japan,Japan_001362.xml,D50
Unknown class,Japan,Japan_001365.xml,D44
Unknown class,Japan,Japan_001365.xml,D44
Unknown class,Japan,Japan_001365.xml,D50
Unknown class,Japan,Japan_001365.xml,D50
Unknown class,Japan,Japan_001369.xml,D43
Unknown class,Japan,Japan_001371.xml,D43
Unknown class,Japan,Japan_001373.xml,D44
Unknown class,Japan,Japan_001373.xml,D44
Unknown class,Japan,Japan_001374.xml,D44
Unknown class,Japan,Japan_001375.xml,D44
Unknown class,Japan,Japan_001375.xml,D44
Unknown class,Japan,Japan_001375.xml,D50
Unknown class,Japan,Japan_001377.xml,D43
Unknown class,Japan,Japan_001383.xml,D50
Unknown class,Japan,Japan_001383.xml,D50
Unknown class,Japan,Japan_001383.xml,D50
Unknown class,Japan,Japan_001383.xml,D50
Unknown class,Japan,Japan_001385.xml,D50
Unknown class,Japan,Japan_001385.xml,D50
Unknown class,Japan,Japan_001392.xml,D50
Unknown class,Japan,Japan_001397.xml,D43
Unknown class,Japan,Japan_001398.xml,D50
Unknown class,Japan,Japan_001402.xml,D50
Unknown class,Japan,Japan_001406.xml,D50
Unknown class,Japan,Japan_001406.xml,D50
Unknown class,Japan,Japan_001406.xml,D50
Unknown class,Japan,Japan_001407.xml,D43
Unknown class,Japan,Japan_001407.xml,D50
Unknown class,Japan,Japan_001407.xml,D50
Unknown class,Japan,Japan_001409.xml,D50
Unknown class,Japan,Japan_001410.xml,D43
Unknown class,Japan,Japan_001411.xml,D44
Unknown class,Japan,Japan_001412.xml,D44
Unknown class,Japan,Japan_001413.xml,D44
Unknown class,Japan,Japan_001413.xml,D50
Unknown class,Japan,Japan_001417.xml,D44
Unknown class,Japan,Japan_001419.xml,D43
Unknown class,Japan,Japan_001419.xml,D43
Unknown class,Japan,Japan_001422.xml,D43
Unknown class,Japan,Japan_001425.xml,D44
Unknown class,Japan,Japan_001425.xml,D50
Unknown class,Japan,Japan_001426.xml,D44
Unknown class,Japan,Japan_001427.xml,D50
Unknown class,Japan,Japan_001428.xml,D50
Unknown class,Japan,Japan_001428.xml,D50
Unknown class,Japan,Japan_001428.xml,D44
Unknown class,Japan,Japan_001429.xml,D50
Unknown class,Japan,Japan_001430.xml,D44
Unknown class,Japan,Japan_001431.xml,D44
Unknown class,Japan,Japan_001431.xml,D44
Unknown class,Japan,Japan_001434.xml,D44
Unknown class,Japan,Japan_001436.xml,D50
Unknown class,Japan,Japan_001437.xml,D44
Unknown class,Japan,Japan_001437.xml,D50
Unknown class,Japan,Japan_001443.xml,D50
Unknown class,Japan,Japan_001443.xml,D44
Unknown class,Japan,Japan_001443.xml,D50
Unknown class,Japan,Japan_001444.xml,D50
Unknown class,Japan,Japan_001444.xml,D50
Unknown class,Japan,Japan_001447.xml,D44
Unknown class,Japan,Japan_001449.xml,D44
Unknown class,Japan,Japan_001452.xml,D50
Unknown class,Japan,Japan_001452.xml,D50
Unknown class,Japan,Japan_001453.xml,D43
Unknown class,Japan,Japan_001453.xml,D44
Unknown class,Japan,Japan_001455.xml,D44
Unknown class,Japan,Japan_001455.xml,D50
Unknown class,Japan,Japan_001457.xml,D44
Unknown class,Japan,Japan_001460.xml,D44
Unknown class,Japan,Japan_001467.xml,D44
Unknown class,Japan,Japan_001467.xml,D44
Unknown class,Japan,Japan_001468.xml,D44
Unknown class,Japan,Japan_001468.xml,D50
Unknown class,Japan,Japan_001470.xml,D44
Unknown class,Japan,Japan_001471.xml,D50
Unknown class,Japan,Japan_001473.xml,D44
Unknown class,Japan,Japan_001474.xml,D44
Unknown class,Japan,Japan_001474.xml,D44
Unknown class,Japan,Japan_001475.xml,D43
Unknown class,Japan,Japan_001479.xml,D44
Unknown class,Japan,Japan_001479.xml,D44
Unknown class,Japan,Japan_001479.xml,D50
Unknown class,Japan,Japan_001481.xml,D43
Unknown class,Japan,Japan_001482.xml,D44
Unknown class,Japan,Japan_001482.xml,D50
Unknown class,Japan,Japan_001486.xml,D44
Unknown class,Japan,Japan_001488.xml,D50
Unknown class,Japan,Japan_001489.xml,D50
Unknown class,Japan,Japan_001492.xml,D44
Unknown class,Japan,Japan_001492.xml,D50
Unknown class,Japan,Japan_001493.xml,D50
Unknown class,Japan,Japan_001495.xml,D44
Unknown class,Japan,Japan_001495.xml,D44
Unknown class,Japan,Japan_001495.xml,D44
Unknown class,Japan,Japan_001495.xml,D50
Unknown class,Japan,Japan_001495.xml,D50
Unknown class,Japan,Japan_001495.xml,D50
Unknown class,Japan,Japan_001498.xml,D50
Unknown class,Japan,Japan_001503.xml,D50
Unknown class,Japan,Japan_001503.xml,D50
Unknown class,Japan,Japan_001503.xml,D50
Unknown class,Japan,Japan_001503.xml,D44
Unknown class,Japan,Japan_001505.xml,D44
Unknown class,Japan,Japan_001508.xml,D44
Unknown class,Japan,Japan_001508.xml,D50
Unknown class,Japan,Japan_001508.xml,D50
Unknown class,Japan,Japan_001509.xml,D43
Unknown class,Japan,Japan_001513.xml,D50
Unknown class,Japan,Japan_001513.xml,D50
Unknown class,Japan,Japan_001514.xml,D44
Unknown class,Japan,Japan_001514.xml,D44
Unknown class,Japan,Japan_001515.xml,D50
Unknown class,Japan,Japan_001515.xml,D50
Unknown class,Japan,Japan_001519.xml,D44
Unknown class,Japan,Japan_001519.xml,D44
Unknown class,Japan,Japan_001519.xml,D44
Unknown class,Japan,Japan_001520.xml,D44
Unknown class,Japan,Japan_001520.xml,D50
Unknown class,Japan,Japan_001521.xml,D44
Unknown class,Japan,Japan_001522.xml,D50
Unknown class,Japan,Japan_001523.xml,D44
Unknown class,Japan,Japan_001527.xml,D44
Unknown class,Japan,Japan_001527.xml,D44
Unknown class,Japan,Japan_001528.xml,D50
Unknown class,Japan,Japan_001528.xml,D50
Unknown class,Japan,Japan_001532.xml,D44
Unknown class,Japan,Japan_001533.xml,D44
Unknown class,Japan,Japan_001538.xml,D44
Unknown class,Japan,Japan_001539.xml,D50
Unknown class,Japan,Japan_001539.xml,D44
Unknown class,Japan,Japan_001539.xml,D50
Unknown class,Japan,Japan_001539.xml,D50
Unknown class,Japan,Japan_001542.xml,D50
Unknown class,Japan,Japan_001546.xml,D50
Unknown class,Japan,Japan_001547.xml,D44
Unknown class,Japan,Japan_001547.xml,D50
Unknown class,Japan,Japan_001549.xml,D44
Unknown class,Japan,Japan_001554.xml,D44
Unknown class,Japan,Japan_001558.xml,D50
Unknown class,Japan,Japan_001561.xml,D43
Unknown class,Japan,Japan_001562.xml,D43
Unknown class,Japan,Japan_001564.xml,D44
Unknown class,Japan,Japan_001567.xml,D44
Unknown class,Japan,Japan_001567.xml,D50
Unknown class,Japan,Japan_001568.xml,D44
Unknown class,Japan,Japan_001569.xml,D44
Unknown class,Japan,Japan_001575.xml,D50
Unknown class,Japan,Japan_001576.xml,D44
Unknown class,Japan,Japan_001576.xml,D44
Unknown class,Japan,Japan_001579.xml,D44
Unknown class,Japan,Japan_001581.xml,D44
Unknown class,Japan,Japan_001582.xml,D44
Unknown class,Japan,Japan_001582.xml,D44
Unknown class,Japan,Japan_001583.xml,D44
Unknown class,Japan,Japan_001584.xml,D44
Unknown class,Japan,Japan_001585.xml,D44
Unknown class,Japan,Japan_001585.xml,D44
Unknown class,Japan,Japan_001585.xml,D50
Unknown class,Japan,Japan_001585.xml,D50
Unknown class,Japan,Japan_001587.xml,D50
Unknown class,Japan,Japan_001589.xml,D50
Unknown class,Japan,Japan_001589.xml,D50
Unknown class,Japan,Japan_001589.xml,D50
Unknown class,Japan,Japan_001591.xml,D44
Unknown class,Japan,Japan_001595.xml,D50
Unknown class,Japan,Japan_001595.xml,D50
Unknown class,Japan,Japan_001605.xml,D44
Unknown class,Japan,Japan_001606.xml,D44
Unknown class,Japan,Japan_001608.xml,D44
Unknown class,Japan,Japan_001608.xml,D50
Unknown class,Japan,Japan_001609.xml,D44
Unknown class,Japan,Japan_001613.xml,D50
Unknown class,Japan,Japan_001613.xml,D50
Unknown class,Japan,Japan_001614.xml,D50
Unknown class,Japan,Japan_001615.xml,D43
Unknown class,Japan,Japan_001617.xml,D50
Unknown class,Japan,Japan_001617.xml,D50
Unknown class,Japan,Japan_001618.xml,D44
Unknown class,Japan,Japan_001618.xml,D44
Unknown class,Japan,Japan_001618.xml,D50
Unknown class,Japan,Japan_001620.xml,D44
Unknown class,Japan,Japan_001623.xml,D43
Unknown class,Japan,Japan_001623.xml,D44
Unknown class,Japan,Japan_001625.xml,D44
Unknown class,Japan,Japan_001625.xml,D44
Unknown class,Japan,Japan_001625.xml,D44
Unknown class,Japan,Japan_001628.xml,D44
Unknown class,Japan,Japan_001630.xml,D50
Unknown class,Japan,Japan_001631.xml,D50
Unknown class,Japan,Japan_001635.xml,D44
Unknown class,Japan,Japan_001635.xml,D44
Unknown class,Japan,Japan_001637.xml,D50
Unknown class,Japan,Japan_001644.xml,D50
Unknown class,Japan,Japan_001644.xml,D50
Unknown class,Japan,Japan_001649.xml,D44
Unknown class,Japan,Japan_001651.xml,D43
Unknown class,Japan,Japan_001651.xml,D50
Unknown class,Japan,Japan_001654.xml,D44
Unknown class,Japan,Japan_001655.xml,D50
Unknown class,Japan,Japan_001658.xml,D44
Unknown class,Japan,Japan_001659.xml,D50
Unknown class,Japan,Japan_001663.xml,D50
Unknown class,Japan,Japan_001664.xml,D44
Unknown class,Japan,Japan_001665.xml,D50
Unknown class,Japan,Japan_001668.xml,D50
Unknown class,Japan,Japan_001669.xml,D44
Unknown class,Japan,Japan_001669.xml,D44
Unknown class,Japan,Japan_001673.xml,D44
Unknown class,Japan,Japan_001679.xml,D50
Unknown class,Japan,Japan_001680.xml,D44
Unknown class,Japan,Japan_001681.xml,D44
Unknown class,Japan,Japan_001682.xml,D44
Unknown class,Japan,Japan_001685.xml,D44
Unknown class,Japan,Japan_001686.xml,D44
Unknown class,Japan,Japan_001690.xml,D44
Unknown class,Japan,Japan_001694.xml,D50
Unknown class,Japan,Japan_001697.xml,D44
Unknown class,Japan,Japan_001697.xml,D44
Unknown class,Japan,Japan_001700.xml,D44
Unknown class,Japan,Japan_001701.xml,D44
Unknown class,Japan,Japan_001701.xml,D44
Unknown class,Japan,Japan_001703.xml,D44
Unknown class,Japan,Japan_001703.xml,D50
Unknown class,Japan,Japan_001704.xml,D50
Unknown class,Japan,Japan_001704.xml,D50
Unknown class,Japan,Japan_001713.xml,D44
Unknown class,Japan,Japan_001714.xml,D44
Unknown class,Japan,Japan_001714.xml,D44
Unknown class,Japan,Japan_001716.xml,D44
Unknown class,Japan,Japan_001716.xml,D44
Unknown class,Japan,Japan_001717.xml,D44
Unknown class,Japan,Japan_001721.xml,D50
Unknown class,Japan,Japan_001723.xml,D43
Unknown class,Japan,Japan_001723.xml,D50
Unknown class,Japan,Japan_001724.xml,D50
Unknown class,Japan,Japan_001724.xml,D50
Unknown class,Japan,Japan_001729.xml,D50
Unknown class,Japan,Japan_001729.xml,D50
Unknown class,Japan,Japan_001733.xml,D44
Unknown class,Japan,Japan_001736.xml,D44
Unknown class,Japan,Japan_001738.xml,D44
Unknown class,Japan,Japan_001740.xml,D44
Unknown class,Japan,Japan_001740.xml,D44
Unknown class,Japan,Japan_001740.xml,D43
Unknown class,Japan,Japan_001741.xml,D50
Unknown class,Japan,Japan_001742.xml,D44
Unknown class,Japan,Japan_001742.xml,D44
Unknown class,Japan,Japan_001743.xml,D44
Unknown class,Japan,Japan_001743.xml,D50
Unknown class,Japan,Japan_001750.xml,D50
Unknown class,Japan,Japan_001752.xml,D50
Unknown class,Japan,Japan_001752.xml,D50
Unknown class,Japan,Japan_001753.xml,D50
Unknown class,Japan,Japan_001753.xml,D50
Unknown class,Japan,Japan_001754.xml,D44
Unknown class,Japan,Japan_001755.xml,D44
Unknown class,Japan,Japan_001756.xml,D44
Unknown class,Japan,Japan_001757.xml,D44
Unknown class,Japan,Japan_001760.xml,D44
Unknown class,Japan,Japan_001761.xml,D50
Unknown class,Japan,Japan_001765.xml,D44
Unknown class,Japan,Japan_001765.xml,D44
Unknown class,Japan,Japan_001767.xml,D44
Unknown class,Japan,Japan_001776.xml,D50
Unknown class,Japan,Japan_001779.xml,D50
Unknown class,Japan,Japan_001781.xml,D44
Unknown class,Japan,Japan_001781.xml,D50
Unknown class,Japan,Japan_001783.xml,D50
Unknown class,Japan,Japan_001784.xml,D44
Unknown class,Japan,Japan_001786.xml,D44
Unknown class,Japan,Japan_001790.xml,D50
Unknown class,Japan,Japan_001790.xml,D50
Unknown class,Japan,Japan_001791.xml,D50
Unknown class,Japan,Japan_001792.xml,D44
Unknown class,Japan,Japan_001792.xml,D50
Unknown class,Japan,Japan_001796.xml,D44
Unknown class,Japan,Japan_001799.xml,D44
Unknown class,Japan,Japan_001799.xml,D50
Unknown class,Japan,Japan_001799.xml,D50
Unknown class,Japan,Japan_001803.xml,D44
Unknown class,Japan,Japan_001803.xml,D50
Unknown class,Japan,Japan_001804.xml,D50
Unknown class,Japan,Japan_001806.xml,D44
Unknown class,Japan,Japan_001807.xml,D44
Unknown class,Japan,Japan_001810.xml,D44
Unknown class,Japan,Japan_001812.xml,D43
Unknown class,Japan,Japan_001817.xml,D43
Unknown class,Japan,Japan_001818.xml,D44
Unknown class,Japan,Japan_001822.xml,D44
Unknown class,Japan,Japan_001823.xml,D44
Unknown class,Japan,Japan_001824.xml,D44
Unknown class,Japan,Japan_001824.xml,D44
Unknown class,Japan,Japan_001825.xml,D44
Unknown class,Japan,Japan_001827.xml,D50
Unknown class,Japan,Japan_001827.xml,D50
Unknown class,Japan,Japan_001830.xml,D44
Unknown class,Japan,Japan_001832.xml,D44
Unknown class,Japan,Japan_001833.xml,D44
Unknown class,Japan,Japan_001834.xml,D44
Unknown class,Japan,Japan_001835.xml,D44
Unknown class,Japan,Japan_001836.xml,D44
Unknown class,Japan,Japan_001836.xml,D44
Unknown class,Japan,Japan_001845.xml,D44
Unknown class,Japan,Japan_001847.xml,D44
Unknown class,Japan,Japan_001848.xml,D43
Unknown class,Japan,Japan_001855.xml,D50
Unknown class,Japan,Japan_001859.xml,D50
Unknown class,Japan,Japan_001866.xml,D44
Unknown class,Japan,Japan_001867.xml,D50
Unknown class,Japan,Japan_001871.xml,D50
Unknown class,Japan,Japan_001875.xml,D50
Unknown class,Japan,Japan_001876.xml,D44
Unknown class,Japan,Japan_001876.xml,D44
Unknown class,Japan,Japan_001877.xml,D44
Unknown class,Japan,Japan_001877.xml,D44
Unknown class,Japan,Japan_001880.xml,D50
Unknown class,Japan,Japan_001881.xml,D50
Unknown class,Japan,Japan_001884.xml,D44
Unknown class,Japan,Japan_001884.xml,D44
Unknown class,Japan,Japan_001885.xml,D43
Unknown class,Japan,Japan_001885.xml,D44
Unknown class,Japan,Japan_001887.xml,D44
Unknown class,Japan,Japan_001888.xml,D50
Unknown class,Japan,Japan_001889.xml,D44
Unknown class,Japan,Japan_001890.xml,D50
Unknown class,Japan,Japan_001898.xml,D44
Unknown class,Japan,Japan_001898.xml,D44
Unknown class,Japan,Japan_001899.xml,D44
Unknown class,Japan,Japan_001899.xml,D44
Unknown class,Japan,Japan_001908.xml,D44
Unknown class,Japan,Japan_001909.xml,D50
Unknown class,Japan,Japan_001909.xml,D50
Unknown class,Japan,Japan_001912.xml,D44
Unknown class,Japan,Japan_001914.xml,D44
Unknown class,Japan,Japan_001917.xml,D44
Unknown class,Japan,Japan_001917.xml,D44
Unknown class,Japan,Japan_001921.xml,D50
Unknown class,Japan,Japan_001922.xml,D44
Unknown class,Japan,Japan_001922.xml,D44
Unknown class,Japan,Japan_001922.xml,D50
Unknown class,Japan,Japan_001922.xml,D43
Unknown class,Japan,Japan_001926.xml,D44
Unknown class,Japan,Japan_001926.xml,D50
Unknown class,Japan,Japan_001927.xml,D50
Unknown class,Japan,Japan_001931.xml,D44
Unknown class,Japan,Japan_001931.xml,D50
Unknown class,Japan,Japan_001931.xml,D50
Unknown class,Japan,Japan_001934.xml,D43
Unknown class,Japan,Japan_001934.xml,D43
Unknown class,Japan,Japan_001934.xml,D50
Unknown class,Japan,Japan_001934.xml,D50
Unknown class,Japan,Japan_001934.xml,D50
Unknown class,Japan,Japan_001940.xml,D50
Unknown class,Japan,Japan_001940.xml,D50
Unknown class,Japan,Japan_001941.xml,D44
Unknown class,Japan,Japan_001941.xml,D44
Unknown class,Japan,Japan_001943.xml,D43
Unknown class,Japan,Japan_001943.xml,D44
Unknown class,Japan,Japan_001944.xml,D50
Unknown class,Japan,Japan_001944.xml,D50
Unknown class,Japan,Japan_001946.xml,D44
Unknown class,Japan,Japan_001946.xml,D50
Unknown class,Japan,Japan_001947.xml,D44
Unknown class,Japan,Japan_001948.xml,D50
Unknown class,Japan,Japan_001948.xml,D50
Unknown class,Japan,Japan_001949.xml,D44
Unknown class,Japan,Japan_001949.xml,D50
Unknown class,Japan,Japan_001952.xml,D50
Unknown class,Japan,Japan_001955.xml,D44
Unknown class,Japan,Japan_001961.xml,D50
Unknown class,Japan,Japan_001961.xml,D50
Unknown class,Japan,Japan_001961.xml,D44
Unknown class,Japan,Japan_001962.xml,D44
Unknown class,Japan,Japan_001962.xml,D44
Unknown class,Japan,Japan_001963.xml,D50
Unknown class,Japan,Japan_001963.xml,D50
Unknown class,Japan,Japan_001964.xml,D44
Unknown class,Japan,Japan_001964.xml,D44
Unknown class,Japan,Japan_001968.xml,D44
Unknown class,Japan,Japan_001968.xml,D50
Unknown class,Japan,Japan_001969.xml,D50
Unknown class,Japan,Japan_001971.xml,D50
Unknown class,Japan,Japan_001972.xml,D50
Unknown class,Japan,Japan_001974.xml,D44
Unknown class,Japan,Japan_001974.xml,D50
Unknown class,Japan,Japan_001974.xml,D50
Unknown class,Japan,Japan_001974.xml,D50
Unknown class,Japan,Japan_001974.xml,D50
Unknown class,Japan,Japan_001975.xml,D50
Unknown class,Japan,Japan_001976.xml,D44
Unknown class,Japan,Japan_001976.xml,D50
Unknown class,Japan,Japan_001978.xml,D50
Unknown class,Japan,Japan_001980.xml,D50
Unknown class,Japan,Japan_001981.xml,D44
Unknown class,Japan,Japan_001982.xml,D50
Unknown class,Japan,Japan_001984.xml,D50
Unknown class,Japan,Japan_001985.xml,D44
Unknown class,Japan,Japan_001987.xml,D44
Unknown class,Japan,Japan_001987.xml,D44
Unknown class,Japan,Japan_001987.xml,D44
Unknown class,Japan,Japan_001987.xml,D44
Unknown class,Japan,Japan_001990.xml,D44
Unknown class,Japan,Japan_001990.xml,D44
Unknown class,Japan,Japan_001990.xml,D50
Unknown class,Japan,Japan_001991.xml,D50
Unknown class,Japan,Japan_001991.xml,D50
Unknown class,Japan,Japan_001992.xml,D44
Unknown class,Japan,Japan_001992.xml,D44
Unknown class,Japan,Japan_001994.xml,D44
Unknown class,Japan,Japan_001996.xml,D44
Unknown class,Japan,Japan_001999.xml,D44
Unknown class,Japan,Japan_002001.xml,D50
Unknown class,Japan,Japan_002003.xml,D44
Unknown class,Japan,Japan_002005.xml,D43
Unknown class,Japan,Japan_002007.xml,D44
Unknown class,Japan,Japan_002008.xml,D50
Unknown class,Japan,Japan_002008.xml,D50
Unknown class,Japan,Japan_002008.xml,D50
Unknown class,Japan,Japan_002010.xml,D44
Unknown class,Japan,Japan_002010.xml,D44
Unknown class,Japan,Japan_002013.xml,D43
Unknown class,Japan,Japan_002014.xml,D44
Unknown class,Japan,Japan_002016.xml,D44
Unknown class,Japan,Japan_002016.xml,D44
Unknown class,Japan,Japan_002017.xml,D50
Unknown class,Japan,Japan_002021.xml,D44
Unknown class,Japan,Japan_002023.xml,D43
Unknown class,Japan,Japan_002024.xml,D44
Unknown class,Japan,Japan_002024.xml,D44
Unknown class,Japan,Japan_002029.xml,D50
Unknown class,Japan,Japan_002029.xml,D50
Unknown class,Japan,Japan_002029.xml,D50
Unknown class,Japan,Japan_002031.xml,D44
Unknown class,Japan,Japan_002031.xml,D44
Unknown class,Japan,Japan_002032.xml,D50
Unknown class,Japan,Japan_002032.xml,D50
Unknown class,Japan,Japan_002032.xml,D50
Unknown class,Japan,Japan_002039.xml,D50
Unknown class,Japan,Japan_002039.xml,D50
Unknown class,Japan,Japan_002039.xml,D50
Unknown class,Japan,Japan_002040.xml,D44
Unknown class,Japan,Japan_002044.xml,D44
Unknown class,Japan,Japan_002045.xml,D50
Unknown class,Japan,Japan_002046.xml,D44
Unknown class,Japan,Japan_002046.xml,D50
Unknown class,Japan,Japan_002047.xml,D44
Unknown class,Japan,Japan_002051.xml,D44
Unknown class,Japan,Japan_002051.xml,D44
Unknown class,Japan,Japan_002054.xml,D43
Unknown class,Japan,Japan_002054.xml,D50
Unknown class,Japan,Japan_002058.xml,D50
Unknown class,Japan,Japan_002059.xml,D44
Unknown class,Japan,Japan_002059.xml,D50
Unknown class,Japan,Japan_002060.xml,D44
Unknown class,Japan,Japan_002063.xml,D44
Unknown class,Japan,Japan_002066.xml,D44
Unknown class,Japan,Japan_002066.xml,D44
Unknown class,Japan,Japan_002066.xml,D50
Unknown class,Japan,Japan_002066.xml,D44
Unknown class,Japan,Japan_002068.xml,D50
Unknown class,Japan,Japan_002069.xml,D50
Unknown class,Japan,Japan_002069.xml,D50
Unknown class,Japan,Japan_002071.xml,D50
Unknown class,Japan,Japan_002072.xml,D50
Unknown class,Japan,Japan_002073.xml,D50
Unknown class,Japan,Japan_002075.xml,D43
Unknown class,Japan,Japan_002075.xml,D50
Unknown class,Japan,Japan_002075.xml,D50
Unknown class,Japan,Japan_002077.xml,D43
Unknown class,Japan,Japan_002077.xml,D50
Unknown class,Japan,Japan_002078.xml,D43
Unknown class,Japan,Japan_002078.xml,D50
Unknown class,Japan,Japan_002078.xml,D50
Unknown class,Japan,Japan_002079.xml,D44
Unknown class,Japan,Japan_002085.xml,D44
Unknown class,Japan,Japan_002089.xml,D44
Unknown class,Japan,Japan_002093.xml,D43
Unknown class,Japan,Japan_002097.xml,D50
Unknown class,Japan,Japan_002100.xml,D44
Unknown class,Japan,Japan_002100.xml,D44
Unknown class,Japan,Japan_002101.xml,D44
Unknown class,Japan,Japan_002102.xml,D44
Unknown class,Japan,Japan_002106.xml,D44
Unknown class,Japan,Japan_002107.xml,D44
Unknown class,Japan,Japan_002107.xml,D50
Unknown class,Japan,Japan_002110.xml,D44
Unknown class,Japan,Japan_002111.xml,D44
Unknown class,Japan,Japan_002111.xml,D50
Unknown class,Japan,Japan_002111.xml,D44
Unknown class,Japan,Japan_002111.xml,D50
Unknown class,Japan,Japan_002117.xml,D43
Unknown class,Japan,Japan_002118.xml,D44
Unknown class,Japan,Japan_002122.xml,D50
Unknown class,Japan,Japan_002124.xml,D44
Unknown class,Japan,Japan_002124.xml,D50
Unknown class,Japan,Japan_002128.xml,D44
Unknown class,Japan,Japan_002130.xml,D50
Unknown class,Japan,Japan_002134.xml,D43
Unknown class,Japan,Japan_002137.xml,D44
Unknown class,Japan,Japan_002138.xml,D44
Unknown class,Japan,Japan_002143.xml,D44
Unknown class,Japan,Japan_002143.xml,D44
Unknown class,Japan,Japan_002147.xml,D44
Unknown class,Japan,Japan_002149.xml,D50
Unknown class,Japan,Japan_002149.xml,D50
Unknown class,Japan,Japan_002152.xml,D50
Unknown class,Japan,Japan_002153.xml,D50
Unknown class,Japan,Japan_002154.xml,D50
Unknown class,Japan,Japan_002158.xml,D44
Unknown class,Japan,Japan_002159.xml,D44
Unknown class,Japan,Japan_002161.xml,D50
Unknown class,Japan,Japan_002162.xml,D50
Unknown class,Japan,Japan_002164.xml,D50
Unknown class,Japan,Japan_002166.xml,D44
Unknown class,Japan,Japan_002166.xml,D43
Unknown class,Japan,Japan_002167.xml,D50
Unknown class,Japan,Japan_002167.xml,D50
Unknown class,Japan,Japan_002167.xml,D50
Unknown class,Japan,Japan_002168.xml,D50
Unknown class,Japan,Japan_002168.xml,D43
Unknown class,Japan,Japan_002169.xml,D44
Unknown class,Japan,Japan_002171.xml,D44
Unknown class,Japan,Japan_002171.xml,D44
Unknown class,Japan,Japan_002174.xml,D43
Unknown class,Japan,Japan_002174.xml,D50
Unknown class,Japan,Japan_002176.xml,D44
Unknown class,Japan,Japan_002176.xml,D44
Unknown class,Japan,Japan_002181.xml,D50
Unknown class,Japan,Japan_002181.xml,D50
Unknown class,Japan,Japan_002181.xml,D50
Unknown class,Japan,Japan_002182.xml,D50
Unknown class,Japan,Japan_002182.xml,D50
Unknown class,Japan,Japan_002182.xml,D50
Unknown class,Japan,Japan_002182.xml,D50
Unknown class,Japan,Japan_002182.xml,D50
Unknown class,Japan,Japan_002183.xml,D44
Unknown class,Japan,Japan_002187.xml,D43
Unknown class,Japan,Japan_002190.xml,D44
Unknown class,Japan,Japan_002190.xml,D50
Unknown class,Japan,Japan_002191.xml,D44
Unknown class,Japan,Japan_002191.xml,D44
Unknown class,Japan,Japan_002196.xml,D50
Unknown class,Japan,Japan_002197.xml,D50
Unknown class,Japan,Japan_002198.xml,D44
Unknown class,Japan,Japan_002202.xml,D44
Unknown class,Japan,Japan_002203.xml,D44
Unknown class,Japan,Japan_002203.xml,D50
Unknown class,Japan,Japan_002203.xml,D50
Unknown class,Japan,Japan_002203.xml,D50
Unknown class,Japan,Japan_002203.xml,D50
Unknown class,Japan,Japan_002206.xml,D44
Unknown class,Japan,Japan_002206.xml,D44
Unknown class,Japan,Japan_002208.xml,D50
Unknown class,Japan,Japan_002212.xml,D44
Unknown class,Japan,Japan_002212.xml,D50
Unknown class,Japan,Japan_002212.xml,D50
Unknown class,Japan,Japan_002219.xml,D44
Unknown class,Japan,Japan_002220.xml,D44
Unknown class,Japan,Japan_002223.xml,D44
Unknown class,Japan,Japan_002223.xml,D44
Unknown class,Japan,Japan_002224.xml,D44
Unknown class,Japan,Japan_002224.xml,D44
Unknown class,Japan,Japan_002228.xml,D44
Unknown class,Japan,Japan_002231.xml,D50
Unknown class,Japan,Japan_002233.xml,D44
Unknown class,Japan,Japan_002235.xml,D44
Unknown class,Japan,Japan_002238.xml,D50
Unknown class,Japan,Japan_002241.xml,D44
Unknown class,Japan,Japan_002241.xml,D50
Unknown class,Japan,Japan_002243.xml,D44
Unknown class,Japan,Japan_002244.xml,D43
Unknown class,Japan,Japan_002244.xml,D43
Unknown class,Japan,Japan_002246.xml,D44
Unknown class,Japan,Japan_002247.xml,D44
Unknown class,Japan,Japan_002247.xml,D50
Unknown class,Japan,Japan_002253.xml,D50
Unknown class,Japan,Japan_002253.xml,D50
Unknown class,Japan,Japan_002254.xml,D43
Unknown class,Japan,Japan_002254.xml,D50
Unknown class,Japan,Japan_002256.xml,D50
Unknown class,Japan,Japan_002257.xml,D50
Unknown class,Japan,Japan_002258.xml,D44
Unknown class,Japan,Japan_002259.xml,D50
Unknown class,Japan,Japan_002265.xml,D44
Unknown class,Japan,Japan_002266.xml,D44
Unknown class,Japan,Japan_002266.xml,D44
Unknown class,Japan,Japan_002267.xml,D44
Unknown class,Japan,Japan_002269.xml,D43
Unknown class,Japan,Japan_002269.xml,D50
Unknown class,Japan,Japan_002273.xml,D50
Unknown class,Japan,Japan_002276.xml,D50
Unknown class,Japan,Japan_002278.xml,D50
Unknown class,Japan,Japan_002283.xml,D44
Unknown class,Japan,Japan_002284.xml,D50
Unknown class,Japan,Japan_002286.xml,D44
Unknown class,Japan,Japan_002288.xml,D44
Unknown class,Japan,Japan_002291.xml,D50
Unknown class,Japan,Japan_002294.xml,D50
Unknown class,Japan,Japan_002299.xml,D50
Unknown class,Japan,Japan_002300.xml,D44
Unknown class,Japan,Japan_002303.xml,D44
Unknown class,Japan,Japan_002305.xml,D44
Unknown class,Japan,Japan_002305.xml,D44
Unknown class,Japan,Japan_002311.xml,D50
Unknown class,Japan,Japan_002311.xml,D50
Unknown class,Japan,Japan_002311.xml,D44
Unknown class,Japan,Japan_002314.xml,D44
Unknown class,Japan,Japan_002315.xml,D50
Unknown class,Japan,Japan_002316.xml,D50
Unknown class,Japan,Japan_002317.xml,D50
Unknown class,Japan,Japan_002321.xml,D43
Unknown class,Japan,Japan_002325.xml,D50
Unknown class,Japan,Japan_002327.xml,D44
Unknown class,Japan,Japan_002328.xml,D44
Unknown class,Japan,Japan_002329.xml,D50
Unknown class,Japan,Japan_002330.xml,D44
Unknown class,Japan,Japan_002332.xml,D44
Unknown class,Japan,Japan_002332.xml,D44
Unknown class,Japan,Japan_002334.xml,D44
Unknown class,Japan,Japan_002335.xml,D44
Unknown class,Japan,Japan_002336.xml,D44
Unknown class,Japan,Japan_002338.xml,D50
Unknown class,Japan,Japan_002341.xml,D44
Unknown class,Japan,Japan_002343.xml,D50
Unknown class,Japan,Japan_002343.xml,D44
Unknown class,Japan,Japan_002344.xml,D50
Unknown class,Japan,Japan_002345.xml,D44
Unknown class,Japan,Japan_002346.xml,D44
Unknown class,Japan,Japan_002347.xml,D44
Unknown class,Japan,Japan_002348.xml,D44
Unknown class,Japan,Japan_002349.xml,D44
Unknown class,Japan,Japan_002349.xml,D44
Unknown class,Japan,Japan_002350.xml,D44
Unknown class,Japan,Japan_002354.xml,D50
Unknown class,Japan,Japan_002355.xml,D44
Unknown class,Japan,Japan_002357.xml,D50
Unknown class,Japan,Japan_002357.xml,D50
Unknown class,Japan,Japan_002360.xml,D50
Unknown class,Japan,Japan_002360.xml,D43
Unknown class,Japan,Japan_002361.xml,D44
Unknown class,Japan,Japan_002363.xml,D50
Unknown class,Japan,Japan_002363.xml,D43
Unknown class,Japan,Japan_002363.xml,D50
Unknown class,Japan,Japan_002365.xml,D50
Unknown class,Japan,Japan_002365.xml,D50
Unknown class,Japan,Japan_002367.xml,D50
Unknown class,Japan,Japan_002368.xml,D50
Unknown class,Japan,Japan_002368.xml,D50
Unknown class,Japan,Japan_002370.xml,D43
Unknown class,Japan,Japan_002373.xml,D50
Unknown class,Japan,Japan_002374.xml,D50
Unknown class,Japan,Japan_002379.xml,D50
Unknown class,Japan,Japan_002379.xml,D50
Unknown class,Japan,Japan_002379.xml,D50
Unknown class,Japan,Japan_002379.xml,D43
Unknown class,Japan,Japan_002381.xml,D44
Unknown class,Japan,Japan_002387.xml,D44
Unknown class,Japan,Japan_002387.xml,D50
Unknown class,Japan,Japan_002388.xml,D43
Unknown class,Japan,Japan_002389.xml,D50
Unknown class,Japan,Japan_002389.xml,D50
Unknown class,Japan,Japan_002390.xml,D50
Unknown class,Japan,Japan_002390.xml,D50
Unknown class,Japan,Japan_002392.xml,D50
Unknown class,Japan,Japan_002393.xml,D50
Unknown class,Japan,Japan_002393.xml,D50
Unknown class,Japan,Japan_002393.xml,D50
Unknown class,Japan,Japan_002393.xml,D44
Unknown class,Japan,Japan_002393.xml,D50
Unknown class,Japan,Japan_002396.xml,D50
Unknown class,Japan,Japan_002396.xml,D50
Unknown class,Japan,Japan_002397.xml,D50
Unknown class,Japan,Japan_002397.xml,D50
Unknown class,Japan,Japan_002399.xml,D44
Unknown class,Japan,Japan_002400.xml,D50
Unknown class,Japan,Japan_002400.xml,D50
Unknown class,Japan,Japan_002402.xml,D50
Unknown class,Japan,Japan_002402.xml,D50
Unknown class,Japan,Japan_002403.xml,D50
Unknown class,Japan,Japan_002407.xml,D44
Unknown class,Japan,Japan_002407.xml,D50
Unknown class,Japan,Japan_002408.xml,D50
Unknown class,Japan,Japan_002411.xml,D50
Unknown class,Japan,Japan_002412.xml,D43
Unknown class,Japan,Japan_002413.xml,D50
Unknown class,Japan,Japan_002414.xml,D44
Unknown class,Japan,Japan_002417.xml,D44
Unknown class,Japan,Japan_002420.xml,D50
Unknown class,Japan,Japan_002421.xml,D50
Unknown class,Japan,Japan_002424.xml,D50
Unknown class,Japan,Japan_002424.xml,D50
Unknown class,Japan,Japan_002426.xml,D50
Unknown class,Japan,Japan_002426.xml,D50
Unknown class,Japan,Japan_002426.xml,D50
Unknown class,Japan,Japan_002429.xml,D43
Unknown class,Japan,Japan_002432.xml,D43
Unknown class,Japan,Japan_002434.xml,D50
Unknown class,Japan,Japan_002436.xml,D43
Unknown class,Japan,Japan_002439.xml,D44
Unknown class,Japan,Japan_002440.xml,D44
Unknown class,Japan,Japan_002445.xml,D50
Unknown class,Japan,Japan_002446.xml,D50
Unknown class,Japan,Japan_002446.xml,D44
Unknown class,Japan,Japan_002451.xml,D50
Unknown class,Japan,Japan_002458.xml,D44
Unknown class,Japan,Japan_002460.xml,D50
Unknown class,Japan,Japan_002465.xml,D44
Unknown class,Japan,Japan_002465.xml,D44
Unknown class,Japan,Japan_002465.xml,D50
Unknown class,Japan,Japan_002467.xml,D44
Unknown class,Japan,Japan_002468.xml,D44
Unknown class,Japan,Japan_002471.xml,D44
Unknown class,Japan,Japan_002472.xml,D44
Unknown class,Japan,Japan_002474.xml,D44
Unknown class,Japan,Japan_002475.xml,D44
Unknown class,Japan,Japan_002477.xml,D50
Unknown class,Japan,Japan_002481.xml,D43
Unknown class,Japan,Japan_002483.xml,D50
Unknown class,Japan,Japan_002487.xml,D50
Unknown class,Japan,Japan_002489.xml,D44
Unknown class,Japan,Japan_002489.xml,D50
Unknown class,Japan,Japan_002491.xml,D44
Unknown class,Japan,Japan_002491.xml,D44
Unknown class,Japan,Japan_002492.xml,D44
Unknown class,Japan,Japan_002492.xml,D50
Unknown class,Japan,Japan_002492.xml,D50
Unknown class,Japan,Japan_002493.xml,D44
Unknown class,Japan,Japan_002493.xml,D44
Unknown class,Japan,Japan_002494.xml,D44
Unknown class,Japan,Japan_002497.xml,D44
Unknown class,Japan,Japan_002501.xml,D44
Unknown class,Japan,Japan_002502.xml,D44
Unknown class,Japan,Japan_002502.xml,D44
Unknown class,Japan,Japan_002503.xml,D44
Unknown class,Japan,Japan_002504.xml,D44
Unknown class,Japan,Japan_002504.xml,D50
Unknown class,Japan,Japan_002508.xml,D44
Unknown class,Japan,Japan_002508.xml,D44
Unknown class,Japan,Japan_002509.xml,D43
Unknown class,Japan,Japan_002509.xml,D50
Unknown class,Japan,Japan_002514.xml,D44
Unknown class,Japan,Japan_002514.xml,D44
Unknown class,Japan,Japan_002517.xml,D44
Unknown class,Japan,Japan_002517.xml,D44
Unknown class,Japan,Japan_002518.xml,D44
Unknown class,Japan,Japan_002518.xml,D44
Unknown class,Japan,Japan_002519.xml,D50
Unknown class,Japan,Japan_002521.xml,D50
Unknown class,Japan,Japan_002521.xml,D50
Unknown class,Japan,Japan_002526.xml,D43
Unknown class,Japan,Japan_002526.xml,D50
Unknown class,Japan,Japan_002527.xml,D50
Unknown class,Japan,Japan_002528.xml,D44
Unknown class,Japan,Japan_002528.xml,D44
Unknown class,Japan,Japan_002528.xml,D50
Unknown class,Japan,Japan_002530.xml,D44
Unknown class,Japan,Japan_002533.xml,D44
Unknown class,Japan,Japan_002533.xml,D44
Unknown class,Japan,Japan_002533.xml,D50
Unknown class,Japan,Japan_002534.xml,D43
Unknown class,Japan,Japan_002534.xml,D50
Unknown class,Japan,Japan_002535.xml,D44
Unknown class,Japan,Japan_002535.xml,D44
Unknown class,Japan,Japan_002536.xml,D50
Unknown class,Japan,Japan_002539.xml,D50
Unknown class,Japan,Japan_002542.xml,D50
Unknown class,Japan,Japan_002545.xml,D44
Unknown class,Japan,Japan_002545.xml,D50
Unknown class,Japan,Japan_002546.xml,D50
Unknown class,Japan,Japan_002549.xml,D50
Unknown class,Japan,Japan_002549.xml,D50
Unknown class,Japan,Japan_002549.xml,D50
Unknown class,Japan,Japan_002550.xml,D44
Unknown class,Japan,Japan_002552.xml,D44
Unknown class,Japan,Japan_002555.xml,D44
Unknown class,Japan,Japan_002555.xml,D50
Unknown class,Japan,Japan_002556.xml,D50
Unknown class,Japan,Japan_002556.xml,D50
Unknown class,Japan,Japan_002559.xml,D50
Unknown class,Japan,Japan_002561.xml,D44
Unknown class,Japan,Japan_002561.xml,D50
Unknown class,Japan,Japan_002563.xml,D44
Unknown class,Japan,Japan_002565.xml,D44
Unknown class,Japan,Japan_002565.xml,D50
Unknown class,Japan,Japan_002566.xml,D44
Unknown class,Japan,Japan_002567.xml,D44
Unknown class,Japan,Japan_002567.xml,D50
Unknown class,Japan,Japan_002568.xml,D44
Unknown class,Japan,Japan_002571.xml,D44
Unknown class,Japan,Japan_002576.xml,D44
Unknown class,Japan,Japan_002577.xml,D44
Unknown class,Japan,Japan_002580.xml,D44
Unknown class,Japan,Japan_002581.xml,D50
Unknown class,Japan,Japan_002584.xml,D44
Unknown class,Japan,Japan_002588.xml,D44
Unknown class,Japan,Japan_002589.xml,D44
Unknown class,Japan,Japan_002589.xml,D43
Unknown class,Japan,Japan_002591.xml,D44
Unknown class,Japan,Japan_002591.xml,D44
Unknown class,Japan,Japan_002592.xml,D50
Unknown class,Japan,Japan_002593.xml,D50
Unknown class,Japan,Japan_002594.xml,D44
Unknown class,Japan,Japan_002597.xml,D50
Unknown class,Japan,Japan_002597.xml,D50
Unknown class,Japan,Japan_002598.xml,D44
Unknown class,Japan,Japan_002600.xml,D50
Unknown class,Japan,Japan_002601.xml,D43
Unknown class,Japan,Japan_002601.xml,D50
Unknown class,Japan,Japan_002602.xml,D50
Unknown class,Japan,Japan_002602.xml,D50
Unknown class,Japan,Japan_002604.xml,D43
Unknown class,Japan,Japan_002606.xml,D50
Unknown class,Japan,Japan_002606.xml,D50
Unknown class,Japan,Japan_002607.xml,D50
Unknown class,Japan,Japan_002607.xml,D50
Unknown class,Japan,Japan_002609.xml,D50
Unknown class,Japan,Japan_002610.xml,D50
Unknown class,Japan,Japan_002612.xml,D44
Unknown class,Japan,Japan_002612.xml,D44
Unknown class,Japan,Japan_002612.xml,D43
Unknown class,Japan,Japan_002612.xml,D50
Unknown class,Japan,Japan_002613.xml,D44
Unknown class,Japan,Japan_002613.xml,D50
Unknown class,Japan,Japan_002614.xml,D50
Unknown class,Japan,Japan_002614.xml,D50
Unknown class,Japan,Japan_002614.xml,D50
Unknown class,Japan,Japan_002616.xml,D50
Unknown class,Japan,Japan_002616.xml,D50
Unknown class,Japan,Japan_002625.xml,D44
Unknown class,Japan,Japan_002625.xml,D44
Unknown class,Japan,Japan_002625.xml,D44
Unknown class,Japan,Japan_002626.xml,D43
Unknown class,Japan,Japan_002626.xml,D50
Unknown class,Japan,Japan_002627.xml,D50
Unknown class,Japan,Japan_002627.xml,D50
Unknown class,Japan,Japan_002629.xml,D44
Unknown class,Japan,Japan_002629.xml,D44
Unknown class,Japan,Japan_002631.xml,D50
Unknown class,Japan,Japan_002631.xml,D50
Unknown class,Japan,Japan_002632.xml,D43
Unknown class,Japan,Japan_002632.xml,D50
Unknown class,Japan,Japan_002632.xml,D50
Unknown class,Japan,Japan_002633.xml,D43
Unknown class,Japan,Japan_002637.xml,D44
Unknown class,Japan,Japan_002638.xml,D44
Unknown class,Japan,Japan_002640.xml,D43
Unknown class,Japan,Japan_002640.xml,D50
Unknown class,Japan,Japan_002640.xml,D50
Unknown class,Japan,Japan_002640.xml,D50
Unknown class,Japan,Japan_002641.xml,D50
Unknown class,Japan,Japan_002642.xml,D50
Unknown class,Japan,Japan_002644.xml,D44
Unknown class,Japan,Japan_002644.xml,D43
Unknown class,Japan,Japan_002648.xml,D50
Unknown class,Japan,Japan_002648.xml,D50
Unknown class,Japan,Japan_002648.xml,D50
Unknown class,Japan,Japan_002650.xml,D43
Unknown class,Japan,Japan_002653.xml,D44
Unknown class,Japan,Japan_002653.xml,D44
Unknown class,Japan,Japan_002653.xml,D44
Unknown class,Japan,Japan_002655.xml,D44
Unknown class,Japan,Japan_002656.xml,D44
Unknown class,Japan,Japan_002656.xml,D44
Unknown class,Japan,Japan_002657.xml,D43
Unknown class,Japan,Japan_002658.xml,D50
Unknown class,Japan,Japan_002658.xml,D50
Unknown class,Japan,Japan_002661.xml,D50
Unknown class,Japan,Japan_002669.xml,D44
Unknown class,Japan,Japan_002669.xml,D44
Unknown class,Japan,Japan_002678.xml,D44
Unknown class,Japan,Japan_002678.xml,D50
Unknown class,Japan,Japan_002680.xml,D43
Unknown class,Japan,Japan_002682.xml,D44
Unknown class,Japan,Japan_002684.xml,D50
Unknown class,Japan,Japan_002685.xml,D44
Unknown class,Japan,Japan_002685.xml,D44
Unknown class,Japan,Japan_002689.xml,D50
Unknown class,Japan,Japan_002689.xml,D50
Unknown class,Japan,Japan_002690.xml,D50
Unknown class,Japan,Japan_002690.xml,D50
Unknown class,Japan,Japan_002690.xml,D50
Unknown class,Japan,Japan_002691.xml,D50
Unknown class,Japan,Japan_002692.xml,D50
Unknown class,Japan,Japan_002695.xml,D44
Unknown class,Japan,Japan_002697.xml,D44
Unknown class,Japan,Japan_002700.xml,D44
Unknown class,Japan,Japan_002701.xml,D43
Unknown class,Japan,Japan_002703.xml,D44
Unknown class,Japan,Japan_002705.xml,D44
Unknown class,Japan,Japan_002705.xml,D50
Unknown class,Japan,Japan_002708.xml,D44
Unknown class,Japan,Japan_002708.xml,D50
Unknown class,Japan,Japan_002710.xml,D50
Unknown class,Japan,Japan_002712.xml,D50
Unknown class,Japan,Japan_002712.xml,D50
Unknown class,Japan,Japan_002714.xml,D44
Unknown class,Japan,Japan_002715.xml,D44
Unknown class,Japan,Japan_002716.xml,D50
Unknown class,Japan,Japan_002717.xml,D44
Unknown class,Japan,Japan_002717.xml,D44
Unknown class,Japan,Japan_002720.xml,D44
Unknown class,Japan,Japan_002720.xml,D44
Unknown class,Japan,Japan_002721.xml,D50
Unknown class,Japan,Japan_002724.xml,D44
Unknown class,Japan,Japan_002726.xml,D50
Unknown class,Japan,Japan_002727.xml,D44
Unknown class,Japan,Japan_002728.xml,D44
Unknown class,Japan,Japan_002728.xml,D44
Unknown class,Japan,Japan_002728.xml,D44
Unknown class,Japan,Japan_002729.xml,D44
Unknown class,Japan,Japan_002731.xml,D44
Unknown class,Japan,Japan_002732.xml,D44
Unknown class,Japan,Japan_002733.xml,D44
Unknown class,Japan,Japan_002733.xml,D44
Unknown class,Japan,Japan_002734.xml,D44
Unknown class,Japan,Japan_002734.xml,D44
Unknown class,Japan,Japan_002734.xml,D50
Unknown class,Japan,Japan_002734.xml,D50
Unknown class,Japan,Japan_002735.xml,D44
Unknown class,Japan,Japan_002736.xml,D44
Unknown class,Japan,Japan_002740.xml,D44
Unknown class,Japan,Japan_002740.xml,D50
Unknown class,Japan,Japan_002740.xml,D44
Unknown class,Japan,Japan_002741.xml,D50
Unknown class,Japan,Japan_002742.xml,D50
Unknown class,Japan,Japan_002742.xml,D50
Unknown class,Japan,Japan_002750.xml,D43
Unknown class,Japan,Japan_002751.xml,D44
Unknown class,Japan,Japan_002751.xml,D44
Unknown class,Japan,Japan_002751.xml,D44
Unknown class,Japan,Japan_002752.xml,D43
Unknown class,Japan,Japan_002753.xml,D44
Unknown class,Japan,Japan_002756.xml,D44
Unknown class,Japan,Japan_002756.xml,D50
Unknown class,Japan,Japan_002757.xml,D44
Unknown class,Japan,Japan_002758.xml,D44
Unknown class,Japan,Japan_002758.xml,D43
Unknown class,Japan,Japan_002760.xml,D50
Unknown class,Japan,Japan_002763.xml,D44
Unknown class,Japan,Japan_002766.xml,D44
Unknown class,Japan,Japan_002773.xml,D44
Unknown class,Japan,Japan_002773.xml,D44
Unknown class,Japan,Japan_002776.xml,D44
Unknown class,Japan,Japan_002779.xml,D44
Unknown class,Japan,Japan_002780.xml,D44
Unknown class,Japan,Japan_002782.xml,D50
Unknown class,Japan,Japan_002782.xml,D50
Unknown class,Japan,Japan_002782.xml,D50
Unknown class,Japan,Japan_002782.xml,D50
Unknown class,Japan,Japan_002785.xml,D44
Unknown class,Japan,Japan_002785.xml,D44
Unknown class,Japan,Japan_002788.xml,D44
Unknown class,Japan,Japan_002788.xml,D44
Unknown class,Japan,Japan_002789.xml,D44
Unknown class,Japan,Japan_002792.xml,D44
Unknown class,Japan,Japan_002798.xml,D44
Unknown class,Japan,Japan_002800.xml,D44
Unknown class,Japan,Japan_002800.xml,D50
Unknown class,Japan,Japan_002800.xml,D50
Unknown class,Japan,Japan_002800.xml,D43
Unknown class,Japan,Japan_002802.xml,D50
Unknown class,Japan,Japan_002803.xml,D44
Unknown class,Japan,Japan_002803.xml,D44
Unknown class,Japan,Japan_002803.xml,D43
Unknown class,Japan,Japan_002804.xml,D44
Unknown class,Japan,Japan_002805.xml,D43
Unknown class,Japan,Japan_002805.xml,D50
Unknown class,Japan,Japan_002806.xml,D43
Unknown class,Japan,Japan_002806.xml,D50
Unknown class,Japan,Japan_002808.xml,D44
Unknown class,Japan,Japan_002808.xml,D44
Unknown class,Japan,Japan_002811.xml,D44
Unknown class,Japan,Japan_002811.xml,D50
Unknown class,Japan,Japan_002811.xml,D50
Unknown class,Japan,Japan_002812.xml,D44
Unknown class,Japan,Japan_002818.xml,D44
Unknown class,Japan,Japan_002820.xml,D44
Unknown class,Japan,Japan_002823.xml,D44
Unknown class,Japan,Japan_002826.xml,D44
Unknown class,Japan,Japan_002830.xml,D44
Unknown class,Japan,Japan_002831.xml,D44
Unknown class,Japan,Japan_002831.xml,D44
Unknown class,Japan,Japan_002832.xml,D44
Unknown class,Japan,Japan_002832.xml,D44
Unknown class,Japan,Japan_002832.xml,D50
Unknown class,Japan,Japan_002835.xml,D44
Unknown class,Japan,Japan_002836.xml,D50
Unknown class,Japan,Japan_002837.xml,D44
Unknown class,Japan,Japan_002838.xml,D44
Unknown class,Japan,Japan_002840.xml,D43
Unknown class,Japan,Japan_002840.xml,D50
Unknown class,Japan,Japan_002840.xml,D50
Unknown class,Japan,Japan_002841.xml,D44
Unknown class,Japan,Japan_002842.xml,D50
Unknown class,Japan,Japan_002845.xml,D50
Unknown class,Japan,Japan_002850.xml,D50
Unknown class,Japan,Japan_002850.xml,D50
Unknown class,Japan,Japan_002850.xml,D50
Unknown class,Japan,Japan_002851.xml,D50
Unknown class,Japan,Japan_002855.xml,D44
Unknown class,Japan,Japan_002855.xml,D44
Unknown class,Japan,Japan_002855.xml,D44
Unknown class,Japan,Japan_002855.xml,D50
Unknown class,Japan,Japan_002857.xml,D44
Unknown class,Japan,Japan_002862.xml,D43
Unknown class,Japan,Japan_002863.xml,D44
Unknown class,Japan,Japan_002863.xml,D44
Unknown class,Japan,Japan_002865.xml,D50
Unknown class,Japan,Japan_002865.xml,D50
Unknown class,Japan,Japan_002866.xml,D44
Unknown class,Japan,Japan_002866.xml,D44
Unknown class,Japan,Japan_002870.xml,D50
Unknown class,Japan,Japan_002871.xml,D50
Unknown class,Japan,Japan_002872.xml,D44
Unknown class,Japan,Japan_002874.xml,D50
Unknown class,Japan,Japan_002874.xml,D44
Unknown class,Japan,Japan_002874.xml,D44
Unknown class,Japan,Japan_002875.xml,D44
Unknown class,Japan,Japan_002881.xml,D44
Unknown class,Japan,Japan_002882.xml,D43
Unknown class,Japan,Japan_002882.xml,D50
Unknown class,Japan,Japan_002886.xml,D44
Unknown class,Japan,Japan_002887.xml,D44
Unknown class,Japan,Japan_002888.xml,D44
Unknown class,Japan,Japan_002889.xml,D44
Unknown class,Japan,Japan_002890.xml,D44
Unknown class,Japan,Japan_002894.xml,D50
Unknown class,Japan,Japan_002900.xml,D44
Unknown class,Japan,Japan_002903.xml,D43
Unknown class,Japan,Japan_002906.xml,D44
Unknown class,Japan,Japan_002908.xml,D44
Unknown class,Japan,Japan_002909.xml,D50
Unknown class,Japan,Japan_002909.xml,D50
Unknown class,Japan,Japan_002909.xml,D50
Unknown class,Japan,Japan_002909.xml,D50
Unknown class,Japan,Japan_002909.xml,D50
Unknown class,Japan,Japan_002911.xml,D50
Unknown class,Japan,Japan_002913.xml,D44
Unknown class,Japan,Japan_002916.xml,D44
Unknown class,Japan,Japan_002917.xml,D50
Unknown class,Japan,Japan_002919.xml,D50
Unknown class,Japan,Japan_002921.xml,D44
Unknown class,Japan,Japan_002921.xml,D50
Unknown class,Japan,Japan_002922.xml,D44
Unknown class,Japan,Japan_002922.xml,D44
Unknown class,Japan,Japan_002924.xml,D43
Unknown class,Japan,Japan_002924.xml,D50
Unknown class,Japan,Japan_002924.xml,D50
Unknown class,Japan,Japan_002925.xml,D50
Unknown class,Japan,Japan_002928.xml,D50
Unknown class,Japan,Japan_002929.xml,D50
Unknown class,Japan,Japan_002930.xml,D44
Unknown class,Japan,Japan_002932.xml,D44
Unknown class,Japan,Japan_002933.xml,D43
Unknown class,Japan,Japan_002937.xml,D44
Unknown class,Japan,Japan_002942.xml,D44
Unknown class,Japan,Japan_002943.xml,D50
Unknown class,Japan,Japan_002943.xml,D50
Unknown class,Japan,Japan_002946.xml,D44
Unknown class,Japan,Japan_002947.xml,D44
Unknown class,Japan,Japan_002950.xml,D50
Unknown class,Japan,Japan_002952.xml,D44
Unknown class,Japan,Japan_002952.xml,D44
Unknown class,Japan,Japan_002953.xml,D44
Unknown class,Japan,Japan_002954.xml,D44
Unknown class,Japan,Japan_002956.xml,D43
Unknown class,Japan,Japan_002957.xml,D50
Unknown class,Japan,Japan_002957.xml,D50
Unknown class,Japan,Japan_002959.xml,D43
Unknown class,Japan,Japan_002959.xml,D43
Unknown class,Japan,Japan_002962.xml,D43
Unknown class,Japan,Japan_002962.xml,D50
Unknown class,Japan,Japan_002964.xml,D44
Unknown class,Japan,Japan_002965.xml,D44
Unknown class,Japan,Japan_002968.xml,D44
Unknown class,Japan,Japan_002968.xml,D44
Unknown class,Japan,Japan_002968.xml,D50
Unknown class,Japan,Japan_002968.xml,D50
Unknown class,Japan,Japan_002969.xml,D44
Unknown class,Japan,Japan_002970.xml,D44
Unknown class,Japan,Japan_002972.xml,D44
Unknown class,Japan,Japan_002972.xml,D50
Unknown class,Japan,Japan_002972.xml,D50
Unknown class,Japan,Japan_002973.xml,D44
Unknown class,Japan,Japan_002976.xml,D44
Unknown class,Japan,Japan_002977.xml,D43
Unknown class,Japan,Japan_002979.xml,D50
Unknown class,Japan,Japan_002980.xml,D44
Unknown class,Japan,Japan_002982.xml,D44
Unknown class,Japan,Japan_002983.xml,D50
Unknown class,Japan,Japan_002984.xml,D44
Unknown class,Japan,Japan_002986.xml,D43
Unknown class,Japan,Japan_002986.xml,D50
Unknown class,Japan,Japan_002986.xml,D50
Unknown class,Japan,Japan_002987.xml,D44
Unknown class,Japan,Japan_002988.xml,D50
Unknown class,Japan,Japan_002990.xml,D44
Unknown class,Japan,Japan_002990.xml,D44
Unknown class,Japan,Japan_002991.xml,D43
Unknown class,Japan,Japan_002992.xml,D50
Unknown class,Japan,Japan_002992.xml,D50
Unknown class,Japan,Japan_002993.xml,D50
Unknown class,Japan,Japan_002994.xml,D44
Unknown class,Japan,Japan_002995.xml,D50
Unknown class,Japan,Japan_002997.xml,D44
Unknown class,Japan,Japan_002998.xml,D44
Unknown class,Japan,Japan_002998.xml,D44
Unknown class,Japan,Japan_003000.xml,D43
Unknown class,Japan,Japan_003001.xml,D50
Unknown class,Japan,Japan_003001.xml,D50
Unknown class,Japan,Japan_003002.xml,D44
Unknown class,Japan,Japan_003003.xml,D44
Unknown class,Japan,Japan_003004.xml,D50
Unknown class,Japan,Japan_003007.xml,D50
Unknown class,Japan,Japan_003007.xml,D50
Unknown class,Japan,Japan_003007.xml,D50
Unknown class,Japan,Japan_003007.xml,D50
Unknown class,Japan,Japan_003009.xml,D44
Unknown class,Japan,Japan_003010.xml,D50
Unknown class,Japan,Japan_003012.xml,D50
Unknown class,Japan,Japan_003012.xml,D50
Unknown class,Japan,Japan_003012.xml,D50
Unknown class,Japan,Japan_003013.xml,D50
Unknown class,Japan,Japan_003015.xml,D44
Unknown class,Japan,Japan_003015.xml,D44
Unknown class,Japan,Japan_003021.xml,D44
Unknown class,Japan,Japan_003021.xml,D44
Unknown class,Japan,Japan_003024.xml,D44
Unknown class,Japan,Japan_003027.xml,D44
Unknown class,Japan,Japan_003030.xml,D44
Unknown class,Japan,Japan_003030.xml,D44
Unknown class,Japan,Japan_003030.xml,D44
Unknown class,Japan,Japan_003033.xml,D44
Unknown class,Japan,Japan_003034.xml,D50
Unknown class,Japan,Japan_003035.xml,D44
Unknown class,Japan,Japan_003035.xml,D43
Unknown class,Japan,Japan_003036.xml,D44
Unknown class,Japan,Japan_003037.xml,D44
Unknown class,Japan,Japan_003040.xml,D44
Unknown class,Japan,Japan_003046.xml,D50
Unknown class,Japan,Japan_003047.xml,D50
Unknown class,Japan,Japan_003056.xml,D43
Unknown class,Japan,Japan_003057.xml,D43
Unknown class,Japan,Japan_003057.xml,D43
Unknown class,Japan,Japan_003059.xml,D44
Unknown class,Japan,Japan_003059.xml,D44
Unknown class,Japan,Japan_003060.xml,D50
Unknown class,Japan,Japan_003064.xml,D44
Unknown class,Japan,Japan_003067.xml,D50
Unknown class,Japan,Japan_003067.xml,D44
Unknown class,Japan,Japan_003068.xml,D44
Unknown class,Japan,Japan_003068.xml,D44
Unknown class,Japan,Japan_003071.xml,D50
Unknown class,Japan,Japan_003072.xml,D44
Unknown class,Japan,Japan_003072.xml,D44
Unknown class,Japan,Japan_003073.xml,D44
Unknown class,Japan,Japan_003073.xml,D50
Unknown class,Japan,Japan_003073.xml,D43
Unknown class,Japan,Japan_003074.xml,D44
Unknown class,Japan,Japan_003078.xml,D44
Unknown class,Japan,Japan_003078.xml,D50
Unknown class,Japan,Japan_003083.xml,D50
Unknown class,Japan,Japan_003083.xml,D50
Unknown class,Japan,Japan_003084.xml,D44
Unknown class,Japan,Japan_003084.xml,D44
Unknown class,Japan,Japan_003084.xml,D50
Unknown class,Japan,Japan_003084.xml,D50
Unknown class,Japan,Japan_003090.xml,D44
Unknown class,Japan,Japan_003091.xml,D44
Unknown class,Japan,Japan_003095.xml,D50
Unknown class,Japan,Japan_003098.xml,D43
Unknown class,Japan,Japan_003104.xml,D44
Unknown class,Japan,Japan_003106.xml,D44
Unknown class,Japan,Japan_003106.xml,D50
Unknown class,Japan,Japan_003108.xml,D44
Unknown class,Japan,Japan_003108.xml,D43
Unknown class,Japan,Japan_003108.xml,D44
Unknown class,Japan,Japan_003108.xml,D50
Unknown class,Japan,Japan_003111.xml,D44
Unknown class,Japan,Japan_003115.xml,D50
Unknown class,Japan,Japan_003120.xml,D44
Unknown class,Japan,Japan_003120.xml,D50
Unknown class,Japan,Japan_003123.xml,D43
Unknown class,Japan,Japan_003127.xml,D50
Unknown class,Japan,Japan_003127.xml,D50
Unknown class,Japan,Japan_003128.xml,D44
Unknown class,Japan,Japan_003129.xml,D50
Unknown class,Japan,Japan_003129.xml,D50
Unknown class,Japan,Japan_003130.xml,D50
Unknown class,Japan,Japan_003131.xml,D50
Unknown class,Japan,Japan_003132.xml,D44
Unknown class,Japan,Japan_003132.xml,D50
Unknown class,Japan,Japan_003135.xml,D44
Unknown class,Japan,Japan_003136.xml,D50
Unknown class,Japan,Japan_003138.xml,D50
Unknown class,Japan,Japan_003139.xml,D44
Unknown class,Japan,Japan_003143.xml,D44
Unknown class,Japan,Japan_003145.xml,D50
Unknown class,Japan,Japan_003146.xml,D50
Unknown class,Japan,Japan_003146.xml,D50
Unknown class,Japan,Japan_003147.xml,D50
Unknown class,Japan,Japan_003151.xml,D44
Unknown class,Japan,Japan_003151.xml,D50
Unknown class,Japan,Japan_003151.xml,D50
Unknown class,Japan,Japan_003152.xml,D44
Unknown class,Japan,Japan_003153.xml,D50
Unknown class,Japan,Japan_003155.xml,D43
Unknown class,Japan,Japan_003165.xml,D43
Unknown class,Japan,Japan_003177.xml,D44
Unknown class,Japan,Japan_003177.xml,D50
Unknown class,Japan,Japan_003177.xml,D50
Unknown class,Japan,Japan_003178.xml,D44
Unknown class,Japan,Japan_003186.xml,D44
Unknown class,Japan,Japan_003186.xml,D44
Unknown class,Japan,Japan_003191.xml,D43
Unknown class,Japan,Japan_003202.xml,D50
Unknown class,Japan,Japan_003205.xml,D50
Unknown class,Japan,Japan_003209.xml,D44
Unknown class,Japan,Japan_003209.xml,D50
Unknown class,Japan,Japan_003210.xml,D50
Unknown class,Japan,Japan_003211.xml,D50
Unknown class,Japan,Japan_003215.xml,D43
Unknown class,Japan,Japan_003219.xml,D50
Unknown class,Japan,Japan_003222.xml,D50
Unknown class,Japan,Japan_003225.xml,D44
Unknown class,Japan,Japan_003228.xml,D50
Unknown class,Japan,Japan_003230.xml,D44
Unknown class,Japan,Japan_003230.xml,D44
Unknown class,Japan,Japan_003231.xml,D43
Unknown class,Japan,Japan_003231.xml,D50
Unknown class,Japan,Japan_003234.xml,D44
Unknown class,Japan,Japan_003236.xml,D44
Unknown class,Japan,Japan_003237.xml,D50
Unknown class,Japan,Japan_003240.xml,D50
Unknown class,Japan,Japan_003240.xml,D43
Unknown class,Japan,Japan_003249.xml,D44
Unknown class,Japan,Japan_003249.xml,D44
Unknown class,Japan,Japan_003249.xml,D50
Unknown class,Japan,Japan_003249.xml,D50
Unknown class,Japan,Japan_003249.xml,D50
Unknown class,Japan,Japan_003252.xml,D44
Unknown class,Japan,Japan_003252.xml,D44
Unknown class,Japan,Japan_003253.xml,D43
Unknown class,Japan,Japan_003253.xml,D50
Unknown class,Japan,Japan_003256.xml,D44
Unknown class,Japan,Japan_003256.xml,D43
Unknown class,Japan,Japan_003257.xml,D50
Unknown class,Japan,Japan_003257.xml,D50
Unknown class,Japan,Japan_003259.xml,D44
Unknown class,Japan,Japan_003259.xml,D43
Unknown class,Japan,Japan_003260.xml,D50
Unknown class,Japan,Japan_003260.xml,D50
Unknown class,Japan,Japan_003262.xml,D44
Unknown class,Japan,Japan_003265.xml,D44
Unknown class,Japan,Japan_003266.xml,D43
Unknown class,Japan,Japan_003271.xml,D43
Unknown class,Japan,Japan_003271.xml,D50
Unknown class,Japan,Japan_003272.xml,D44
Unknown class,Japan,Japan_003272.xml,D44
Unknown class,Japan,Japan_003278.xml,D44
Unknown class,Japan,Japan_003281.xml,D50
Unknown class,Japan,Japan_003285.xml,D50
Unknown class,Japan,Japan_003291.xml,D50
Unknown class,Japan,Japan_003296.xml,D50
Unknown class,Japan,Japan_003298.xml,D44
Unknown class,Japan,Japan_003299.xml,D44
Unknown class,Japan,Japan_003301.xml,D44
Unknown class,Japan,Japan_003306.xml,D44
Unknown class,Japan,Japan_003306.xml,D50
Unknown class,Japan,Japan_003310.xml,D50
Unknown class,Japan,Japan_003311.xml,D44
Unknown class,Japan,Japan_003311.xml,D44
Unknown class,Japan,Japan_003315.xml,D44
Unknown class,Japan,Japan_003315.xml,D44
Unknown class,Japan,Japan_003316.xml,D50
Unknown class,Japan,Japan_003316.xml,D50
Unknown class,Japan,Japan_003320.xml,D43
Unknown class,Japan,Japan_003322.xml,D44
Unknown class,Japan,Japan_003322.xml,D44
Unknown class,Japan,Japan_003323.xml,D50
Unknown class,Japan,Japan_003324.xml,D44
Unknown class,Japan,Japan_003324.xml,D44
Unknown class,Japan,Japan_003327.xml,D50
Unknown class,Japan,Japan_003328.xml,D44
Unknown class,Japan,Japan_003330.xml,D50
Unknown class,Japan,Japan_003330.xml,D50
Unknown class,Japan,Japan_003332.xml,D44
Unknown class,Japan,Japan_003333.xml,D50
Unknown class,Japan,Japan_003336.xml,D43
Unknown class,Japan,Japan_003336.xml,D50
Unknown class,Japan,Japan_003337.xml,D44
Unknown class,Japan,Japan_003337.xml,D50
Unknown class,Japan,Japan_003340.xml,D50
Unknown class,Japan,Japan_003340.xml,D50
Unknown class,Japan,Japan_003342.xml,D50
Unknown class,Japan,Japan_003342.xml,D50
Unknown class,Japan,Japan_003346.xml,D44
Unknown class,Japan,Japan_003346.xml,D44
Unknown class,Japan,Japan_003346.xml,D50
Unknown class,Japan,Japan_003346.xml,D50
Unknown class,Japan,Japan_003346.xml,D43
Unknown class,Japan,Japan_003351.xml,D44
Unknown class,Japan,Japan_003352.xml,D50
Unknown class,Japan,Japan_003354.xml,D44
Unknown class,Japan,Japan_003357.xml,D50
Unknown class,Japan,Japan_003358.xml,D44
Unknown class,Japan,Japan_003359.xml,D50
Unknown class,Japan,Japan_003361.xml,D44
Unknown class,Japan,Japan_003364.xml,D44
Unknown class,Japan,Japan_003364.xml,D44
Unknown class,Japan,Japan_003364.xml,D44
Unknown class,Japan,Japan_003366.xml,D44
Unknown class,Japan,Japan_003367.xml,D44
Unknown class,Japan,Japan_003367.xml,D50
Unknown class,Japan,Japan_003369.xml,D44
Unknown class,Japan,Japan_003369.xml,D44
Unknown class,Japan,Japan_003369.xml,D44
Unknown class,Japan,Japan_003370.xml,D43
Unknown class,Japan,Japan_003371.xml,D44
Unknown class,Japan,Japan_003372.xml,D50
Unknown class,Japan,Japan_003374.xml,D44
Unknown class,Japan,Japan_003375.xml,D43
Unknown class,Japan,Japan_003375.xml,D50
Unknown class,Japan,Japan_003376.xml,D44
Unknown class,Japan,Japan_003379.xml,D44
Unknown class,Japan,Japan_003382.xml,D50
Unknown class,Japan,Japan_003382.xml,D50
Unknown class,Japan,Japan_003384.xml,D50
Unknown class,Japan,Japan_003386.xml,D44
Unknown class,Japan,Japan_003387.xml,D44
Unknown class,Japan,Japan_003388.xml,D44
Unknown class,Japan,Japan_003392.xml,D50
Unknown class,Japan,Japan_003392.xml,D50
Unknown class,Japan,Japan_003392.xml,D50
Unknown class,Japan,Japan_003392.xml,D50
Unknown class,Japan,Japan_003392.xml,D50
Unknown class,Japan,Japan_003394.xml,D50
Unknown class,Japan,Japan_003395.xml,D44
Unknown class,Japan,Japan_003395.xml,D44
Unknown class,Japan,Japan_003397.xml,D44
Unknown class,Japan,Japan_003397.xml,D50
Unknown class,Japan,Japan_003398.xml,D50
Unknown class,Japan,Japan_003400.xml,D44
Unknown class,Japan,Japan_003400.xml,D43
Unknown class,Japan,Japan_003400.xml,D50
Unknown class,Japan,Japan_003401.xml,D44
Unknown class,Japan,Japan_003401.xml,D44
Unknown class,Japan,Japan_003402.xml,D44
Unknown class,Japan,Japan_003404.xml,D44
Unknown class,Japan,Japan_003405.xml,D44
Unknown class,Japan,Japan_003407.xml,D44
Unknown class,Japan,Japan_003407.xml,D43
Unknown class,Japan,Japan_003408.xml,D44
Unknown class,Japan,Japan_003412.xml,D44
Unknown class,Japan,Japan_003412.xml,D44
Unknown class,Japan,Japan_003414.xml,D44
Unknown class,Japan,Japan_003415.xml,D44
Unknown class,Japan,Japan_003419.xml,D44
Unknown class,Japan,Japan_003425.xml,D50
Unknown class,Japan,Japan_003425.xml,D50
Unknown class,Japan,Japan_003426.xml,D50
Unknown class,Japan,Japan_003427.xml,D44
Unknown class,Japan,Japan_003427.xml,D50
Unknown class,Japan,Japan_003428.xml,D44
Unknown class,Japan,Japan_003429.xml,D50
Unknown class,Japan,Japan_003430.xml,D44
Unknown class,Japan,Japan_003430.xml,D50
Unknown class,Japan,Japan_003430.xml,D50
Unknown class,Japan,Japan_003431.xml,D44
Unknown class,Japan,Japan_003431.xml,D50
Unknown class,Japan,Japan_003433.xml,D44
Unknown class,Japan,Japan_003435.xml,D43
Unknown class,Japan,Japan_003435.xml,D50
Unknown class,Japan,Japan_003436.xml,D50
Unknown class,Japan,Japan_003436.xml,D50
Unknown class,Japan,Japan_003440.xml,D50
Unknown class,Japan,Japan_003442.xml,D44
Unknown class,Japan,Japan_003443.xml,D44
Unknown class,Japan,Japan_003444.xml,D50
Unknown class,Japan,Japan_003444.xml,D50
Unknown class,Japan,Japan_003447.xml,D44
Unknown class,Japan,Japan_003448.xml,D50
Unknown class,Japan,Japan_003451.xml,D50
Unknown class,Japan,Japan_003454.xml,D44
Unknown class,Japan,Japan_003454.xml,D44
Unknown class,Japan,Japan_003455.xml,D44
Unknown class,Japan,Japan_003455.xml,D44
Unknown class,Japan,Japan_003456.xml,D50
Unknown class,Japan,Japan_003456.xml,D50
Unknown class,Japan,Japan_003457.xml,D44
Unknown class,Japan,Japan_003457.xml,D44
Unknown class,Japan,Japan_003458.xml,D44
Unknown class,Japan,Japan_003458.xml,D44
Unknown class,Japan,Japan_003464.xml,D44
Unknown class,Japan,Japan_003464.xml,D50
Unknown class,Japan,Japan_003465.xml,D44
Unknown class,Japan,Japan_003466.xml,D44
Unknown class,Japan,Japan_003466.xml,D50
Unknown class,Japan,Japan_003471.xml,D50
Unknown class,Japan,Japan_003471.xml,D44
Unknown class,Japan,Japan_003474.xml,D50
Unknown class,Japan,Japan_003475.xml,D50
Unknown class,Japan,Japan_003480.xml,D44
Unknown class,Japan,Japan_003486.xml,D44
Unknown class,Japan,Japan_003488.xml,D44
Unknown class,Japan,Japan_003489.xml,D50
Unknown class,Japan,Japan_003492.xml,D43
Unknown class,Japan,Japan_003493.xml,D50
Unknown class,Japan,Japan_003494.xml,D43
Unknown class,Japan,Japan_003494.xml,D43
Unknown class,Japan,Japan_003505.xml,D43
Unknown class,Japan,Japan_003505.xml,D44
Unknown class,Japan,Japan_003506.xml,D44
Unknown class,Japan,Japan_003506.xml,D50
Unknown class,Japan,Japan_003507.xml,D43
Unknown class,Japan,Japan_003509.xml,D50
Unknown class,Japan,Japan_003513.xml,D50
Unknown class,Japan,Japan_003515.xml,D43
Unknown class,Japan,Japan_003515.xml,D50
Unknown class,Japan,Japan_003515.xml,D50
Unknown class,Japan,Japan_003518.xml,D50
Unknown class,Japan,Japan_003520.xml,D50
Unknown class,Japan,Japan_003520.xml,D50
Unknown class,Japan,Japan_003522.xml,D50
Unknown class,Japan,Japan_003522.xml,D50
Unknown class,Japan,Japan_003524.xml,D44
Unknown class,Japan,Japan_003524.xml,D44
Unknown class,Japan,Japan_003531.xml,D50
Unknown class,Japan,Japan_003534.xml,D50
Unknown class,Japan,Japan_003536.xml,D44
Unknown class,Japan,Japan_003538.xml,D50
Unknown class,Japan,Japan_003539.xml,D50
Unknown class,Japan,Japan_003545.xml,D50
Unknown class,Japan,Japan_003546.xml,D44
Unknown class,Japan,Japan_003546.xml,D44
Unknown class,Japan,Japan_003547.xml,D50
Unknown class,Japan,Japan_003548.xml,D44
Unknown class,Japan,Japan_003549.xml,D43
Unknown class,Japan,Japan_003551.xml,D50
Unknown class,Japan,Japan_003551.xml,D50
Unknown class,Japan,Japan_003552.xml,D50
Unknown class,Japan,Japan_003556.xml,D43
Unknown class,Japan,Japan_003557.xml,D44
Unknown class,Japan,Japan_003560.xml,D44
Unknown class,Japan,Japan_003564.xml,D44
Unknown class,Japan,Japan_003564.xml,D50
Unknown class,Japan,Japan_003564.xml,D50
Unknown class,Japan,Japan_003564.xml,D50
Unknown class,Japan,Japan_003569.xml,D44
Unknown class,Japan,Japan_003570.xml,D50
Unknown class,Japan,Japan_003572.xml,D44
Unknown class,Japan,Japan_003572.xml,D50
Unknown class,Japan,Japan_003576.xml,D44
Unknown class,Japan,Japan_003576.xml,D50
Unknown class,Japan,Japan_003580.xml,D44
Unknown class,Japan,Japan_003580.xml,D44
Unknown class,Japan,Japan_003585.xml,D50
Unknown class,Japan,Japan_003589.xml,D43
Unknown class,Japan,Japan_003596.xml,D44
Unknown class,Japan,Japan_003597.xml,D44
Unknown class,Japan,Japan_003599.xml,D44
Unknown class,Japan,Japan_003600.xml,D44
Unknown class,Japan,Japan_003600.xml,D44
Unknown class,Japan,Japan_003600.xml,D50
Unknown class,Japan,Japan_003601.xml,D44
Unknown class,Japan,Japan_003601.xml,D44
Unknown class,Japan,Japan_003605.xml,D50
Unknown class,Japan,Japan_003606.xml,D44
Unknown class,Japan,Japan_003607.xml,D44
Unknown class,Japan,Japan_003608.xml,D50
Unknown class,Japan,Japan_003608.xml,D50
Unknown class,Japan,Japan_003608.xml,D50
Unknown class,Japan,Japan_003609.xml,D44
Unknown class,Japan,Japan_003614.xml,D44
Unknown class,Japan,Japan_003620.xml,D50
Unknown class,Japan,Japan_003620.xml,D50
Unknown class,Japan,Japan_003622.xml,D44
Unknown class,Japan,Japan_003623.xml,D44
Unknown class,Japan,Japan_003626.xml,D44
Unknown class,Japan,Japan_003629.xml,D44
Unknown class,Japan,Japan_003638.xml,D50
Unknown class,Japan,Japan_003639.xml,D44
Unknown class,Japan,Japan_003639.xml,D44
Unknown class,Japan,Japan_003639.xml,D44
Unknown class,Japan,Japan_003640.xml,D44
Unknown class,Japan,Japan_003640.xml,D50
Unknown class,Japan,Japan_003640.xml,D50
Unknown class,Japan,Japan_003641.xml,D44
Unknown class,Japan,Japan_003642.xml,D43
Unknown class,Japan,Japan_003642.xml,D50
Unknown class,Japan,Japan_003647.xml,D50
Unknown class,Japan,Japan_003648.xml,D44
Unknown class,Japan,Japan_003650.xml,D44
Unknown class,Japan,Japan_003651.xml,D50
Unknown class,Japan,Japan_003651.xml,D50
Unknown class,Japan,Japan_003651.xml,D50
Unknown class,Japan,Japan_003652.xml,D50
Unknown class,Japan,Japan_003653.xml,D44
Unknown class,Japan,Japan_003654.xml,D44
Unknown class,Japan,Japan_003654.xml,D44
Unknown class,Japan,Japan_003655.xml,D44
Unknown class,Japan,Japan_003656.xml,D44
Unknown class,Japan,Japan_003656.xml,D44
Unknown class,Japan,Japan_003659.xml,D50
Unknown class,Japan,Japan_003659.xml,D50
Unknown class,Japan,Japan_003661.xml,D43
Unknown class,Japan,Japan_003661.xml,D50
Unknown class,Japan,Japan_003663.xml,D44
Unknown class,Japan,Japan_003664.xml,D50
Unknown class,Japan,Japan_003664.xml,D50
Unknown class,Japan,Japan_003664.xml,D50
Unknown class,Japan,Japan_003664.xml,D50
Unknown class,Japan,Japan_003665.xml,D50
Unknown class,Japan,Japan_003665.xml,D44
Unknown class,Japan,Japan_003667.xml,D44
Unknown class,Japan,Japan_003668.xml,D44
Unknown class,Japan,Japan_003669.xml,D50
Unknown class,Japan,Japan_003672.xml,D44
Unknown class,Japan,Japan_003673.xml,D43
Unknown class,Japan,Japan_003673.xml,D50
Unknown class,Japan,Japan_003674.xml,D44
Unknown class,Japan,Japan_003675.xml,D50
Unknown class,Japan,Japan_003675.xml,D50
Unknown class,Japan,Japan_003676.xml,D44
Unknown class,Japan,Japan_003676.xml,D50
Unknown class,Japan,Japan_003677.xml,D44
Unknown class,Japan,Japan_003677.xml,D50
Unknown class,Japan,Japan_003678.xml,D44
Unknown class,Japan,Japan_003678.xml,D44
Unknown class,Japan,Japan_003681.xml,D50
Unknown class,Japan,Japan_003682.xml,D50
Unknown class,Japan,Japan_003683.xml,D44
Unknown class,Japan,Japan_003683.xml,D44
Unknown class,Japan,Japan_003684.xml,D50
Unknown class,Japan,Japan_003686.xml,D50
Unknown class,Japan,Japan_003686.xml,D50
Unknown class,Japan,Japan_003687.xml,D44
Unknown class,Japan,Japan_003688.xml,D50
Unknown class,Japan,Japan_003688.xml,D50
Unknown class,Japan,Japan_003690.xml,D50
Unknown class,Japan,Japan_003694.xml,D44
Unknown class,Japan,Japan_003696.xml,D44
Unknown class,Japan,Japan_003697.xml,D50
Unknown class,Japan,Japan_003698.xml,D44
Unknown class,Japan,Japan_003700.xml,D44
Unknown class,Japan,Japan_003701.xml,D44
Unknown class,Japan,Japan_003702.xml,D44
Unknown class,Japan,Japan_003702.xml,D50
Unknown class,Japan,Japan_003706.xml,D43
Unknown class,Japan,Japan_003706.xml,D50
Unknown class,Japan,Japan_003707.xml,D44
Unknown class,Japan,Japan_003711.xml,D44
Unknown class,Japan,Japan_003712.xml,D43
Unknown class,Japan,Japan_003712.xml,D50
Unknown class,Japan,Japan_003713.xml,D44
Unknown class,Japan,Japan_003713.xml,D50
Unknown class,Japan,Japan_003714.xml,D44
Unknown class,Japan,Japan_003717.xml,D44
Unknown class,Japan,Japan_003718.xml,D44
Unknown class,Japan,Japan_003720.xml,D43
Unknown class,Japan,Japan_003720.xml,D50
Unknown class,Japan,Japan_003740.xml,D50
Unknown class,Japan,Japan_003741.xml,D44
Unknown class,Japan,Japan_003746.xml,D44
Unknown class,Japan,Japan_003747.xml,D44
Unknown class,Japan,Japan_003747.xml,D50
Unknown class,Japan,Japan_003748.xml,D50
Unknown class,Japan,Japan_003752.xml,D44
Unknown class,Japan,Japan_003752.xml,D50
Unknown class,Japan,Japan_003753.xml,D50
Unknown class,Japan,Japan_003753.xml,D50
Unknown class,Japan,Japan_003753.xml,D50
Unknown class,Japan,Japan_003754.xml,D44
Unknown class,Japan,Japan_003755.xml,D44
Unknown class,Japan,Japan_003755.xml,D50
Unknown class,Japan,Japan_003756.xml,D44
Unknown class,Japan,Japan_003757.xml,D44
Unknown class,Japan,Japan_003759.xml,D50
Unknown class,Japan,Japan_003761.xml,D44
Unknown class,Japan,Japan_003761.xml,D44
Unknown class,Japan,Japan_003767.xml,D43
Unknown class,Japan,Japan_003768.xml,D50
Unknown class,Japan,Japan_003775.xml,D50
Unknown class,Japan,Japan_003777.xml,D50
Unknown class,Japan,Japan_003778.xml,D44
Unknown class,Japan,Japan_003782.xml,D44
Unknown class,Japan,Japan_003783.xml,D50
Unknown class,Japan,Japan_003785.xml,D50
Unknown class,Japan,Japan_003786.xml,D44
Unknown class,Japan,Japan_003789.xml,D44
Unknown class,Japan,Japan_003791.xml,D43
Unknown class,Japan,Japan_003795.xml,D44
Unknown class,Japan,Japan_003797.xml,D50
Unknown class,Japan,Japan_003802.xml,D43
Unknown class,Japan,Japan_003805.xml,D44
Unknown class,Japan,Japan_003809.xml,D44
Unknown class,Japan,Japan_003812.xml,D50
Unknown class,Japan,Japan_003814.xml,D44
Unknown class,Japan,Japan_003814.xml,D50
Unknown class,Japan,Japan_003819.xml,D44
Unknown class,Japan,Japan_003820.xml,D44
Unknown class,Japan,Japan_003820.xml,D44
Unknown class,Japan,Japan_003822.xml,D44
Unknown class,Japan,Japan_003824.xml,D50
Unknown class,Japan,Japan_003827.xml,D50
Unknown class,Japan,Japan_003831.xml,D44
Unknown class,Japan,Japan_003831.xml,D50
Unknown class,Japan,Japan_003833.xml,D50
Unknown class,Japan,Japan_003833.xml,D50
Unknown class,Japan,Japan_003836.xml,D50
Unknown class,Japan,Japan_003842.xml,D44
Unknown class,Japan,Japan_003842.xml,D44
Unknown class,Japan,Japan_003845.xml,D50
Unknown class,Japan,Japan_003845.xml,D50
Unknown class,Japan,Japan_003847.xml,D50
Unknown class,Japan,Japan_003856.xml,D44
Unknown class,Japan,Japan_003857.xml,D50
Unknown class,Japan,Japan_003857.xml,D50
Unknown class,Japan,Japan_003859.xml,D50
Unknown class,Japan,Japan_003866.xml,D50
Unknown class,Japan,Japan_003866.xml,D44
Unknown class,Japan,Japan_003868.xml,D50
Unknown class,Japan,Japan_003868.xml,D50
Unknown class,Japan,Japan_003869.xml,D44
Unknown class,Japan,Japan_003869.xml,D44
Unknown class,Japan,Japan_003870.xml,D43
Unknown class,Japan,Japan_003870.xml,D50
Unknown class,Japan,Japan_003870.xml,D50
Unknown class,Japan,Japan_003871.xml,D44
Unknown class,Japan,Japan_003873.xml,D50
Unknown class,Japan,Japan_003878.xml,D50
Unknown class,Japan,Japan_003878.xml,D50
Unknown class,Japan,Japan_003878.xml,D44
Unknown class,Japan,Japan_003882.xml,D44
Unknown class,Japan,Japan_003882.xml,D44
Unknown class,Japan,Japan_003885.xml,D44
Unknown class,Japan,Japan_003886.xml,D44
Unknown class,Japan,Japan_003887.xml,D43
Unknown class,Japan,Japan_003888.xml,D44
Unknown class,Japan,Japan_003888.xml,D44
Unknown class,Japan,Japan_003892.xml,D50
Unknown class,Japan,Japan_003892.xml,D44
Unknown class,Japan,Japan_003893.xml,D44
Unknown class,Japan,Japan_003899.xml,D50
Unknown class,Japan,Japan_003899.xml,D50
Unknown class,Japan,Japan_003899.xml,D50
Unknown class,Japan,Japan_003900.xml,D44
Unknown class,Japan,Japan_003901.xml,D44
Unknown class,Japan,Japan_003902.xml,D44
Unknown class,Japan,Japan_003906.xml,D43
Unknown class,Japan,Japan_003907.xml,D44
Unknown class,Japan,Japan_003910.xml,D44
Unknown class,Japan,Japan_003910.xml,D50
Unknown class,Japan,Japan_003911.xml,D50
Unknown class,Japan,Japan_003912.xml,D44
Unknown class,Japan,Japan_003913.xml,D50
Unknown class,Japan,Japan_003914.xml,D50
Unknown class,Japan,Japan_003916.xml,D43
Unknown class,Japan,Japan_003917.xml,D50
Unknown class,Japan,Japan_003917.xml,D50
Unknown class,Japan,Japan_003917.xml,D44
Unknown class,Japan,Japan_003931.xml,D43
Unknown class,Japan,Japan_003932.xml,D43
Unknown class,Japan,Japan_003933.xml,D50
Unknown class,Japan,Japan_003934.xml,D44
Unknown class,Japan,Japan_003935.xml,D44
Unknown class,Japan,Japan_003936.xml,D44
Unknown class,Japan,Japan_003936.xml,D44
Unknown class,Japan,Japan_003937.xml,D44
Unknown class,Japan,Japan_003938.xml,D44
Unknown class,Japan,Japan_003940.xml,D44
Unknown class,Japan,Japan_003941.xml,D50
Unknown class,Japan,Japan_003941.xml,D44
Unknown class,Japan,Japan_003943.xml,D44
Unknown class,Japan,Japan_003945.xml,D43
Unknown class,Japan,Japan_003945.xml,D43
Unknown class,Japan,Japan_003945.xml,D50
Unknown class,Japan,Japan_003946.xml,D50
Unknown class,Japan,Japan_003946.xml,D50
Unknown class,Japan,Japan_003947.xml,D44
Unknown class,Japan,Japan_003949.xml,D50
Unknown class,Japan,Japan_003950.xml,D43
Unknown class,Japan,Japan_003951.xml,D43
Unknown class,Japan,Japan_003951.xml,D50
Unknown class,Japan,Japan_003952.xml,D44
Unknown class,Japan,Japan_003952.xml,D44
Unknown class,Japan,Japan_003954.xml,D44
Unknown class,Japan,Japan_003954.xml,D44
Unknown class,Japan,Japan_003956.xml,D50
Unknown class,Japan,Japan_003958.xml,D44
Unknown class,Japan,Japan_003958.xml,D43
Unknown class,Japan,Japan_003961.xml,D44
Unknown class,Japan,Japan_003963.xml,D44
Unknown class,Japan,Japan_003965.xml,D50
Unknown class,Japan,Japan_003967.xml,D44
Unknown class,Japan,Japan_003967.xml,D44
Unknown class,Japan,Japan_003968.xml,D43
Unknown class,Japan,Japan_003971.xml,D44
Unknown class,Japan,Japan_003971.xml,D50
Unknown class,Japan,Japan_003974.xml,D44
Unknown class,Japan,Japan_003975.xml,D44
Unknown class,Japan,Japan_003976.xml,D44
Unknown class,Japan,Japan_003981.xml,D43
Unknown class,Japan,Japan_003984.xml,D50
Unknown class,Japan,Japan_003984.xml,D50
Unknown class,Japan,Japan_003986.xml,D50
Unknown class,Japan,Japan_003990.xml,D44
Unknown class,Japan,Japan_003991.xml,D50
Unknown class,Japan,Japan_003993.xml,D50
Unknown class,Japan,Japan_003993.xml,D50
Unknown class,Japan,Japan_003994.xml,D44
Unknown class,Japan,Japan_003997.xml,D44
Unknown class,Japan,Japan_003997.xml,D44
Unknown class,Japan,Japan_004000.xml,D44
Unknown class,Japan,Japan_004001.xml,D50
Unknown class,Japan,Japan_004002.xml,D44
Unknown class,Japan,Japan_004003.xml,D43
Unknown class,Japan,Japan_004005.xml,D44
Unknown class,Japan,Japan_004006.xml,D44
Unknown class,Japan,Japan_004006.xml,D44
Unknown class,Japan,Japan_004019.xml,D44
Unknown class,Japan,Japan_004020.xml,D44
Unknown class,Japan,Japan_004023.xml,D50
Unknown class,Japan,Japan_004025.xml,D44
Unknown class,Japan,Japan_004025.xml,D44
Unknown class,Japan,Japan_004025.xml,D50
Unknown class,Japan,Japan_004026.xml,D44
Unknown class,Japan,Japan_004030.xml,D44
Unknown class,Japan,Japan_004035.xml,D44
Unknown class,Japan,Japan_004035.xml,D44
Unknown class,Japan,Japan_004038.xml,D50
Unknown class,Japan,Japan_004040.xml,D50
Unknown class,Japan,Japan_004045.xml,D50
Unknown class,Japan,Japan_004047.xml,D43
Unknown class,Japan,Japan_004048.xml,D44
Unknown class,Japan,Japan_004048.xml,D44
Unknown class,Japan,Japan_004049.xml,D44
Unknown class,Japan,Japan_004050.xml,D44
Unknown class,Japan,Japan_004050.xml,D44
Unknown class,Japan,Japan_004054.xml,D44
Unknown class,Japan,Japan_004054.xml,D50
Unknown class,Japan,Japan_004058.xml,D44
Unknown class,Japan,Japan_004063.xml,D44
Unknown class,Japan,Japan_004069.xml,D44
Unknown class,Japan,Japan_004071.xml,D50
Unknown class,Japan,Japan_004072.xml,D50
Unknown class,Japan,Japan_004075.xml,D50
Unknown class,Japan,Japan_004075.xml,D50
Unknown class,Japan,Japan_004076.xml,D44
Unknown class,Japan,Japan_004076.xml,D50
Unknown class,Japan,Japan_004079.xml,D44
Unknown class,Japan,Japan_004079.xml,D44
Unknown class,Japan,Japan_004080.xml,D50
Unknown class,Japan,Japan_004081.xml,D50
Unknown class,Japan,Japan_004081.xml,D43
Unknown class,Japan,Japan_004081.xml,D43
Unknown class,Japan,Japan_004082.xml,D50
Unknown class,Japan,Japan_004085.xml,D43
Unknown class,Japan,Japan_004088.xml,D50
Unknown class,Japan,Japan_004090.xml,D44
Unknown class,Japan,Japan_004096.xml,D44
Unknown class,Japan,Japan_004097.xml,D50
Unknown class,Japan,Japan_004098.xml,D44
Unknown class,Japan,Japan_004099.xml,D44
Unknown class,Japan,Japan_004099.xml,D44
Unknown class,Japan,Japan_004100.xml,D44
Unknown class,Japan,Japan_004101.xml,D50
Unknown class,Japan,Japan_004105.xml,D44
Unknown class,Japan,Japan_004105.xml,D44
Unknown class,Japan,Japan_004107.xml,D50
Unknown class,Japan,Japan_004114.xml,D50
Unknown class,Japan,Japan_004114.xml,D44
Unknown class,Japan,Japan_004114.xml,D44
Unknown class,Japan,Japan_004118.xml,D43
Unknown class,Japan,Japan_004119.xml,D50
Unknown class,Japan,Japan_004121.xml,D50
Unknown class,Japan,Japan_004122.xml,D43
Unknown class,Japan,Japan_004123.xml,D43
Unknown class,Japan,Japan_004125.xml,D44
Unknown class,Japan,Japan_004125.xml,D43
Unknown class,Japan,Japan_004129.xml,D50
Unknown class,Japan,Japan_004131.xml,D43
Unknown class,Japan,Japan_004133.xml,D44
Unknown class,Japan,Japan_004133.xml,D50
Unknown class,Japan,Japan_004134.xml,D50
Unknown class,Japan,Japan_004134.xml,D50
Unknown class,Japan,Japan_004136.xml,D50
Unknown class,Japan,Japan_004137.xml,D50
Unknown class,Japan,Japan_004138.xml,D44
Unknown class,Japan,Japan_004138.xml,D44
Unknown class,Japan,Japan_004138.xml,D44
Unknown class,Japan,Japan_004139.xml,D44
Unknown class,Japan,Japan_004141.xml,D43
Unknown class,Japan,Japan_004141.xml,D50
Unknown class,Japan,Japan_004145.xml,D50
Unknown class,Japan,Japan_004146.xml,D50
Unknown class,Japan,Japan_004147.xml,D50
Unknown class,Japan,Japan_004154.xml,D50
Unknown class,Japan,Japan_004156.xml,D44
Unknown class,Japan,Japan_004157.xml,D44
Unknown class,Japan,Japan_004161.xml,D44
Unknown class,Japan,Japan_004164.xml,D50
Unknown class,Japan,Japan_004166.xml,D44
Unknown class,Japan,Japan_004167.xml,D44
Unknown class,Japan,Japan_004167.xml,D44
Unknown class,Japan,Japan_004168.xml,D44
Unknown class,Japan,Japan_004170.xml,D50
Unknown class,Japan,Japan_004171.xml,D43
Unknown class,Japan,Japan_004171.xml,D44
Unknown class,Japan,Japan_004172.xml,D44
Unknown class,Japan,Japan_004174.xml,D43
Unknown class,Japan,Japan_004174.xml,D50
Unknown class,Japan,Japan_004175.xml,D50
Unknown class,Japan,Japan_004176.xml,D50
Unknown class,Japan,Japan_004178.xml,D50
Unknown class,Japan,Japan_004179.xml,D50
Unknown class,Japan,Japan_004179.xml,D50
Unknown class,Japan,Japan_004182.xml,D50
Unknown class,Japan,Japan_004182.xml,D50
Unknown class,Japan,Japan_004182.xml,D50
Unknown class,Japan,Japan_004182.xml,D44
Unknown class,Japan,Japan_004183.xml,D50
Unknown class,Japan,Japan_004183.xml,D50
Unknown class,Japan,Japan_004183.xml,D50
Unknown class,Japan,Japan_004186.xml,D50
Unknown class,Japan,Japan_004186.xml,D50
Unknown class,Japan,Japan_004188.xml,D50
Unknown class,Japan,Japan_004189.xml,D50
Unknown class,Japan,Japan_004189.xml,D50
Unknown class,Japan,Japan_004189.xml,D50
Unknown class,Japan,Japan_004189.xml,D50
Unknown class,Japan,Japan_004189.xml,D50
Unknown class,Japan,Japan_004194.xml,D50
Unknown class,Japan,Japan_004194.xml,D50
Unknown class,Japan,Japan_004195.xml,D50
Unknown class,Japan,Japan_004198.xml,D44
Unknown class,Japan,Japan_004198.xml,D44
Unknown class,Japan,Japan_004199.xml,D50
Unknown class,Japan,Japan_004200.xml,D44
Unknown class,Japan,Japan_004202.xml,D44
Unknown class,Japan,Japan_004204.xml,D50
Unknown class,Japan,Japan_004205.xml,D44
Unknown class,Japan,Japan_004207.xml,D43
Unknown class,Japan,Japan_004211.xml,D44
Unknown class,Japan,Japan_004212.xml,D44
Unknown class,Japan,Japan_004213.xml,D44
Unknown class,Japan,Japan_004213.xml,D50
Unknown class,Japan,Japan_004214.xml,D44
Unknown class,Japan,Japan_004215.xml,D44
Unknown class,Japan,Japan_004218.xml,D50
Unknown class,Japan,Japan_004219.xml,D50
Unknown class,Japan,Japan_004219.xml,D50
Unknown class,Japan,Japan_004221.xml,D43
Unknown class,Japan,Japan_004222.xml,D43
Unknown class,Japan,Japan_004222.xml,D50
Unknown class,Japan,Japan_004225.xml,D44
Unknown class,Japan,Japan_004225.xml,D50
Unknown class,Japan,Japan_004225.xml,D44
Unknown class,Japan,Japan_004227.xml,D43
Unknown class,Japan,Japan_004227.xml,D50
Unknown class,Japan,Japan_004228.xml,D50
Unknown class,Japan,Japan_004229.xml,D43
Unknown class,Japan,Japan_004229.xml,D50
Unknown class,Japan,Japan_004232.xml,D44
Unknown class,Japan,Japan_004232.xml,D44
Unknown class,Japan,Japan_004236.xml,D43
Unknown class,Japan,Japan_004236.xml,D50
Unknown class,Japan,Japan_004236.xml,D50
Unknown class,Japan,Japan_004237.xml,D50
Unknown class,Japan,Japan_004237.xml,D50
Unknown class,Japan,Japan_004241.xml,D50
Unknown class,Japan,Japan_004245.xml,D44
Unknown class,Japan,Japan_004247.xml,D50
Unknown class,Japan,Japan_004251.xml,D44
Unknown class,Japan,Japan_004252.xml,D43
Unknown class,Japan,Japan_004255.xml,D44
Unknown class,Japan,Japan_004258.xml,D44
Unknown class,Japan,Japan_004258.xml,D44
Unknown class,Japan,Japan_004258.xml,D50
Unknown class,Japan,Japan_004258.xml,D50
Unknown class,Japan,Japan_004258.xml,D50
Unknown class,Japan,Japan_004262.xml,D44
Unknown class,Japan,Japan_004263.xml,D44
Unknown class,Japan,Japan_004265.xml,D44
Unknown class,Japan,Japan_004267.xml,D44
Unknown class,Japan,Japan_004270.xml,D44
Unknown class,Japan,Japan_004271.xml,D43
Unknown class,Japan,Japan_004271.xml,D50
Unknown class,Japan,Japan_004272.xml,D50
Unknown class,Japan,Japan_004273.xml,D44
Unknown class,Japan,Japan_004274.xml,D44
Unknown class,Japan,Japan_004275.xml,D44
Unknown class,Japan,Japan_004276.xml,D44
Unknown class,Japan,Japan_004276.xml,D44
Unknown class,Japan,Japan_004277.xml,D44
Unknown class,Japan,Japan_004282.xml,D50
Unknown class,Japan,Japan_004284.xml,D50
Unknown class,Japan,Japan_004284.xml,D50
Unknown class,Japan,Japan_004285.xml,D44
Unknown class,Japan,Japan_004285.xml,D44
Unknown class,Japan,Japan_004285.xml,D43
Unknown class,Japan,Japan_004286.xml,D44
Unknown class,Japan,Japan_004287.xml,D44
Unknown class,Japan,Japan_004287.xml,D44
Unknown class,Japan,Japan_004290.xml,D50
Unknown class,Japan,Japan_004292.xml,D44
Unknown class,Japan,Japan_004293.xml,D43
Unknown class,Japan,Japan_004294.xml,D50
Unknown class,Japan,Japan_004294.xml,D44
Unknown class,Japan,Japan_004296.xml,D50
Unknown class,Japan,Japan_004297.xml,D44
Unknown class,Japan,Japan_004299.xml,D50
Unknown class,Japan,Japan_004300.xml,D44
Unknown class,Japan,Japan_004300.xml,D50
Unknown class,Japan,Japan_004300.xml,D50
Unknown class,Japan,Japan_004304.xml,D44
Unknown class,Japan,Japan_004304.xml,D50
Unknown class,Japan,Japan_004308.xml,D44
Unknown class,Japan,Japan_004309.xml,D44
Unknown class,Japan,Japan_004311.xml,D44
Unknown class,Japan,Japan_004313.xml,D44
Unknown class,Japan,Japan_004313.xml,D44
Unknown class,Japan,Japan_004314.xml,D43
Unknown class,Japan,Japan_004314.xml,D50
Unknown class,Japan,Japan_004314.xml,D50
Unknown class,Japan,Japan_004315.xml,D44
Unknown class,Japan,Japan_004316.xml,D44
Unknown class,Japan,Japan_004321.xml,D50
Unknown class,Japan,Japan_004322.xml,D44
Unknown class,Japan,Japan_004322.xml,D44
Unknown class,Japan,Japan_004323.xml,D44
Unknown class,Japan,Japan_004323.xml,D50
Unknown class,Japan,Japan_004324.xml,D50
Unknown class,Japan,Japan_004324.xml,D50
Unknown class,Japan,Japan_004325.xml,D43
Unknown class,Japan,Japan_004327.xml,D44
Unknown class,Japan,Japan_004334.xml,D44
Unknown class,Japan,Japan_004334.xml,D44
Unknown class,Japan,Japan_004334.xml,D50
Unknown class,Japan,Japan_004336.xml,D50
Unknown class,Japan,Japan_004337.xml,D50
Unknown class,Japan,Japan_004338.xml,D44
Unknown class,Japan,Japan_004339.xml,D44
Unknown class,Japan,Japan_004340.xml,D44
Unknown class,Japan,Japan_004344.xml,D44
Unknown class,Japan,Japan_004344.xml,D50
Unknown class,Japan,Japan_004346.xml,D44
Unknown class,Japan,Japan_004347.xml,D50
Unknown class,Japan,Japan_004348.xml,D44
Unknown class,Japan,Japan_004348.xml,D44
Unknown class,Japan,Japan_004349.xml,D44
Unknown class,Japan,Japan_004351.xml,D44
Unknown class,Japan,Japan_004351.xml,D44
Unknown class,Japan,Japan_004351.xml,D50
Unknown class,Japan,Japan_004358.xml,D44
Unknown class,Japan,Japan_004359.xml,D44
Unknown class,Japan,Japan_004362.xml,D50
Unknown class,Japan,Japan_004362.xml,D50
Unknown class,Japan,Japan_004363.xml,D44
Unknown class,Japan,Japan_004364.xml,D44
Unknown class,Japan,Japan_004364.xml,D50
Unknown class,Japan,Japan_004365.xml,D44
Unknown class,Japan,Japan_004366.xml,D50
Unknown class,Japan,Japan_004367.xml,D44
Unknown class,Japan,Japan_004369.xml,D44
Unknown class,Japan,Japan_004369.xml,D44
Unknown class,Japan,Japan_004370.xml,D44
Unknown class,Japan,Japan_004370.xml,D44
Unknown class,Japan,Japan_004371.xml,D50
Unknown class,Japan,Japan_004372.xml,D50
Unknown class,Japan,Japan_004377.xml,D50
Unknown class,Japan,Japan_004378.xml,D44
Unknown class,Japan,Japan_004378.xml,D44
Unknown class,Japan,Japan_004378.xml,D44
Unknown class,Japan,Japan_004379.xml,D44
Unknown class,Japan,Japan_004380.xml,D44
Unknown class,Japan,Japan_004380.xml,D44
Unknown class,Japan,Japan_004380.xml,D44
Unknown class,Japan,Japan_004385.xml,D50
Unknown class,Japan,Japan_004385.xml,D50
Unknown class,Japan,Japan_004386.xml,D43
Unknown class,Japan,Japan_004387.xml,D44
Unknown class,Japan,Japan_004390.xml,D43
Unknown class,Japan,Japan_004392.xml,D50
Unknown class,Japan,Japan_004397.xml,D50
Unknown class,Japan,Japan_004399.xml,D50
Unknown class,Japan,Japan_004401.xml,D44
Unknown class,Japan,Japan_004401.xml,D44
Unknown class,Japan,Japan_004402.xml,D44
Unknown class,Japan,Japan_004404.xml,D44
Unknown class,Japan,Japan_004404.xml,D50
Unknown class,Japan,Japan_004408.xml,D44
Unknown class,Japan,Japan_004408.xml,D50
Unknown class,Japan,Japan_004410.xml,D43
Unknown class,Japan,Japan_004410.xml,D50
Unknown class,Japan,Japan_004410.xml,D50
Unknown class,Japan,Japan_004416.xml,D50
Unknown class,Japan,Japan_004417.xml,D43
Unknown class,Japan,Japan_004417.xml,D50
Unknown class,Japan,Japan_004418.xml,D50
Unknown class,Japan,Japan_004418.xml,D50
Unknown class,Japan,Japan_004420.xml,D50
Unknown class,Japan,Japan_004420.xml,D50
Unknown class,Japan,Japan_004422.xml,D50
Unknown class,Japan,Japan_004422.xml,D44
Unknown class,Japan,Japan_004426.xml,D50
Unknown class,Japan,Japan_004428.xml,D44
Unknown class,Japan,Japan_004429.xml,D50
Unknown class,Japan,Japan_004433.xml,D50
Unknown class,Japan,Japan_004434.xml,D50
Unknown class,Japan,Japan_004434.xml,D43
Unknown class,Japan,Japan_004435.xml,D44
Unknown class,Japan,Japan_004437.xml,D44
Unknown class,Japan,Japan_004439.xml,D44
Unknown class,Japan,Japan_004439.xml,D50
Unknown class,Japan,Japan_004442.xml,D50
Unknown class,Japan,Japan_004444.xml,D44
Unknown class,Japan,Japan_004444.xml,D44
Unknown class,Japan,Japan_004448.xml,D50
Unknown class,Japan,Japan_004451.xml,D44
Unknown class,Japan,Japan_004451.xml,D50
Unknown class,Japan,Japan_004456.xml,D44
Unknown class,Japan,Japan_004456.xml,D44
Unknown class,Japan,Japan_004457.xml,D44
Unknown class,Japan,Japan_004457.xml,D44
Unknown class,Japan,Japan_004457.xml,D50
Unknown class,Japan,Japan_004458.xml,D44
Unknown class,Japan,Japan_004458.xml,D50
Unknown class,Japan,Japan_004458.xml,D50
Unknown class,Japan,Japan_004466.xml,D44
Unknown class,Japan,Japan_004466.xml,D44
Unknown class,Japan,Japan_004466.xml,D44
Unknown class,Japan,Japan_004470.xml,D43
Unknown class,Japan,Japan_004472.xml,D50
Unknown class,Japan,Japan_004473.xml,D43
Unknown class,Japan,Japan_004473.xml,D50
Unknown class,Japan,Japan_004477.xml,D44
Unknown class,Japan,Japan_004479.xml,D44
Unknown class,Japan,Japan_004480.xml,D44
Unknown class,Japan,Japan_004482.xml,D50
Unknown class,Japan,Japan_004483.xml,D43
Unknown class,Japan,Japan_004483.xml,D50
Unknown class,Japan,Japan_004483.xml,D50
Unknown class,Japan,Japan_004485.xml,D50
Unknown class,Japan,Japan_004485.xml,D50
Unknown class,Japan,Japan_004486.xml,D50
Unknown class,Japan,Japan_004486.xml,D50
Unknown class,Japan,Japan_004490.xml,D44
Unknown class,Japan,Japan_004490.xml,D44
Unknown class,Japan,Japan_004491.xml,D50
Unknown class,Japan,Japan_004492.xml,D44
Unknown class,Japan,Japan_004492.xml,D50
Unknown class,Japan,Japan_004492.xml,D50
Unknown class,Japan,Japan_004494.xml,D43
Unknown class,Japan,Japan_004495.xml,D50
Unknown class,Japan,Japan_004497.xml,D44
Unknown class,Japan,Japan_004498.xml,D50
Unknown class,Japan,Japan_004499.xml,D44
Unknown class,Japan,Japan_004502.xml,D50
Unknown class,Japan,Japan_004503.xml,D44
Unknown class,Japan,Japan_004503.xml,D44
Unknown class,Japan,Japan_004504.xml,D44
Unknown class,Japan,Japan_004508.xml,D44
Unknown class,Japan,Japan_004513.xml,D43
Unknown class,Japan,Japan_004516.xml,D44
Unknown class,Japan,Japan_004517.xml,D44
Unknown class,Japan,Japan_004521.xml,D43
Unknown class,Japan,Japan_004524.xml,D50
Unknown class,Japan,Japan_004525.xml,D44
Unknown class,Japan,Japan_004527.xml,D50
Unknown class,Japan,Japan_004530.xml,D44
Unknown class,Japan,Japan_004531.xml,D44
Unknown class,Japan,Japan_004531.xml,D50
Unknown class,Japan,Japan_004531.xml,D50
Unknown class,Japan,Japan_004536.xml,D50
Unknown class,Japan,Japan_004541.xml,D44
Unknown class,Japan,Japan_004544.xml,D50
Unknown class,Japan,Japan_004548.xml,D43
Unknown class,Japan,Japan_004548.xml,D50
Unknown class,Japan,Japan_004551.xml,D50
Unknown class,Japan,Japan_004551.xml,D50
Unknown class,Japan,Japan_004552.xml,D50
Unknown class,Japan,Japan_004554.xml,D50
Unknown class,Japan,Japan_004554.xml,D50
Unknown class,Japan,Japan_004555.xml,D44
Unknown class,Japan,Japan_004555.xml,D50
Unknown class,Japan,Japan_004562.xml,D44
Unknown class,Japan,Japan_004564.xml,D50
Unknown class,Japan,Japan_004565.xml,D50
Unknown class,Japan,Japan_004565.xml,D50
Unknown class,Japan,Japan_004567.xml,D50
Unknown class,Japan,Japan_004568.xml,D44
Unknown class,Japan,Japan_004569.xml,D50
Unknown class,Japan,Japan_004570.xml,D44
Unknown class,Japan,Japan_004571.xml,D44
Unknown class,Japan,Japan_004575.xml,D44
Unknown class,Japan,Japan_004576.xml,D44
Unknown class,Japan,Japan_004576.xml,D44
Unknown class,Japan,Japan_004579.xml,D50
Unknown class,Japan,Japan_004580.xml,D44
Unknown class,Japan,Japan_004580.xml,D44
Unknown class,Japan,Japan_004582.xml,D50
Unknown class,Japan,Japan_004582.xml,D43
Unknown class,Japan,Japan_004583.xml,D44
Unknown class,Japan,Japan_004583.xml,D44
Unknown class,Japan,Japan_004583.xml,D50
Unknown class,Japan,Japan_004584.xml,D50
Unknown class,Japan,Japan_004587.xml,D50
Unknown class,Japan,Japan_004588.xml,D43
Unknown class,Japan,Japan_004590.xml,D44
Unknown class,Japan,Japan_004590.xml,D50
Unknown class,Japan,Japan_004590.xml,D50
Unknown class,Japan,Japan_004595.xml,D50
Unknown class,Japan,Japan_004597.xml,D44
Unknown class,Japan,Japan_004598.xml,D44
Unknown class,Japan,Japan_004599.xml,D44
Unknown class,Japan,Japan_004599.xml,D50
Unknown class,Japan,Japan_004602.xml,D44
Unknown class,Japan,Japan_004603.xml,D44
Unknown class,Japan,Japan_004606.xml,D44
Unknown class,Japan,Japan_004606.xml,D50
Unknown class,Japan,Japan_004606.xml,D50
Unknown class,Japan,Japan_004607.xml,D44
Unknown class,Japan,Japan_004607.xml,D44
Unknown class,Japan,Japan_004610.xml,D50
Unknown class,Japan,Japan_004612.xml,D44
Unknown class,Japan,Japan_004612.xml,D50
Unknown class,Japan,Japan_004612.xml,D44
Unknown class,Japan,Japan_004614.xml,D44
Unknown class,Japan,Japan_004614.xml,D50
Unknown class,Japan,Japan_004620.xml,D44
Unknown class,Japan,Japan_004620.xml,D50
Unknown class,Japan,Japan_004621.xml,D50
Unknown class,Japan,Japan_004621.xml,D50
Unknown class,Japan,Japan_004624.xml,D44
Unknown class,Japan,Japan_004625.xml,D44
Unknown class,Japan,Japan_004625.xml,D50
Unknown class,Japan,Japan_004628.xml,D44
Unknown class,Japan,Japan_004628.xml,D50
Unknown class,Japan,Japan_004629.xml,D43
Unknown class,Japan,Japan_004629.xml,D50
Unknown class,Japan,Japan_004634.xml,D43
Unknown class,Japan,Japan_004634.xml,D50
Unknown class,Japan,Japan_004634.xml,D50
Unknown class,Japan,Japan_004638.xml,D43
Unknown class,Japan,Japan_004638.xml,D50
Unknown class,Japan,Japan_004639.xml,D44
Unknown class,Japan,Japan_004640.xml,D44
Unknown class,Japan,Japan_004640.xml,D44
Unknown class,Japan,Japan_004640.xml,D44
Unknown class,Japan,Japan_004646.xml,D50
Unknown class,Japan,Japan_004646.xml,D50
Unknown class,Japan,Japan_004646.xml,D50
Unknown class,Japan,Japan_004647.xml,D44
Unknown class,Japan,Japan_004648.xml,D44
Unknown class,Japan,Japan_004649.xml,D50
Unknown class,Japan,Japan_004650.xml,D44
Unknown class,Japan,Japan_004650.xml,D50
Unknown class,Japan,Japan_004651.xml,D44
Unknown class,Japan,Japan_004652.xml,D44
Unknown class,Japan,Japan_004655.xml,D50
Unknown class,Japan,Japan_004655.xml,D50
Unknown class,Japan,Japan_004657.xml,D44
Unknown class,Japan,Japan_004658.xml,D50
Unknown class,Japan,Japan_004659.xml,D44
Unknown class,Japan,Japan_004662.xml,D44
Unknown class,Japan,Japan_004665.xml,D44
Unknown class,Japan,Japan_004665.xml,D44
Unknown class,Japan,Japan_004673.xml,D44
Unknown class,Japan,Japan_004674.xml,D44
Unknown class,Japan,Japan_004675.xml,D44
Unknown class,Japan,Japan_004676.xml,D50
Unknown class,Japan,Japan_004678.xml,D50
Unknown class,Japan,Japan_004678.xml,D50
Unknown class,Japan,Japan_004679.xml,D50
Unknown class,Japan,Japan_004680.xml,D50
Unknown class,Japan,Japan_004682.xml,D50
Unknown class,Japan,Japan_004683.xml,D50
Unknown class,Japan,Japan_004688.xml,D44
Unknown class,Japan,Japan_004688.xml,D44
Unknown class,Japan,Japan_004690.xml,D50
Unknown class,Japan,Japan_004690.xml,D50
Unknown class,Japan,Japan_004691.xml,D44
Unknown class,Japan,Japan_004692.xml,D43
Unknown class,Japan,Japan_004693.xml,D44
Unknown class,Japan,Japan_004694.xml,D44
Unknown class,Japan,Japan_004694.xml,D44
Unknown class,Japan,Japan_004696.xml,D43
Unknown class,Japan,Japan_004700.xml,D44
Unknown class,Japan,Japan_004703.xml,D50
Unknown class,Japan,Japan_004704.xml,D44
Unknown class,Japan,Japan_004708.xml,D44
Unknown class,Japan,Japan_004709.xml,D44
Unknown class,Japan,Japan_004711.xml,D44
Unknown class,Japan,Japan_004711.xml,D44
Unknown class,Japan,Japan_004716.xml,D50
Unknown class,Japan,Japan_004717.xml,D44
Unknown class,Japan,Japan_004717.xml,D50
Unknown class,Japan,Japan_004717.xml,D44
Unknown class,Japan,Japan_004719.xml,D50
Unknown class,Japan,Japan_004720.xml,D50
Unknown class,Japan,Japan_004720.xml,D50
Unknown class,Japan,Japan_004722.xml,D50
Unknown class,Japan,Japan_004723.xml,D50
Unknown class,Japan,Japan_004729.xml,D44
Unknown class,Japan,Japan_004730.xml,D44
Unknown class,Japan,Japan_004731.xml,D44
Unknown class,Japan,Japan_004734.xml,D50
Unknown class,Japan,Japan_004735.xml,D43
Unknown class,Japan,Japan_004736.xml,D44
Unknown class,Japan,Japan_004736.xml,D44
Unknown class,Japan,Japan_004737.xml,D44
Unknown class,Japan,Japan_004737.xml,D50
Unknown class,Japan,Japan_004737.xml,D50
Unknown class,Japan,Japan_004737.xml,D50
Unknown class,Japan,Japan_004739.xml,D44
Unknown class,Japan,Japan_004739.xml,D50
Unknown class,Japan,Japan_004741.xml,D44
Unknown class,Japan,Japan_004742.xml,D50
Unknown class,Japan,Japan_004746.xml,D44
Unknown class,Japan,Japan_004748.xml,D50
Unknown class,Japan,Japan_004748.xml,D50
Unknown class,Japan,Japan_004749.xml,D43
Unknown class,Japan,Japan_004749.xml,D50
Unknown class,Japan,Japan_004750.xml,D44
Unknown class,Japan,Japan_004750.xml,D44
Unknown class,Japan,Japan_004750.xml,D50
Unknown class,Japan,Japan_004751.xml,D50
Unknown class,Japan,Japan_004752.xml,D44
Unknown class,Japan,Japan_004752.xml,D50
Unknown class,Japan,Japan_004753.xml,D43
Unknown class,Japan,Japan_004757.xml,D44
Unknown class,Japan,Japan_004757.xml,D44
Unknown class,Japan,Japan_004758.xml,D43
Unknown class,Japan,Japan_004758.xml,D44
Unknown class,Japan,Japan_004764.xml,D44
Unknown class,Japan,Japan_004764.xml,D44
Unknown class,Japan,Japan_004768.xml,D44
Unknown class,Japan,Japan_004769.xml,D50
Unknown class,Japan,Japan_004769.xml,D50
Unknown class,Japan,Japan_004770.xml,D43
Unknown class,Japan,Japan_004771.xml,D43
Unknown class,Japan,Japan_004774.xml,D50
Unknown class,Japan,Japan_004776.xml,D44
Unknown class,Japan,Japan_004776.xml,D50
Unknown class,Japan,Japan_004776.xml,D50
Unknown class,Japan,Japan_004776.xml,D50
Unknown class,Japan,Japan_004776.xml,D50
Unknown class,Japan,Japan_004777.xml,D44
Unknown class,Japan,Japan_004778.xml,D50
Unknown class,Japan,Japan_004780.xml,D44
Unknown class,Japan,Japan_004781.xml,D44
Unknown class,Japan,Japan_004781.xml,D50
Unknown class,Japan,Japan_004781.xml,D50
Unknown class,Japan,Japan_004783.xml,D44
Unknown class,Japan,Japan_004783.xml,D44
Unknown class,Japan,Japan_004784.xml,D44
Unknown class,Japan,Japan_004786.xml,D44
Unknown class,Japan,Japan_004787.xml,D43
Unknown class,Japan,Japan_004788.xml,D50
Unknown class,Japan,Japan_004789.xml,D44
Unknown class,Japan,Japan_004789.xml,D44
Unknown class,Japan,Japan_004790.xml,D43
Unknown class,Japan,Japan_004792.xml,D50
Unknown class,Japan,Japan_004793.xml,D50
Unknown class,Japan,Japan_004795.xml,D44
Unknown class,Japan,Japan_004798.xml,D44
Unknown class,Japan,Japan_004801.xml,D50
Unknown class,Japan,Japan_004801.xml,D44
Unknown class,Japan,Japan_004801.xml,D50
Unknown class,Japan,Japan_004801.xml,D44
Unknown class,Japan,Japan_004803.xml,D50
Unknown class,Japan,Japan_004805.xml,D50
Unknown class,Japan,Japan_004808.xml,D44
Unknown class,Japan,Japan_004810.xml,D44
Unknown class,Japan,Japan_004814.xml,D44
Unknown class,Japan,Japan_004817.xml,D44
Unknown class,Japan,Japan_004818.xml,D44
Unknown class,Japan,Japan_004820.xml,D44
Unknown class,Japan,Japan_004827.xml,D44
Unknown class,Japan,Japan_004828.xml,D50
Unknown class,Japan,Japan_004828.xml,D50
Unknown class,Japan,Japan_004829.xml,D50
Unknown class,Japan,Japan_004831.xml,D44
Unknown class,Japan,Japan_004832.xml,D43
Unknown class,Japan,Japan_004835.xml,D50
Unknown class,Japan,Japan_004835.xml,D50
Unknown class,Japan,Japan_004836.xml,D50
Unknown class,Japan,Japan_004838.xml,D50
Unknown class,Japan,Japan_004841.xml,D44
Unknown class,Japan,Japan_004843.xml,D50
Unknown class,Japan,Japan_004844.xml,D44
Unknown class,Japan,Japan_004845.xml,D50
Unknown class,Japan,Japan_004846.xml,D44
Unknown class,Japan,Japan_004853.xml,D50
Unknown class,Japan,Japan_004854.xml,D50
Unknown class,Japan,Japan_004857.xml,D44
Unknown class,Japan,Japan_004858.xml,D44
Unknown class,Japan,Japan_004861.xml,D44
Unknown class,Japan,Japan_004861.xml,D44
Unknown class,Japan,Japan_004862.xml,D44
Unknown class,Japan,Japan_004862.xml,D44
Unknown class,Japan,Japan_004865.xml,D44
Unknown class,Japan,Japan_004865.xml,D44
Unknown class,Japan,Japan_004865.xml,D44
Unknown class,Japan,Japan_004867.xml,D44
Unknown class,Japan,Japan_004868.xml,D44
Unknown class,Japan,Japan_004871.xml,D44
Unknown class,Japan,Japan_004872.xml,D50
Unknown class,Japan,Japan_004872.xml,D50
Unknown class,Japan,Japan_004875.xml,D44
Unknown class,Japan,Japan_004875.xml,D44
Unknown class,Japan,Japan_004877.xml,D44
Unknown class,Japan,Japan_004877.xml,D44
Unknown class,Japan,Japan_004877.xml,D43
Unknown class,Japan,Japan_004878.xml,D50
Unknown class,Japan,Japan_004878.xml,D50
Unknown class,Japan,Japan_004878.xml,D50
Unknown class,Japan,Japan_004880.xml,D44
Unknown class,Japan,Japan_004880.xml,D44
Unknown class,Japan,Japan_004883.xml,D44
Unknown class,Japan,Japan_004886.xml,D44
Unknown class,Japan,Japan_004887.xml,D50
Unknown class,Japan,Japan_004887.xml,D44
Unknown class,Japan,Japan_004887.xml,D50
Unknown class,Japan,Japan_004888.xml,D44
Unknown class,Japan,Japan_004888.xml,D50
Unknown class,Japan,Japan_004889.xml,D50
Unknown class,Japan,Japan_004890.xml,D44
Unknown class,Japan,Japan_004891.xml,D44
Unknown class,Japan,Japan_004891.xml,D44
Unknown class,Japan,Japan_004894.xml,D44
Unknown class,Japan,Japan_004894.xml,D44
Unknown class,Japan,Japan_004894.xml,D50
Unknown class,Japan,Japan_004898.xml,D44
Unknown class,Japan,Japan_004898.xml,D44
Unknown class,Japan,Japan_004899.xml,D44
Unknown class,Japan,Japan_004903.xml,D44
Unknown class,Japan,Japan_004904.xml,D44
Unknown class,Japan,Japan_004907.xml,D50
Unknown class,Japan,Japan_004907.xml,D50
Unknown class,Japan,Japan_004908.xml,D50
Unknown class,Japan,Japan_004910.xml,D43
Unknown class,Japan,Japan_004910.xml,D50
Unknown class,Japan,Japan_004910.xml,D50
Unknown class,Japan,Japan_004911.xml,D50
Unknown class,Japan,Japan_004911.xml,D50
Unknown class,Japan,Japan_004912.xml,D50
Unknown class,Japan,Japan_004916.xml,D44
Unknown class,Japan,Japan_004916.xml,D50
Unknown class,Japan,Japan_004916.xml,D50
Unknown class,Japan,Japan_004917.xml,D50
Unknown class,Japan,Japan_004917.xml,D44
Unknown class,Japan,Japan_004918.xml,D44
Unknown class,Japan,Japan_004918.xml,D44
Unknown class,Japan,Japan_004920.xml,D44
Unknown class,Japan,Japan_004922.xml,D50
Unknown class,Japan,Japan_004923.xml,D44
Unknown class,Japan,Japan_004927.xml,D50
Unknown class,Japan,Japan_004928.xml,D50
Unknown class,Japan,Japan_004929.xml,D44
Unknown class,Japan,Japan_004929.xml,D44
Unknown class,Japan,Japan_004932.xml,D50
Unknown class,Japan,Japan_004933.xml,D44
Unknown class,Japan,Japan_004935.xml,D50
Unknown class,Japan,Japan_004936.xml,D44
Unknown class,Japan,Japan_004938.xml,D44
Unknown class,Japan,Japan_004938.xml,D44
Unknown class,Japan,Japan_004939.xml,D50
Unknown class,Japan,Japan_004942.xml,D44
Unknown class,Japan,Japan_004942.xml,D50
Unknown class,Japan,Japan_004948.xml,D50
Unknown class,Japan,Japan_004950.xml,D43
Unknown class,Japan,Japan_004952.xml,D44
Unknown class,Japan,Japan_004954.xml,D50
Unknown class,Japan,Japan_004955.xml,D44
Unknown class,Japan,Japan_004955.xml,D44
Unknown class,Japan,Japan_004956.xml,D44
Unknown class,Japan,Japan_004958.xml,D44
Unknown class,Japan,Japan_004962.xml,D44
Unknown class,Japan,Japan_004962.xml,D43
Unknown class,Japan,Japan_004962.xml,D50
Unknown class,Japan,Japan_004967.xml,D44
Unknown class,Japan,Japan_004967.xml,D44
Unknown class,Japan,Japan_004968.xml,D50
Unknown class,Japan,Japan_004973.xml,D44
Unknown class,Japan,Japan_004974.xml,D50
Unknown class,Japan,Japan_004976.xml,D44
Unknown class,Japan,Japan_004977.xml,D50
Unknown class,Japan,Japan_004977.xml,D50
Unknown class,Japan,Japan_004979.xml,D44
Unknown class,Japan,Japan_004979.xml,D50
Unknown class,Japan,Japan_004981.xml,D43
Unknown class,Japan,Japan_004985.xml,D44
Unknown class,Japan,Japan_004985.xml,D44
Unknown class,Japan,Japan_004985.xml,D43
Unknown class,Japan,Japan_004986.xml,D44
Unknown class,Japan,Japan_004987.xml,D43
Unknown class,Japan,Japan_004989.xml,D43
Unknown class,Japan,Japan_004992.xml,D50
Unknown class,Japan,Japan_004993.xml,D50
Unknown class,Japan,Japan_004997.xml,D43
Unknown class,Japan,Japan_005000.xml,D50
Unknown class,Japan,Japan_005000.xml,D50
Unknown class,Japan,Japan_005004.xml,D43
Unknown class,Japan,Japan_005005.xml,D50
Unknown class,Japan,Japan_005007.xml,D44
Unknown class,Japan,Japan_005009.xml,D44
Unknown class,Japan,Japan_005009.xml,D44
Unknown class,Japan,Japan_005018.xml,D44
Unknown class,Japan,Japan_005018.xml,D50
Unknown class,Japan,Japan_005022.xml,D44
Unknown class,Japan,Japan_005022.xml,D44
Unknown class,Japan,Japan_005022.xml,D50
Unknown class,Japan,Japan_005026.xml,D44
Unknown class,Japan,Japan_005031.xml,D44
Unknown class,Japan,Japan_005034.xml,D50
Unknown class,Japan,Japan_005035.xml,D43
Unknown class,Japan,Japan_005037.xml,D44
Unknown class,Japan,Japan_005038.xml,D43
Unknown class,Japan,Japan_005041.xml,D44
Unknown class,Japan,Japan_005041.xml,D50
Unknown class,Japan,Japan_005043.xml,D43
Unknown class,Japan,Japan_005044.xml,D50
Unknown class,Japan,Japan_005047.xml,D50
Unknown class,Japan,Japan_005050.xml,D50
Unknown class,Japan,Japan_005051.xml,D44
Unknown class,Japan,Japan_005051.xml,D44
Unknown class,Japan,Japan_005052.xml,D50
Unknown class,Japan,Japan_005055.xml,D44
Unknown class,Japan,Japan_005057.xml,D44
Unknown class,Japan,Japan_005058.xml,D44
Unknown class,Japan,Japan_005058.xml,D44
Unknown class,Japan,Japan_005062.xml,D50
Unknown class,Japan,Japan_005062.xml,D50
Unknown class,Japan,Japan_005062.xml,D50
Unknown class,Japan,Japan_005062.xml,D50
Unknown class,Japan,Japan_005065.xml,D44
Unknown class,Japan,Japan_005066.xml,D44
Unknown class,Japan,Japan_005069.xml,D44
Unknown class,Japan,Japan_005071.xml,D50
Unknown class,Japan,Japan_005072.xml,D44
Unknown class,Japan,Japan_005076.xml,D44
Unknown class,Japan,Japan_005078.xml,D50
Unknown class,Japan,Japan_005080.xml,D44
Unknown class,Japan,Japan_005080.xml,D44
Unknown class,Japan,Japan_005084.xml,D44
Unknown class,Japan,Japan_005086.xml,D50
Unknown class,Japan,Japan_005088.xml,D44
Unknown class,Japan,Japan_005095.xml,D44
Unknown class,Japan,Japan_005095.xml,D43
Unknown class,Japan,Japan_005095.xml,D50
Unknown class,Japan,Japan_005095.xml,D50
Unknown class,Japan,Japan_005095.xml,D50
Unknown class,Japan,Japan_005096.xml,D44
Unknown class,Japan,Japan_005099.xml,D50
Unknown class,Japan,Japan_005099.xml,D50
Unknown class,Japan,Japan_005104.xml,D43
Unknown class,Japan,Japan_005104.xml,D50
Unknown class,Japan,Japan_005104.xml,D50
Unknown class,Japan,Japan_005104.xml,D50
Unknown class,Japan,Japan_005105.xml,D50
Unknown class,Japan,Japan_005107.xml,D50
Unknown class,Japan,Japan_005110.xml,D50
Unknown class,Japan,Japan_005110.xml,D50
Unknown class,Japan,Japan_005110.xml,D50
Unknown class,Japan,Japan_005111.xml,D50
Unknown class,Japan,Japan_005114.xml,D44
Unknown class,Japan,Japan_005117.xml,D50
Unknown class,Japan,Japan_005118.xml,D44
Unknown class,Japan,Japan_005123.xml,D44
Unknown class,Japan,Japan_005123.xml,D50
Unknown class,Japan,Japan_005124.xml,D50
Unknown class,Japan,Japan_005124.xml,D50
Unknown class,Japan,Japan_005126.xml,D44
Unknown class,Japan,Japan_005129.xml,D50
Unknown class,Japan,Japan_005129.xml,D50
Unknown class,Japan,Japan_005129.xml,D50
Unknown class,Japan,Japan_005131.xml,D44
Unknown class,Japan,Japan_005134.xml,D50
Unknown class,Japan,Japan_005134.xml,D43
Unknown class,Japan,Japan_005134.xml,D50
Unknown class,Japan,Japan_005140.xml,D50
Unknown class,Japan,Japan_005145.xml,D44
Unknown class,Japan,Japan_005145.xml,D44
Unknown class,Japan,Japan_005146.xml,D44
Unknown class,Japan,Japan_005147.xml,D44
Unknown class,Japan,Japan_005147.xml,D44
Unknown class,Japan,Japan_005148.xml,D44
Unknown class,Japan,Japan_005148.xml,D50
Unknown class,Japan,Japan_005151.xml,D50
Unknown class,Japan,Japan_005151.xml,D44
Unknown class,Japan,Japan_005151.xml,D50
Unknown class,Japan,Japan_005153.xml,D44
Unknown class,Japan,Japan_005153.xml,D44
Unknown class,Japan,Japan_005155.xml,D44
Unknown class,Japan,Japan_005157.xml,D44
Unknown class,Japan,Japan_005158.xml,D50
Unknown class,Japan,Japan_005161.xml,D44
Unknown class,Japan,Japan_005162.xml,D50
Unknown class,Japan,Japan_005163.xml,D44
Unknown class,Japan,Japan_005164.xml,D50
Unknown class,Japan,Japan_005164.xml,D50
Unknown class,Japan,Japan_005169.xml,D44
Unknown class,Japan,Japan_005170.xml,D44
Unknown class,Japan,Japan_005170.xml,D50
Unknown class,Japan,Japan_005171.xml,D43
Unknown class,Japan,Japan_005173.xml,D44
Unknown class,Japan,Japan_005174.xml,D44
Unknown class,Japan,Japan_005174.xml,D44
Unknown class,Japan,Japan_005180.xml,D44
Unknown class,Japan,Japan_005182.xml,D43
Unknown class,Japan,Japan_005184.xml,D44
Unknown class,Japan,Japan_005184.xml,D44
Unknown class,Japan,Japan_005186.xml,D50
Unknown class,Japan,Japan_005186.xml,D50
Unknown class,Japan,Japan_005191.xml,D43
Unknown class,Japan,Japan_005192.xml,D44
Unknown class,Japan,Japan_005192.xml,D50
Unknown class,Japan,Japan_005192.xml,D50
Unknown class,Japan,Japan_005200.xml,D50
Unknown class,Japan,Japan_005201.xml,D50
Unknown class,Japan,Japan_005202.xml,D50
Unknown class,Japan,Japan_005202.xml,D50
Unknown class,Japan,Japan_005206.xml,D44
Unknown class,Japan,Japan_005208.xml,D44
Unknown class,Japan,Japan_005209.xml,D44
Unknown class,Japan,Japan_005211.xml,D50
Unknown class,Japan,Japan_005211.xml,D50
Unknown class,Japan,Japan_005212.xml,D44
Unknown class,Japan,Japan_005219.xml,D44
Unknown class,Japan,Japan_005221.xml,D44
Unknown class,Japan,Japan_005222.xml,D44
Unknown class,Japan,Japan_005228.xml,D44
Unknown class,Japan,Japan_005228.xml,D44
Unknown class,Japan,Japan_005228.xml,D50
Unknown class,Japan,Japan_005230.xml,D50
Unknown class,Japan,Japan_005230.xml,D50
Unknown class,Japan,Japan_005230.xml,D50
Unknown class,Japan,Japan_005230.xml,D50
Unknown class,Japan,Japan_005233.xml,D50
Unknown class,Japan,Japan_005233.xml,D50
Unknown class,Japan,Japan_005234.xml,D44
Unknown class,Japan,Japan_005236.xml,D44
Unknown class,Japan,Japan_005236.xml,D44
Unknown class,Japan,Japan_005238.xml,D44
Unknown class,Japan,Japan_005246.xml,D50
Unknown class,Japan,Japan_005249.xml,D44
Unknown class,Japan,Japan_005251.xml,D44
Unknown class,Japan,Japan_005251.xml,D44
Unknown class,Japan,Japan_005255.xml,D44
Unknown class,Japan,Japan_005255.xml,D44
Unknown class,Japan,Japan_005256.xml,D44
Unknown class,Japan,Japan_005256.xml,D50
Unknown class,Japan,Japan_005258.xml,D44
Unknown class,Japan,Japan_005258.xml,D44
Unknown class,Japan,Japan_005259.xml,D50
Unknown class,Japan,Japan_005261.xml,D44
Unknown class,Japan,Japan_005262.xml,D44
Unknown class,Japan,Japan_005264.xml,D50
Unknown class,Japan,Japan_005264.xml,D50
Unknown class,Japan,Japan_005266.xml,D44
Unknown class,Japan,Japan_005269.xml,D44
Unknown class,Japan,Japan_005271.xml,D44
Unknown class,Japan,Japan_005271.xml,D44
Unknown class,Japan,Japan_005271.xml,D50
Unknown class,Japan,Japan_005277.xml,D44
Unknown class,Japan,Japan_005279.xml,D43
Unknown class,Japan,Japan_005284.xml,D44
Unknown class,Japan,Japan_005285.xml,D50
Unknown class,Japan,Japan_005288.xml,D44
Unknown class,Japan,Japan_005295.xml,D43
Unknown class,Japan,Japan_005295.xml,D50
Unknown class,Japan,Japan_005296.xml,D43
Unknown class,Japan,Japan_005297.xml,D44
Unknown class,Japan,Japan_005298.xml,D50
Unknown class,Japan,Japan_005299.xml,D44
Unknown class,Japan,Japan_005300.xml,D50
Unknown class,Japan,Japan_005305.xml,D44
Unknown class,Japan,Japan_005307.xml,D50
Unknown class,Japan,Japan_005307.xml,D50
Unknown class,Japan,Japan_005309.xml,D44
Unknown class,Japan,Japan_005309.xml,D44
Unknown class,Japan,Japan_005312.xml,D44
Unknown class,Japan,Japan_005315.xml,D44
Unknown class,Japan,Japan_005320.xml,D50
Unknown class,Japan,Japan_005322.xml,D43
Unknown class,Japan,Japan_005323.xml,D44
Unknown class,Japan,Japan_005328.xml,D44
Unknown class,Japan,Japan_005328.xml,D44
Unknown class,Japan,Japan_005328.xml,D44
Unknown class,Japan,Japan_005330.xml,D50
Unknown class,Japan,Japan_005331.xml,D44
Unknown class,Japan,Japan_005331.xml,D44
Unknown class,Japan,Japan_005332.xml,D44
Unknown class,Japan,Japan_005332.xml,D44
Unknown class,Japan,Japan_005333.xml,D44
Unknown class,Japan,Japan_005333.xml,D44
Unknown class,Japan,Japan_005333.xml,D50
Unknown class,Japan,Japan_005335.xml,D43
Unknown class,Japan,Japan_005337.xml,D50
Unknown class,Japan,Japan_005339.xml,D44
Unknown class,Japan,Japan_005340.xml,D44
Unknown class,Japan,Japan_005345.xml,D44
Unknown class,Japan,Japan_005347.xml,D50
Unknown class,Japan,Japan_005349.xml,D43
Unknown class,Japan,Japan_005350.xml,D43
Unknown class,Japan,Japan_005351.xml,D50
Unknown class,Japan,Japan_005352.xml,D43
Unknown class,Japan,Japan_005352.xml,D50
Unknown class,Japan,Japan_005352.xml,D50
Unknown class,Japan,Japan_005360.xml,D44
Unknown class,Japan,Japan_005362.xml,D44
Unknown class,Japan,Japan_005362.xml,D43
Unknown class,Japan,Japan_005363.xml,D44
Unknown class,Japan,Japan_005370.xml,D50
Unknown class,Japan,Japan_005375.xml,D50
Unknown class,Japan,Japan_005379.xml,D44
Unknown class,Japan,Japan_005382.xml,D44
Unknown class,Japan,Japan_005386.xml,D44
Unknown class,Japan,Japan_005388.xml,D44
Unknown class,Japan,Japan_005389.xml,D44
Unknown class,Japan,Japan_005394.xml,D44
Unknown class,Japan,Japan_005394.xml,D44
Unknown class,Japan,Japan_005396.xml,D44
Unknown class,Japan,Japan_005397.xml,D50
Unknown class,Japan,Japan_005397.xml,D50
Unknown class,Japan,Japan_005402.xml,D44
Unknown class,Japan,Japan_005403.xml,D50
Unknown class,Japan,Japan_005404.xml,D50
Unknown class,Japan,Japan_005404.xml,D50
Unknown class,Japan,Japan_005404.xml,D44
Unknown class,Japan,Japan_005406.xml,D43
Unknown class,Japan,Japan_005406.xml,D50
Unknown class,Japan,Japan_005406.xml,D43
Unknown class,Japan,Japan_005408.xml,D50
Unknown class,Japan,Japan_005409.xml,D50
Unknown class,Japan,Japan_005409.xml,D50
Unknown class,Japan,Japan_005409.xml,D50
Unknown class,Japan,Japan_005409.xml,D50
Unknown class,Japan,Japan_005409.xml,D50
Unknown class,Japan,Japan_005409.xml,D50
Unknown class,Japan,Japan_005411.xml,D44
Unknown class,Japan,Japan_005417.xml,D43
Unknown class,Japan,Japan_005418.xml,D44
Unknown class,Japan,Japan_005419.xml,D44
Unknown class,Japan,Japan_005420.xml,D44
Unknown class,Japan,Japan_005421.xml,D43
Unknown class,Japan,Japan_005423.xml,D50
Unknown class,Japan,Japan_005426.xml,D44
Unknown class,Japan,Japan_005426.xml,D50
Unknown class,Japan,Japan_005427.xml,D44
Unknown class,Japan,Japan_005429.xml,D44
Unknown class,Japan,Japan_005434.xml,D43
Unknown class,Japan,Japan_005435.xml,D50
Unknown class,Japan,Japan_005439.xml,D44
Unknown class,Japan,Japan_005439.xml,D50
Unknown class,Japan,Japan_005443.xml,D44
Unknown class,Japan,Japan_005444.xml,D44
Unknown class,Japan,Japan_005444.xml,D44
Unknown class,Japan,Japan_005444.xml,D50
Unknown class,Japan,Japan_005448.xml,D44
Unknown class,Japan,Japan_005450.xml,D43
Unknown class,Japan,Japan_005455.xml,D44
Unknown class,Japan,Japan_005455.xml,D50
Unknown class,Japan,Japan_005459.xml,D50
Unknown class,Japan,Japan_005465.xml,D44
Unknown class,Japan,Japan_005466.xml,D44
Unknown class,Japan,Japan_005468.xml,D44
Unknown class,Japan,Japan_005468.xml,D44
Unknown class,Japan,Japan_005468.xml,D50
Unknown class,Japan,Japan_005468.xml,D50
Unknown class,Japan,Japan_005468.xml,D50
Unknown class,Japan,Japan_005472.xml,D44
Unknown class,Japan,Japan_005473.xml,D50
Unknown class,Japan,Japan_005476.xml,D44
Unknown class,Japan,Japan_005476.xml,D44
Unknown class,Japan,Japan_005478.xml,D44
Unknown class,Japan,Japan_005482.xml,D44
Unknown class,Japan,Japan_005484.xml,D44
Unknown class,Japan,Japan_005484.xml,D50
Unknown class,Japan,Japan_005488.xml,D50
Unknown class,Japan,Japan_005489.xml,D44
Unknown class,Japan,Japan_005489.xml,D50
Unknown class,Japan,Japan_005489.xml,D50
Unknown class,Japan,Japan_005490.xml,D44
Unknown class,Japan,Japan_005491.xml,D50
Unknown class,Japan,Japan_005492.xml,D50
Unknown class,Japan,Japan_005493.xml,D44
Unknown class,Japan,Japan_005493.xml,D44
Unknown class,Japan,Japan_005494.xml,D50
Unknown class,Japan,Japan_005499.xml,D43
Unknown class,Japan,Japan_005502.xml,D44
Unknown class,Japan,Japan_005502.xml,D50
Unknown class,Japan,Japan_005503.xml,D43
Unknown class,Japan,Japan_005507.xml,D50
Unknown class,Japan,Japan_005514.xml,D44
Unknown class,Japan,Japan_005518.xml,D50
Unknown class,Japan,Japan_005519.xml,D44
Unknown class,Japan,Japan_005524.xml,D43
Unknown class,Japan,Japan_005526.xml,D44
Unknown class,Japan,Japan_005527.xml,D50
Unknown class,Japan,Japan_005529.xml,D44
Unknown class,Japan,Japan_005532.xml,D44
Unknown class,Japan,Japan_005532.xml,D44
Unknown class,Japan,Japan_005534.xml,D50
Unknown class,Japan,Japan_005535.xml,D50
Unknown class,Japan,Japan_005535.xml,D50
Unknown class,Japan,Japan_005536.xml,D43
Unknown class,Japan,Japan_005536.xml,D44
Unknown class,Japan,Japan_005536.xml,D44
Unknown class,Japan,Japan_005538.xml,D44
Unknown class,Japan,Japan_005541.xml,D44
Unknown class,Japan,Japan_005541.xml,D44
Unknown class,Japan,Japan_005542.xml,D44
Unknown class,Japan,Japan_005542.xml,D44
Unknown class,Japan,Japan_005542.xml,D50
Unknown class,Japan,Japan_005544.xml,D44
Unknown class,Japan,Japan_005544.xml,D44
Unknown class,Japan,Japan_005545.xml,D50
Unknown class,Japan,Japan_005547.xml,D44
Unknown class,Japan,Japan_005549.xml,D44
Unknown class,Japan,Japan_005550.xml,D50
Unknown class,Japan,Japan_005552.xml,D43
Unknown class,Japan,Japan_005552.xml,D44
Unknown class,Japan,Japan_005557.xml,D44
Unknown class,Japan,Japan_005559.xml,D50
Unknown class,Japan,Japan_005559.xml,D50
Unknown class,Japan,Japan_005559.xml,D50
Unknown class,Japan,Japan_005559.xml,D44
Unknown class,Japan,Japan_005562.xml,D44
Unknown class,Japan,Japan_005563.xml,D44
Unknown class,Japan,Japan_005565.xml,D50
Unknown class,Japan,Japan_005567.xml,D44
Unknown class,Japan,Japan_005570.xml,D44
Unknown class,Japan,Japan_005570.xml,D50
Unknown class,Japan,Japan_005570.xml,D44
Unknown class,Japan,Japan_005571.xml,D43
Unknown class,Japan,Japan_005571.xml,D50
Unknown class,Japan,Japan_005572.xml,D50
Unknown class,Japan,Japan_005576.xml,D44
Unknown class,Japan,Japan_005578.xml,D50
Unknown class,Japan,Japan_005581.xml,D43
Unknown class,Japan,Japan_005584.xml,D50
Unknown class,Japan,Japan_005586.xml,D44
Unknown class,Japan,Japan_005586.xml,D44
Unknown class,Japan,Japan_005587.xml,D44
Unknown class,Japan,Japan_005587.xml,D44
Unknown class,Japan,Japan_005589.xml,D44
Unknown class,Japan,Japan_005591.xml,D50
Unknown class,Japan,Japan_005593.xml,D50
Unknown class,Japan,Japan_005597.xml,D50
Unknown class,Japan,Japan_005597.xml,D50
Unknown class,Japan,Japan_005597.xml,D43
Unknown class,Japan,Japan_005599.xml,D50
Unknown class,Japan,Japan_005599.xml,D50
Unknown class,Japan,Japan_005603.xml,D50
Unknown class,Japan,Japan_005605.xml,D50
Unknown class,Japan,Japan_005606.xml,D44
Unknown class,Japan,Japan_005607.xml,D43
Unknown class,Japan,Japan_005607.xml,D50
Unknown class,Japan,Japan_005608.xml,D50
Unknown class,Japan,Japan_005608.xml,D50
Unknown class,Japan,Japan_005608.xml,D50
Unknown class,Japan,Japan_005615.xml,D50
Unknown class,Japan,Japan_005615.xml,D50
Unknown class,Japan,Japan_005620.xml,D44
Unknown class,Japan,Japan_005620.xml,D50
Unknown class,Japan,Japan_005623.xml,D44
Unknown class,Japan,Japan_005623.xml,D44
Unknown class,Japan,Japan_005626.xml,D44
Unknown class,Japan,Japan_005626.xml,D44
Unknown class,Japan,Japan_005628.xml,D50
Unknown class,Japan,Japan_005631.xml,D43
Unknown class,Japan,Japan_005638.xml,D50
Unknown class,Japan,Japan_005642.xml,D44
Unknown class,Japan,Japan_005643.xml,D50
Unknown class,Japan,Japan_005644.xml,D44
Unknown class,Japan,Japan_005644.xml,D50
Unknown class,Japan,Japan_005645.xml,D50
Unknown class,Japan,Japan_005647.xml,D44
Unknown class,Japan,Japan_005647.xml,D44
Unknown class,Japan,Japan_005648.xml,D50
Unknown class,Japan,Japan_005656.xml,D43
Unknown class,Japan,Japan_005656.xml,D50
Unknown class,Japan,Japan_005656.xml,D50
Unknown class,Japan,Japan_005661.xml,D50
Unknown class,Japan,Japan_005663.xml,D43
Unknown class,Japan,Japan_005665.xml,D43
Unknown class,Japan,Japan_005665.xml,D44
Unknown class,Japan,Japan_005667.xml,D43
Unknown class,Japan,Japan_005668.xml,D50
Unknown class,Japan,Japan_005670.xml,D43
Unknown class,Japan,Japan_005674.xml,D44
Unknown class,Japan,Japan_005674.xml,D43
Unknown class,Japan,Japan_005674.xml,D50
Unknown class,Japan,Japan_005675.xml,D44
Unknown class,Japan,Japan_005677.xml,D44
Unknown class,Japan,Japan_005677.xml,D44
Unknown class,Japan,Japan_005687.xml,D50
Unknown class,Japan,Japan_005690.xml,D44
Unknown class,Japan,Japan_005690.xml,D50
Unknown class,Japan,Japan_005693.xml,D50
Unknown class,Japan,Japan_005693.xml,D50
Unknown class,Japan,Japan_005696.xml,D44
Unknown class,Japan,Japan_005696.xml,D50
Unknown class,Japan,Japan_005701.xml,D50
Unknown class,Japan,Japan_005706.xml,D44
Unknown class,Japan,Japan_005707.xml,D43
Unknown class,Japan,Japan_005707.xml,D44
Unknown class,Japan,Japan_005708.xml,D50
Unknown class,Japan,Japan_005708.xml,D50
Unknown class,Japan,Japan_005710.xml,D44
Unknown class,Japan,Japan_005711.xml,D50
Unknown class,Japan,Japan_005712.xml,D44
Unknown class,Japan,Japan_005712.xml,D44
Unknown class,Japan,Japan_005714.xml,D44
Unknown class,Japan,Japan_005714.xml,D50
Unknown class,Japan,Japan_005718.xml,D44
Unknown class,Japan,Japan_005718.xml,D44
Unknown class,Japan,Japan_005719.xml,D44
Unknown class,Japan,Japan_005720.xml,D44
Unknown class,Japan,Japan_005720.xml,D44
Unknown class,Japan,Japan_005721.xml,D44
Unknown class,Japan,Japan_005722.xml,D50
Unknown class,Japan,Japan_005724.xml,D44
Unknown class,Japan,Japan_005724.xml,D50
Unknown class,Japan,Japan_005727.xml,D44
Unknown class,Japan,Japan_005728.xml,D44
Unknown class,Japan,Japan_005730.xml,D50
Unknown class,Japan,Japan_005731.xml,D44
Unknown class,Japan,Japan_005734.xml,D44
Unknown class,Japan,Japan_005734.xml,D50
Unknown class,Japan,Japan_005739.xml,D44
Unknown class,Japan,Japan_005739.xml,D44
Unknown class,Japan,Japan_005740.xml,D50
Unknown class,Japan,Japan_005740.xml,D50
Unknown class,Japan,Japan_005743.xml,D44
Unknown class,Japan,Japan_005745.xml,D44
Unknown class,Japan,Japan_005745.xml,D44
Unknown class,Japan,Japan_005748.xml,D44
Unknown class,Japan,Japan_005748.xml,D44
Unknown class,Japan,Japan_005751.xml,D50
Unknown class,Japan,Japan_005752.xml,D43
Unknown class,Japan,Japan_005753.xml,D44
Unknown class,Japan,Japan_005753.xml,D44
Unknown class,Japan,Japan_005754.xml,D44
Unknown class,Japan,Japan_005756.xml,D43
Unknown class,Japan,Japan_005759.xml,D44
Unknown class,Japan,Japan_005760.xml,D44
Unknown class,Japan,Japan_005761.xml,D44
Unknown class,Japan,Japan_005762.xml,D50
Unknown class,Japan,Japan_005765.xml,D44
Unknown class,Japan,Japan_005765.xml,D50
Unknown class,Japan,Japan_005766.xml,D50
Unknown class,Japan,Japan_005770.xml,D50
Unknown class,Japan,Japan_005772.xml,D44
Unknown class,Japan,Japan_005772.xml,D44
Unknown class,Japan,Japan_005773.xml,D44
Unknown class,Japan,Japan_005777.xml,D44
Unknown class,Japan,Japan_005777.xml,D50
Unknown class,Japan,Japan_005788.xml,D43
Unknown class,Japan,Japan_005788.xml,D50
Unknown class,Japan,Japan_005789.xml,D44
Unknown class,Japan,Japan_005790.xml,D43
Unknown class,Japan,Japan_005792.xml,D44
Unknown class,Japan,Japan_005793.xml,D44
Unknown class,Japan,Japan_005794.xml,D50
Unknown class,Japan,Japan_005794.xml,D50
Unknown class,Japan,Japan_005797.xml,D44
Unknown class,Japan,Japan_005797.xml,D43
Unknown class,Japan,Japan_005798.xml,D44
Unknown class,Japan,Japan_005799.xml,D43
Unknown class,Japan,Japan_005801.xml,D44
Unknown class,Japan,Japan_005802.xml,D43
Unknown class,Japan,Japan_005802.xml,D50
Unknown class,Japan,Japan_005803.xml,D50
Unknown class,Japan,Japan_005808.xml,D44
Unknown class,Japan,Japan_005812.xml,D44
Unknown class,Japan,Japan_005812.xml,D43
Unknown class,Japan,Japan_005813.xml,D43
Unknown class,Japan,Japan_005814.xml,D50
Unknown class,Japan,Japan_005816.xml,D44
Unknown class,Japan,Japan_005820.xml,D50
Unknown class,Japan,Japan_005821.xml,D43
Unknown class,Japan,Japan_005825.xml,D44
Unknown class,Japan,Japan_005827.xml,D44
Unknown class,Japan,Japan_005829.xml,D44
Unknown class,Japan,Japan_005829.xml,D44
Unknown class,Japan,Japan_005829.xml,D44
Unknown class,Japan,Japan_005832.xml,D43
Unknown class,Japan,Japan_005832.xml,D50
Unknown class,Japan,Japan_005833.xml,D44
Unknown class,Japan,Japan_005834.xml,D44
Unknown class,Japan,Japan_005837.xml,D50
Unknown class,Japan,Japan_005840.xml,D50
Unknown class,Japan,Japan_005843.xml,D43
Unknown class,Japan,Japan_005846.xml,D44
Unknown class,Japan,Japan_005848.xml,D44
Unknown class,Japan,Japan_005849.xml,D44
Unknown class,Japan,Japan_005854.xml,D44
Unknown class,Japan,Japan_005855.xml,D44
Unknown class,Japan,Japan_005855.xml,D44
Unknown class,Japan,Japan_005857.xml,D50
Unknown class,Japan,Japan_005858.xml,D44
Unknown class,Japan,Japan_005861.xml,D44
Unknown class,Japan,Japan_005861.xml,D44
Unknown class,Japan,Japan_005862.xml,D43
Unknown class,Japan,Japan_005862.xml,D50
Unknown class,Japan,Japan_005863.xml,D44
Unknown class,Japan,Japan_005863.xml,D44
Unknown class,Japan,Japan_005864.xml,D50
Unknown class,Japan,Japan_005864.xml,D50
Unknown class,Japan,Japan_005864.xml,D50
Unknown class,Japan,Japan_005865.xml,D43
Unknown class,Japan,Japan_005870.xml,D44
Unknown class,Japan,Japan_005871.xml,D44
Unknown class,Japan,Japan_005872.xml,D44
Unknown class,Japan,Japan_005880.xml,D44
Unknown class,Japan,Japan_005880.xml,D44
Unknown class,Japan,Japan_005880.xml,D50
Unknown class,Japan,Japan_005881.xml,D44
Unknown class,Japan,Japan_005882.xml,D50
Unknown class,Japan,Japan_005885.xml,D44
Unknown class,Japan,Japan_005885.xml,D44
Unknown class,Japan,Japan_005887.xml,D50
Unknown class,Japan,Japan_005895.xml,D44
Unknown class,Japan,Japan_005898.xml,D44
Unknown class,Japan,Japan_005902.xml,D50
Unknown class,Japan,Japan_005904.xml,D50
Unknown class,Japan,Japan_005907.xml,D44
Unknown class,Japan,Japan_005907.xml,D44
Unknown class,Japan,Japan_005908.xml,D44
Unknown class,Japan,Japan_005909.xml,D44
Unknown class,Japan,Japan_005910.xml,D50
Unknown class,Japan,Japan_005911.xml,D50
Unknown class,Japan,Japan_005912.xml,D50
Unknown class,Japan,Japan_005917.xml,D50
Unknown class,Japan,Japan_005919.xml,D43
Unknown class,Japan,Japan_005919.xml,D50
Unknown class,Japan,Japan_005921.xml,D44
Unknown class,Japan,Japan_005921.xml,D50
Unknown class,Japan,Japan_005922.xml,D50
Unknown class,Japan,Japan_005922.xml,D50
Unknown class,Japan,Japan_005924.xml,D44
Unknown class,Japan,Japan_005924.xml,D44
Unknown class,Japan,Japan_005925.xml,D44
Unknown class,Japan,Japan_005925.xml,D50
Unknown class,Japan,Japan_005932.xml,D44
Unknown class,Japan,Japan_005937.xml,D43
Unknown class,Japan,Japan_005939.xml,D44
Unknown class,Japan,Japan_005944.xml,D50
Unknown class,Japan,Japan_005945.xml,D43
Unknown class,Japan,Japan_005946.xml,D50
Unknown class,Japan,Japan_005947.xml,D44
Unknown class,Japan,Japan_005948.xml,D50
Unknown class,Japan,Japan_005948.xml,D50
Unknown class,Japan,Japan_005951.xml,D44
Unknown class,Japan,Japan_005953.xml,D44
Unknown class,Japan,Japan_005954.xml,D50
Unknown class,Japan,Japan_005957.xml,D44
Unknown class,Japan,Japan_005957.xml,D44
Unknown class,Japan,Japan_005958.xml,D50
Unknown class,Japan,Japan_005959.xml,D43
Unknown class,Japan,Japan_005961.xml,D44
Unknown class,Japan,Japan_005963.xml,D43
Unknown class,Japan,Japan_005963.xml,D50
Unknown class,Japan,Japan_005964.xml,D50
Unknown class,Japan,Japan_005964.xml,D50
Unknown class,Japan,Japan_005964.xml,D43
Unknown class,Japan,Japan_005969.xml,D50
Unknown class,Japan,Japan_005973.xml,D44
Unknown class,Japan,Japan_005973.xml,D44
Unknown class,Japan,Japan_005975.xml,D44
Unknown class,Japan,Japan_005976.xml,D43
Unknown class,Japan,Japan_005980.xml,D50
Unknown class,Japan,Japan_005984.xml,D44
Unknown class,Japan,Japan_005985.xml,D43
Unknown class,Japan,Japan_005985.xml,D50
Unknown class,Japan,Japan_005985.xml,D50
Unknown class,Japan,Japan_005992.xml,D44
Unknown class,Japan,Japan_005993.xml,D44
Unknown class,Japan,Japan_005993.xml,D50
Unknown class,Japan,Japan_005995.xml,D44
Unknown class,Japan,Japan_005995.xml,D44
Unknown class,Japan,Japan_005995.xml,D50
Unknown class,Japan,Japan_005995.xml,D50
Unknown class,Japan,Japan_005996.xml,D44
Unknown class,Japan,Japan_005996.xml,D50
Unknown class,Japan,Japan_006003.xml,D44
Unknown class,Japan,Japan_006005.xml,D44
Unknown class,Japan,Japan_006007.xml,D44
Unknown class,Japan,Japan_006008.xml,D44
Unknown class,Japan,Japan_006008.xml,D50
Unknown class,Japan,Japan_006010.xml,D50
Unknown class,Japan,Japan_006011.xml,D50
Unknown class,Japan,Japan_006012.xml,D50
Unknown class,Japan,Japan_006018.xml,D44
Unknown class,Japan,Japan_006021.xml,D44
Unknown class,Japan,Japan_006023.xml,D50
Unknown class,Japan,Japan_006023.xml,D50
Unknown class,Japan,Japan_006029.xml,D43
Unknown class,Japan,Japan_006034.xml,D44
Unknown class,Japan,Japan_006035.xml,D43
Unknown class,Japan,Japan_006035.xml,D50
Unknown class,Japan,Japan_006035.xml,D50
Unknown class,Japan,Japan_006038.xml,D44
Unknown class,Japan,Japan_006040.xml,D44
Unknown class,Japan,Japan_006041.xml,D44
Unknown class,Japan,Japan_006042.xml,D44
Unknown class,Japan,Japan_006043.xml,D44
Unknown class,Japan,Japan_006046.xml,D44
Unknown class,Japan,Japan_006046.xml,D44
Unknown class,Japan,Japan_006048.xml,D50
Unknown class,Japan,Japan_006055.xml,D44
Unknown class,Japan,Japan_006057.xml,D50
Unknown class,Japan,Japan_006061.xml,D50
Unknown class,Japan,Japan_006063.xml,D44
Unknown class,Japan,Japan_006065.xml,D44
Unknown class,Japan,Japan_006065.xml,D44
Unknown class,Japan,Japan_006065.xml,D44
Unknown class,Japan,Japan_006068.xml,D44
Unknown class,Japan,Japan_006069.xml,D44
Unknown class,Japan,Japan_006070.xml,D50
Unknown class,Japan,Japan_006070.xml,D50
Unknown class,Japan,Japan_006071.xml,D44
Unknown class,Japan,Japan_006072.xml,D44
Unknown class,Japan,Japan_006072.xml,D44
Unknown class,Japan,Japan_006073.xml,D50
Unknown class,Japan,Japan_006074.xml,D44
Unknown class,Japan,Japan_006079.xml,D50
Unknown class,Japan,Japan_006080.xml,D50
Unknown class,Japan,Japan_006080.xml,D50
Unknown class,Japan,Japan_006080.xml,D50
Unknown class,Japan,Japan_006081.xml,D44
Unknown class,Japan,Japan_006082.xml,D50
Unknown class,Japan,Japan_006083.xml,D44
Unknown class,Japan,Japan_006085.xml,D50
Unknown class,Japan,Japan_006085.xml,D50
Unknown class,Japan,Japan_006086.xml,D44
Unknown class,Japan,Japan_006088.xml,D44
Unknown class,Japan,Japan_006090.xml,D50
Unknown class,Japan,Japan_006093.xml,D44
Unknown class,Japan,Japan_006093.xml,D44
Unknown class,Japan,Japan_006093.xml,D44
Unknown class,Japan,Japan_006096.xml,D44
Unknown class,Japan,Japan_006098.xml,D43
Unknown class,Japan,Japan_006098.xml,D50
Unknown class,Japan,Japan_006099.xml,D50
Unknown class,Japan,Japan_006100.xml,D44
Unknown class,Japan,Japan_006101.xml,D44
Unknown class,Japan,Japan_006103.xml,D50
Unknown class,Japan,Japan_006103.xml,D50
Unknown class,Japan,Japan_006104.xml,D50
Unknown class,Japan,Japan_006104.xml,D44
Unknown class,Japan,Japan_006105.xml,D50
Unknown class,Japan,Japan_006106.xml,D44
Unknown class,Japan,Japan_006106.xml,D44
Unknown class,Japan,Japan_006108.xml,D50
Unknown class,Japan,Japan_006110.xml,D50
Unknown class,Japan,Japan_006110.xml,D50
Unknown class,Japan,Japan_006112.xml,D44
Unknown class,Japan,Japan_006114.xml,D44
Unknown class,Japan,Japan_006114.xml,D44
Unknown class,Japan,Japan_006115.xml,D44
Unknown class,Japan,Japan_006118.xml,D44
Unknown class,Japan,Japan_006122.xml,D50
Unknown class,Japan,Japan_006123.xml,D50
Unknown class,Japan,Japan_006124.xml,D44
Unknown class,Japan,Japan_006125.xml,D50
Unknown class,Japan,Japan_006127.xml,D44
Unknown class,Japan,Japan_006127.xml,D50
Unknown class,Japan,Japan_006127.xml,D50
Unknown class,Japan,Japan_006130.xml,D44
Unknown class,Japan,Japan_006131.xml,D44
Unknown class,Japan,Japan_006132.xml,D50
Unknown class,Japan,Japan_006134.xml,D44
Unknown class,Japan,Japan_006135.xml,D44
Unknown class,Japan,Japan_006138.xml,D44
Unknown class,Japan,Japan_006139.xml,D50
Unknown class,Japan,Japan_006140.xml,D44
Unknown class,Japan,Japan_006142.xml,D44
Unknown class,Japan,Japan_006142.xml,D43
Unknown class,Japan,Japan_006142.xml,D50
Unknown class,Japan,Japan_006145.xml,D50
Unknown class,Japan,Japan_006148.xml,D50
Unknown class,Japan,Japan_006148.xml,D50
Unknown class,Japan,Japan_006149.xml,D43
Unknown class,Japan,Japan_006150.xml,D43
Unknown class,Japan,Japan_006150.xml,D50
Unknown class,Japan,Japan_006151.xml,D44
Unknown class,Japan,Japan_006151.xml,D43
Unknown class,Japan,Japan_006151.xml,D50
Unknown class,Japan,Japan_006151.xml,D50
Unknown class,Japan,Japan_006153.xml,D43
Unknown class,Japan,Japan_006154.xml,D43
Unknown class,Japan,Japan_006156.xml,D50
Unknown class,Japan,Japan_006156.xml,D50
Unknown class,Japan,Japan_006160.xml,D44
Unknown class,Japan,Japan_006160.xml,D44
Unknown class,Japan,Japan_006160.xml,D44
Unknown class,Japan,Japan_006162.xml,D44
Unknown class,Japan,Japan_006162.xml,D44
Unknown class,Japan,Japan_006163.xml,D44
Unknown class,Japan,Japan_006171.xml,D44
Unknown class,Japan,Japan_006172.xml,D43
Unknown class,Japan,Japan_006172.xml,D50
Unknown class,Japan,Japan_006173.xml,D44
Unknown class,Japan,Japan_006173.xml,D43
Unknown class,Japan,Japan_006176.xml,D44
Unknown class,Japan,Japan_006176.xml,D44
Unknown class,Japan,Japan_006176.xml,D44
Unknown class,Japan,Japan_006177.xml,D50
Unknown class,Japan,Japan_006178.xml,D43
Unknown class,Japan,Japan_006178.xml,D50
Unknown class,Japan,Japan_006178.xml,D50
Unknown class,Japan,Japan_006179.xml,D44
Unknown class,Japan,Japan_006179.xml,D50
Unknown class,Japan,Japan_006181.xml,D44
Unknown class,Japan,Japan_006181.xml,D43
Unknown class,Japan,Japan_006183.xml,D50
Unknown class,Japan,Japan_006185.xml,D44
Unknown class,Japan,Japan_006185.xml,D44
Unknown class,Japan,Japan_006185.xml,D44
Unknown class,Japan,Japan_006185.xml,D44
Unknown class,Japan,Japan_006188.xml,D44
Unknown class,Japan,Japan_006188.xml,D50
Unknown class,Japan,Japan_006192.xml,D44
Unknown class,Japan,Japan_006196.xml,D44
Unknown class,Japan,Japan_006198.xml,D50
Unknown class,Japan,Japan_006198.xml,D50
Unknown class,Japan,Japan_006199.xml,D44
Unknown class,Japan,Japan_006199.xml,D44
Unknown class,Japan,Japan_006199.xml,D44
Unknown class,Japan,Japan_006202.xml,D50
Unknown class,Japan,Japan_006204.xml,D44
Unknown class,Japan,Japan_006206.xml,D44
Unknown class,Japan,Japan_006206.xml,D50
Unknown class,Japan,Japan_006214.xml,D50
Unknown class,Japan,Japan_006222.xml,D44
Unknown class,Japan,Japan_006223.xml,D50
Unknown class,Japan,Japan_006223.xml,D50
Unknown class,Japan,Japan_006224.xml,D44
Unknown class,Japan,Japan_006226.xml,D50
Unknown class,Japan,Japan_006226.xml,D50
Unknown class,Japan,Japan_006227.xml,D50
Unknown class,Japan,Japan_006231.xml,D44
Unknown class,Japan,Japan_006231.xml,D50
Unknown class,Japan,Japan_006232.xml,D44
Unknown class,Japan,Japan_006233.xml,D44
Unknown class,Japan,Japan_006238.xml,D44
Unknown class,Japan,Japan_006238.xml,D50
Unknown class,Japan,Japan_006246.xml,D50
Unknown class,Japan,Japan_006254.xml,D44
Unknown class,Japan,Japan_006255.xml,D44
Unknown class,Japan,Japan_006261.xml,D50
Unknown class,Japan,Japan_006261.xml,D50
Unknown class,Japan,Japan_006262.xml,D44
Unknown class,Japan,Japan_006262.xml,D50
Unknown class,Japan,Japan_006263.xml,D43
Unknown class,Japan,Japan_006263.xml,D43
Unknown class,Japan,Japan_006263.xml,D50
Unknown class,Japan,Japan_006263.xml,D50
Unknown class,Japan,Japan_006264.xml,D44
Unknown class,Japan,Japan_006264.xml,D44
Unknown class,Japan,Japan_006264.xml,D50
Unknown class,Japan,Japan_006266.xml,D44
Unknown class,Japan,Japan_006266.xml,D44
Unknown class,Japan,Japan_006269.xml,D44
Unknown class,Japan,Japan_006273.xml,D44
Unknown class,Japan,Japan_006277.xml,D44
Unknown class,Japan,Japan_006277.xml,D44
Unknown class,Japan,Japan_006279.xml,D44
Unknown class,Japan,Japan_006282.xml,D44
Unknown class,Japan,Japan_006283.xml,D44
Unknown class,Japan,Japan_006284.xml,D44
Unknown class,Japan,Japan_006285.xml,D50
Unknown class,Japan,Japan_006286.xml,D44
Unknown class,Japan,Japan_006286.xml,D44
Unknown class,Japan,Japan_006287.xml,D50
Unknown class,Japan,Japan_006287.xml,D50
Unknown class,Japan,Japan_006288.xml,D50
Unknown class,Japan,Japan_006288.xml,D50
Unknown class,Japan,Japan_006290.xml,D50
Unknown class,Japan,Japan_006290.xml,D50
Unknown class,Japan,Japan_006292.xml,D44
Unknown class,Japan,Japan_006292.xml,D50
Unknown class,Japan,Japan_006298.xml,D43
Unknown class,Japan,Japan_006299.xml,D50
Unknown class,Japan,Japan_006299.xml,D50
Unknown class,Japan,Japan_006299.xml,D50
Unknown class,Japan,Japan_006299.xml,D50
Unknown class,Japan,Japan_006300.xml,D50
Unknown class,Japan,Japan_006302.xml,D50
Unknown class,Japan,Japan_006303.xml,D44
Unknown class,Japan,Japan_006304.xml,D43
Unknown class,Japan,Japan_006305.xml,D44
Unknown class,Japan,Japan_006310.xml,D44
Unknown class,Japan,Japan_006311.xml,D44
Unknown class,Japan,Japan_006313.xml,D44
Unknown class,Japan,Japan_006314.xml,D44
Unknown class,Japan,Japan_006318.xml,D50
Unknown class,Japan,Japan_006320.xml,D44
Unknown class,Japan,Japan_006326.xml,D44
Unknown class,Japan,Japan_006339.xml,D44
Unknown class,Japan,Japan_006340.xml,D44
Unknown class,Japan,Japan_006345.xml,D50
Unknown class,Japan,Japan_006347.xml,D43
Unknown class,Japan,Japan_006347.xml,D50
Unknown class,Japan,Japan_006354.xml,D50
Unknown class,Japan,Japan_006355.xml,D50
Unknown class,Japan,Japan_006355.xml,D50
Unknown class,Japan,Japan_006356.xml,D44
Unknown class,Japan,Japan_006356.xml,D50
Unknown class,Japan,Japan_006359.xml,D44
Unknown class,Japan,Japan_006359.xml,D44
Unknown class,Japan,Japan_006366.xml,D43
Unknown class,Japan,Japan_006366.xml,D50
Unknown class,Japan,Japan_006367.xml,D44
Unknown class,Japan,Japan_006368.xml,D44
Unknown class,Japan,Japan_006368.xml,D44
Unknown class,Japan,Japan_006369.xml,D44
Unknown class,Japan,Japan_006369.xml,D44
Unknown class,Japan,Japan_006370.xml,D50
Unknown class,Japan,Japan_006370.xml,D50
Unknown class,Japan,Japan_006372.xml,D50
Unknown class,Japan,Japan_006373.xml,D44
Unknown class,Japan,Japan_006376.xml,D44
Unknown class,Japan,Japan_006378.xml,D50
Unknown class,Japan,Japan_006380.xml,D44
Unknown class,Japan,Japan_006380.xml,D44
Unknown class,Japan,Japan_006388.xml,D44
Unknown class,Japan,Japan_006390.xml,D44
Unknown class,Japan,Japan_006390.xml,D50
Unknown class,Japan,Japan_006391.xml,D50
Unknown class,Japan,Japan_006391.xml,D50
Unknown class,Japan,Japan_006391.xml,D50
Unknown class,Japan,Japan_006391.xml,D50
Unknown class,Japan,Japan_006392.xml,D44
Unknown class,Japan,Japan_006392.xml,D44
Unknown class,Japan,Japan_006392.xml,D44
Unknown class,Japan,Japan_006393.xml,D44
Unknown class,Japan,Japan_006393.xml,D44
Unknown class,Japan,Japan_006394.xml,D43
Unknown class,Japan,Japan_006394.xml,D50
Unknown class,Japan,Japan_006394.xml,D50
Unknown class,Japan,Japan_006395.xml,D44
Unknown class,Japan,Japan_006396.xml,D44
Unknown class,Japan,Japan_006397.xml,D43
Unknown class,Japan,Japan_006398.xml,D50
Unknown class,Japan,Japan_006398.xml,D50
Unknown class,Japan,Japan_006400.xml,D44
Unknown class,Japan,Japan_006400.xml,D44
Unknown class,Japan,Japan_006402.xml,D44
Unknown class,Japan,Japan_006402.xml,D44
Unknown class,Japan,Japan_006402.xml,D44
Unknown class,Japan,Japan_006404.xml,D44
Unknown class,Japan,Japan_006404.xml,D44
Unknown class,Japan,Japan_006404.xml,D44
Unknown class,Japan,Japan_006406.xml,D50
Unknown class,Japan,Japan_006407.xml,D44
Unknown class,Japan,Japan_006407.xml,D44
Unknown class,Japan,Japan_006415.xml,D44
Unknown class,Japan,Japan_006416.xml,D44
Unknown class,Japan,Japan_006416.xml,D44
Unknown class,Japan,Japan_006417.xml,D44
Unknown class,Japan,Japan_006419.xml,D44
Unknown class,Japan,Japan_006419.xml,D44
Unknown class,Japan,Japan_006419.xml,D44
Unknown class,Japan,Japan_006423.xml,D50
Unknown class,Japan,Japan_006424.xml,D50
Unknown class,Japan,Japan_006426.xml,D50
Unknown class,Japan,Japan_006431.xml,D50
Unknown class,Japan,Japan_006432.xml,D50
Unknown class,Japan,Japan_006432.xml,D50
Unknown class,Japan,Japan_006434.xml,D44
Unknown class,Japan,Japan_006437.xml,D50
Unknown class,Japan,Japan_006444.xml,D44
Unknown class,Japan,Japan_006448.xml,D50
Unknown class,Japan,Japan_006453.xml,D50
Unknown class,Japan,Japan_006461.xml,D44
Unknown class,Japan,Japan_006466.xml,D50
Unknown class,Japan,Japan_006470.xml,D43
Unknown class,Japan,Japan_006473.xml,D44
Unknown class,Japan,Japan_006479.xml,D43
Unknown class,Japan,Japan_006479.xml,D43
Unknown class,Japan,Japan_006479.xml,D50
Unknown class,Japan,Japan_006479.xml,D50
Unknown class,Japan,Japan_006480.xml,D44
Unknown class,Japan,Japan_006482.xml,D50
Unknown class,Japan,Japan_006484.xml,D43
Unknown class,Japan,Japan_006484.xml,D43
Unknown class,Japan,Japan_006484.xml,D44
Unknown class,Japan,Japan_006484.xml,D50
Unknown class,Japan,Japan_006485.xml,D44
Unknown class,Japan,Japan_006486.xml,D43
Unknown class,Japan,Japan_006487.xml,D43
Unknown class,Japan,Japan_006489.xml,D44
Unknown class,Japan,Japan_006489.xml,D44
Unknown class,Japan,Japan_006494.xml,D50
Unknown class,Japan,Japan_006495.xml,D44
Unknown class,Japan,Japan_006497.xml,D50
Unknown class,Japan,Japan_006497.xml,D44
Unknown class,Japan,Japan_006497.xml,D44
Unknown class,Japan,Japan_006502.xml,D43
Unknown class,Japan,Japan_006503.xml,D50
Unknown class,Japan,Japan_006506.xml,D50
Unknown class,Japan,Japan_006506.xml,D50
Unknown class,Japan,Japan_006507.xml,D50
Unknown class,Japan,Japan_006507.xml,D50
Unknown class,Japan,Japan_006507.xml,D50
Unknown class,Japan,Japan_006509.xml,D50
Unknown class,Japan,Japan_006510.xml,D50
Unknown class,Japan,Japan_006512.xml,D44
Unknown class,Japan,Japan_006512.xml,D44
Unknown class,Japan,Japan_006512.xml,D50
Unknown class,Japan,Japan_006512.xml,D43
Unknown class,Japan,Japan_006513.xml,D50
Unknown class,Japan,Japan_006517.xml,D44
Unknown class,Japan,Japan_006517.xml,D44
Unknown class,Japan,Japan_006520.xml,D44
Unknown class,Japan,Japan_006521.xml,D44
Unknown class,Japan,Japan_006522.xml,D43
Unknown class,Japan,Japan_006523.xml,D44
Unknown class,Japan,Japan_006523.xml,D44
Unknown class,Japan,Japan_006526.xml,D50
Unknown class,Japan,Japan_006526.xml,D50
Unknown class,Japan,Japan_006528.xml,D44
Unknown class,Japan,Japan_006528.xml,D44
Unknown class,Japan,Japan_006529.xml,D50
Unknown class,Japan,Japan_006529.xml,D50
Unknown class,Japan,Japan_006531.xml,D44
Unknown class,Japan,Japan_006531.xml,D44
Unknown class,Japan,Japan_006533.xml,D43
Unknown class,Japan,Japan_006533.xml,D50
Unknown class,Japan,Japan_006533.xml,D50
Unknown class,Japan,Japan_006533.xml,D50
Unknown class,Japan,Japan_006534.xml,D44
Unknown class,Japan,Japan_006535.xml,D43
Unknown class,Japan,Japan_006535.xml,D44
Unknown class,Japan,Japan_006536.xml,D43
Unknown class,Japan,Japan_006536.xml,D44
Unknown class,Japan,Japan_006537.xml,D44
Unknown class,Japan,Japan_006538.xml,D50
Unknown class,Japan,Japan_006549.xml,D50
Unknown class,Japan,Japan_006551.xml,D44
Unknown class,Japan,Japan_006551.xml,D44
Unknown class,Japan,Japan_006552.xml,D44
Unknown class,Japan,Japan_006553.xml,D44
Unknown class,Japan,Japan_006555.xml,D50
Unknown class,Japan,Japan_006556.xml,D44
Unknown class,Japan,Japan_006557.xml,D43
Unknown class,Japan,Japan_006558.xml,D43
Unknown class,Japan,Japan_006558.xml,D50
Unknown class,Japan,Japan_006562.xml,D50
Unknown class,Japan,Japan_006568.xml,D44
Unknown class,Japan,Japan_006568.xml,D50
Unknown class,Japan,Japan_006571.xml,D44
Unknown class,Japan,Japan_006572.xml,D44
Unknown class,Japan,Japan_006574.xml,D50
Unknown class,Japan,Japan_006575.xml,D44
Unknown class,Japan,Japan_006576.xml,D43
Unknown class,Japan,Japan_006580.xml,D44
Unknown class,Japan,Japan_006580.xml,D44
Unknown class,Japan,Japan_006582.xml,D50
Unknown class,Japan,Japan_006586.xml,D44
Unknown class,Japan,Japan_006588.xml,D50
Unknown class,Japan,Japan_006589.xml,D50
Unknown class,Japan,Japan_006589.xml,D50
Unknown class,Japan,Japan_006590.xml,D50
Unknown class,Japan,Japan_006591.xml,D44
Unknown class,Japan,Japan_006591.xml,D44
Unknown class,Japan,Japan_006601.xml,D43
Unknown class,Japan,Japan_006601.xml,D50
Unknown class,Japan,Japan_006602.xml,D50
Unknown class,Japan,Japan_006603.xml,D44
Unknown class,Japan,Japan_006603.xml,D44
Unknown class,Japan,Japan_006605.xml,D50
Unknown class,Japan,Japan_006605.xml,D50
Unknown class,Japan,Japan_006606.xml,D50
Unknown class,Japan,Japan_006606.xml,D50
Unknown class,Japan,Japan_006612.xml,D44
Unknown class,Japan,Japan_006616.xml,D44
Unknown class,Japan,Japan_006619.xml,D43
Unknown class,Japan,Japan_006626.xml,D44
Unknown class,Japan,Japan_006630.xml,D50
Unknown class,Japan,Japan_006632.xml,D50
Unknown class,Japan,Japan_006634.xml,D44
Unknown class,Japan,Japan_006641.xml,D50
Unknown class,Japan,Japan_006641.xml,D50
Unknown class,Japan,Japan_006643.xml,D44
Unknown class,Japan,Japan_006644.xml,D44
Unknown class,Japan,Japan_006645.xml,D50
Unknown class,Japan,Japan_006647.xml,D50
Unknown class,Japan,Japan_006648.xml,D44
Unknown class,Japan,Japan_006648.xml,D43
Unknown class,Japan,Japan_006650.xml,D44
Unknown class,Japan,Japan_006651.xml,D43
Unknown class,Japan,Japan_006651.xml,D43
Unknown class,Japan,Japan_006653.xml,D50
Unknown class,Japan,Japan_006655.xml,D50
Unknown class,Japan,Japan_006656.xml,D44
Unknown class,Japan,Japan_006657.xml,D44
Unknown class,Japan,Japan_006659.xml,D43
Unknown class,Japan,Japan_006659.xml,D50
Unknown class,Japan,Japan_006659.xml,D50
Unknown class,Japan,Japan_006661.xml,D50
Unknown class,Japan,Japan_006662.xml,D44
Unknown class,Japan,Japan_006662.xml,D44
Unknown class,Japan,Japan_006664.xml,D44
Unknown class,Japan,Japan_006669.xml,D50
Unknown class,Japan,Japan_006673.xml,D44
Unknown class,Japan,Japan_006673.xml,D50
Unknown class,Japan,Japan_006674.xml,D44
Unknown class,Japan,Japan_006676.xml,D44
Unknown class,Japan,Japan_006676.xml,D44
Unknown class,Japan,Japan_006678.xml,D50
Unknown class,Japan,Japan_006681.xml,D50
Unknown class,Japan,Japan_006682.xml,D44
Unknown class,Japan,Japan_006687.xml,D44
Unknown class,Japan,Japan_006689.xml,D50
Unknown class,Japan,Japan_006690.xml,D44
Unknown class,Japan,Japan_006693.xml,D44
Unknown class,Japan,Japan_006694.xml,D44
Unknown class,Japan,Japan_006694.xml,D50
Unknown class,Japan,Japan_006695.xml,D44
Unknown class,Japan,Japan_006695.xml,D44
Unknown class,Japan,Japan_006699.xml,D50
Unknown class,Japan,Japan_006699.xml,D44
Unknown class,Japan,Japan_006700.xml,D50
Unknown class,Japan,Japan_006703.xml,D50
Unknown class,Japan,Japan_006709.xml,D50
Unknown class,Japan,Japan_006711.xml,D50
Unknown class,Japan,Japan_006713.xml,D50
Unknown class,Japan,Japan_006714.xml,D44
Unknown class,Japan,Japan_006714.xml,D44
Unknown class,Japan,Japan_006715.xml,D50
Unknown class,Japan,Japan_006715.xml,D50
Unknown class,Japan,Japan_006717.xml,D50
Unknown class,Japan,Japan_006717.xml,D43
Unknown class,Japan,Japan_006719.xml,D44
Unknown class,Japan,Japan_006720.xml,D44
Unknown class,Japan,Japan_006722.xml,D44
Unknown class,Japan,Japan_006723.xml,D50
Unknown class,Japan,Japan_006724.xml,D50
Unknown class,Japan,Japan_006725.xml,D44
Unknown class,Japan,Japan_006729.xml,D44
Unknown class,Japan,Japan_006729.xml,D44
Unknown class,Japan,Japan_006729.xml,D50
Unknown class,Japan,Japan_006730.xml,D44
Unknown class,Japan,Japan_006730.xml,D44
Unknown class,Japan,Japan_006730.xml,D50
Unknown class,Japan,Japan_006730.xml,D50
Unknown class,Japan,Japan_006731.xml,D50
Unknown class,Japan,Japan_006731.xml,D50
Unknown class,Japan,Japan_006734.xml,D50
Unknown class,Japan,Japan_006734.xml,D50
Unknown class,Japan,Japan_006736.xml,D44
Unknown class,Japan,Japan_006736.xml,D44
Unknown class,Japan,Japan_006736.xml,D50
Unknown class,Japan,Japan_006738.xml,D44
Unknown class,Japan,Japan_006738.xml,D44
Unknown class,Japan,Japan_006739.xml,D44
Unknown class,Japan,Japan_006739.xml,D44
Unknown class,Japan,Japan_006740.xml,D44
Unknown class,Japan,Japan_006742.xml,D44
Unknown class,Japan,Japan_006743.xml,D50
Unknown class,Japan,Japan_006751.xml,D44
Unknown class,Japan,Japan_006752.xml,D50
Unknown class,Japan,Japan_006753.xml,D50
Unknown class,Japan,Japan_006754.xml,D44
Unknown class,Japan,Japan_006754.xml,D50
Unknown class,Japan,Japan_006754.xml,D50
Unknown class,Japan,Japan_006755.xml,D50
Unknown class,Japan,Japan_006756.xml,D50
Unknown class,Japan,Japan_006756.xml,D50
Unknown class,Japan,Japan_006758.xml,D50
Unknown class,Japan,Japan_006759.xml,D44
Unknown class,Japan,Japan_006760.xml,D50
Unknown class,Japan,Japan_006765.xml,D50
Unknown class,Japan,Japan_006765.xml,D50
Unknown class,Japan,Japan_006766.xml,D44
Unknown class,Japan,Japan_006766.xml,D44
Unknown class,Japan,Japan_006767.xml,D50
Unknown class,Japan,Japan_006771.xml,D50
Unknown class,Japan,Japan_006772.xml,D44
Unknown class,Japan,Japan_006772.xml,D50
Unknown class,Japan,Japan_006774.xml,D44
Unknown class,Japan,Japan_006774.xml,D50
Unknown class,Japan,Japan_006777.xml,D50
Unknown class,Japan,Japan_006778.xml,D43
Unknown class,Japan,Japan_006778.xml,D50
Unknown class,Japan,Japan_006778.xml,D50
Unknown class,Japan,Japan_006780.xml,D44
Unknown class,Japan,Japan_006782.xml,D50
Unknown class,Japan,Japan_006785.xml,D44
Unknown class,Japan,Japan_006786.xml,D50
Unknown class,Japan,Japan_006787.xml,D50
Unknown class,Japan,Japan_006789.xml,D44
Unknown class,Japan,Japan_006790.xml,D50
Unknown class,Japan,Japan_006790.xml,D50
Unknown class,Japan,Japan_006793.xml,D44
Unknown class,Japan,Japan_006794.xml,D44
Unknown class,Japan,Japan_006795.xml,D50
Unknown class,Japan,Japan_006795.xml,D50
Unknown class,Japan,Japan_006798.xml,D44
Unknown class,Japan,Japan_006801.xml,D50
Unknown class,Japan,Japan_006801.xml,D50
Unknown class,Japan,Japan_006803.xml,D50
Unknown class,Japan,Japan_006804.xml,D44
Unknown class,Japan,Japan_006804.xml,D44
Unknown class,Japan,Japan_006808.xml,D50
Unknown class,Japan,Japan_006812.xml,D50
Unknown class,Japan,Japan_006812.xml,D50
Unknown class,Japan,Japan_006815.xml,D44
Unknown class,Japan,Japan_006816.xml,D44
Unknown class,Japan,Japan_006816.xml,D50
Unknown class,Japan,Japan_006816.xml,D50
Unknown class,Japan,Japan_006816.xml,D50
Unknown class,Japan,Japan_006816.xml,D50
Unknown class,Japan,Japan_006816.xml,D50
Unknown class,Japan,Japan_006818.xml,D43
Unknown class,Japan,Japan_006819.xml,D44
Unknown class,Japan,Japan_006827.xml,D44
Unknown class,Japan,Japan_006838.xml,D44
Unknown class,Japan,Japan_006841.xml,D44
Unknown class,Japan,Japan_006842.xml,D44
Unknown class,Japan,Japan_006843.xml,D44
Unknown class,Japan,Japan_006845.xml,D50
Unknown class,Japan,Japan_006845.xml,D44
Unknown class,Japan,Japan_006846.xml,D44
Unknown class,Japan,Japan_006848.xml,D44
Unknown class,Japan,Japan_006848.xml,D50
Unknown class,Japan,Japan_006848.xml,D50
Unknown class,Japan,Japan_006853.xml,D44
Unknown class,Japan,Japan_006854.xml,D44
Unknown class,Japan,Japan_006860.xml,D44
Unknown class,Japan,Japan_006861.xml,D50
Unknown class,Japan,Japan_006865.xml,D50
Unknown class,Japan,Japan_006866.xml,D50
Unknown class,Japan,Japan_006870.xml,D50
Unknown class,Japan,Japan_006873.xml,D43
Unknown class,Japan,Japan_006873.xml,D50
Unknown class,Japan,Japan_006873.xml,D50
Unknown class,Japan,Japan_006873.xml,D50
Unknown class,Japan,Japan_006874.xml,D44
Unknown class,Japan,Japan_006875.xml,D44
Unknown class,Japan,Japan_006877.xml,D44
Unknown class,Japan,Japan_006878.xml,D44
Unknown class,Japan,Japan_006880.xml,D43
Unknown class,Japan,Japan_006882.xml,D44
Unknown class,Japan,Japan_006883.xml,D44
Unknown class,Japan,Japan_006884.xml,D44
Unknown class,Japan,Japan_006884.xml,D50
Unknown class,Japan,Japan_006884.xml,D50
Unknown class,Japan,Japan_006885.xml,D44
Unknown class,Japan,Japan_006886.xml,D50
Unknown class,Japan,Japan_006890.xml,D44
Unknown class,Japan,Japan_006891.xml,D50
Unknown class,Japan,Japan_006893.xml,D50
Unknown class,Japan,Japan_006893.xml,D50
Unknown class,Japan,Japan_006893.xml,D50
Unknown class,Japan,Japan_006895.xml,D44
Unknown class,Japan,Japan_006895.xml,D50
Unknown class,Japan,Japan_006897.xml,D44
Unknown class,Japan,Japan_006898.xml,D44
Unknown class,Japan,Japan_006899.xml,D44
Unknown class,Japan,Japan_006905.xml,D44
Unknown class,Japan,Japan_006908.xml,D50
Unknown class,Japan,Japan_006909.xml,D44
Unknown class,Japan,Japan_006910.xml,D43
Unknown class,Japan,Japan_006910.xml,D44
Unknown class,Japan,Japan_006912.xml,D44
Unknown class,Japan,Japan_006912.xml,D50
Unknown class,Japan,Japan_006915.xml,D50
Unknown class,Japan,Japan_006916.xml,D50
Unknown class,Japan,Japan_006916.xml,D50
Unknown class,Japan,Japan_006916.xml,D44
Unknown class,Japan,Japan_006916.xml,D44
Unknown class,Japan,Japan_006916.xml,D50
Unknown class,Japan,Japan_006919.xml,D50
Unknown class,Japan,Japan_006924.xml,D44
Unknown class,Japan,Japan_006924.xml,D44
Unknown class,Japan,Japan_006924.xml,D43
Unknown class,Japan,Japan_006927.xml,D50
Unknown class,Japan,Japan_006928.xml,D44
Unknown class,Japan,Japan_006929.xml,D50
Unknown class,Japan,Japan_006929.xml,D50
Unknown class,Japan,Japan_006930.xml,D50
Unknown class,Japan,Japan_006930.xml,D44
Unknown class,Japan,Japan_006930.xml,D50
Unknown class,Japan,Japan_006931.xml,D44
Unknown class,Japan,Japan_006932.xml,D44
Unknown class,Japan,Japan_006934.xml,D44
Unknown class,Japan,Japan_006934.xml,D44
Unknown class,Japan,Japan_006936.xml,D50
Unknown class,Japan,Japan_006942.xml,D44
Unknown class,Japan,Japan_006943.xml,D44
Unknown class,Japan,Japan_006943.xml,D43
Unknown class,Japan,Japan_006945.xml,D44
Unknown class,Japan,Japan_006947.xml,D44
Unknown class,Japan,Japan_006947.xml,D50
Unknown class,Japan,Japan_006951.xml,D50
Unknown class,Japan,Japan_006952.xml,D44
Unknown class,Japan,Japan_006953.xml,D44
Unknown class,Japan,Japan_006953.xml,D43
Unknown class,Japan,Japan_006958.xml,D43
Unknown class,Japan,Japan_006958.xml,D50
Unknown class,Japan,Japan_006968.xml,D50
Unknown class,Japan,Japan_006968.xml,D44
Unknown class,Japan,Japan_006970.xml,D43
Unknown class,Japan,Japan_006970.xml,D44
Unknown class,Japan,Japan_006970.xml,D44
Unknown class,Japan,Japan_006971.xml,D44
Unknown class,Japan,Japan_006971.xml,D50
Unknown class,Japan,Japan_006972.xml,D50
Unknown class,Japan,Japan_006972.xml,D50
Unknown class,Japan,Japan_006973.xml,D50
Unknown class,Japan,Japan_006973.xml,D50
Unknown class,Japan,Japan_006981.xml,D44
Unknown class,Japan,Japan_006983.xml,D44
Unknown class,Japan,Japan_006983.xml,D44
Unknown class,Japan,Japan_006984.xml,D44
Unknown class,Japan,Japan_006984.xml,D50
Unknown class,Japan,Japan_006986.xml,D44
Unknown class,Japan,Japan_006990.xml,D44
Unknown class,Japan,Japan_006993.xml,D43
Unknown class,Japan,Japan_006994.xml,D50
Unknown class,Japan,Japan_007004.xml,D43
Unknown class,Japan,Japan_007004.xml,D43
Unknown class,Japan,Japan_007004.xml,D50
Unknown class,Japan,Japan_007010.xml,D50
Unknown class,Japan,Japan_007012.xml,D44
Unknown class,Japan,Japan_007013.xml,D43
Unknown class,Japan,Japan_007014.xml,D50
Unknown class,Japan,Japan_007016.xml,D50
Unknown class,Japan,Japan_007021.xml,D50
Unknown class,Japan,Japan_007022.xml,D44
Unknown class,Japan,Japan_007023.xml,D44
Unknown class,Japan,Japan_007023.xml,D44
Unknown class,Japan,Japan_007024.xml,D44
Unknown class,Japan,Japan_007024.xml,D44
Unknown class,Japan,Japan_007026.xml,D44
Unknown class,Japan,Japan_007026.xml,D50
Unknown class,Japan,Japan_007027.xml,D44
Unknown class,Japan,Japan_007028.xml,D50
Unknown class,Japan,Japan_007033.xml,D44
Unknown class,Japan,Japan_007033.xml,D44
Unknown class,Japan,Japan_007037.xml,D44
Unknown class,Japan,Japan_007039.xml,D44
Unknown class,Japan,Japan_007040.xml,D44
Unknown class,Japan,Japan_007040.xml,D44
Unknown class,Japan,Japan_007043.xml,D50
Unknown class,Japan,Japan_007044.xml,D44
Unknown class,Japan,Japan_007045.xml,D44
Unknown class,Japan,Japan_007046.xml,D44
Unknown class,Japan,Japan_007046.xml,D44
Unknown class,Japan,Japan_007048.xml,D43
Unknown class,Japan,Japan_007049.xml,D50
Unknown class,Japan,Japan_007051.xml,D50
Unknown class,Japan,Japan_007054.xml,D43
Unknown class,Japan,Japan_007054.xml,D50
Unknown class,Japan,Japan_007054.xml,D50
Unknown class,Japan,Japan_007055.xml,D50
Unknown class,Japan,Japan_007055.xml,D50
Unknown class,Japan,Japan_007061.xml,D50
Unknown class,Japan,Japan_007062.xml,D50
Unknown class,Japan,Japan_007068.xml,D50
Unknown class,Japan,Japan_007069.xml,D44
Unknown class,Japan,Japan_007070.xml,D44
Unknown class,Japan,Japan_007072.xml,D44
Unknown class,Japan,Japan_007072.xml,D50
Unknown class,Japan,Japan_007072.xml,D50
Unknown class,Japan,Japan_007073.xml,D44
Unknown class,Japan,Japan_007074.xml,D50
Unknown class,Japan,Japan_007075.xml,D50
Unknown class,Japan,Japan_007076.xml,D44
Unknown class,Japan,Japan_007076.xml,D50
Unknown class,Japan,Japan_007076.xml,D50
Unknown class,Japan,Japan_007079.xml,D50
Unknown class,Japan,Japan_007080.xml,D50
Unknown class,Japan,Japan_007082.xml,D50
Unknown class,Japan,Japan_007085.xml,D44
Unknown class,Japan,Japan_007087.xml,D43
Unknown class,Japan,Japan_007087.xml,D43
Unknown class,Japan,Japan_007087.xml,D50
Unknown class,Japan,Japan_007091.xml,D44
Unknown class,Japan,Japan_007091.xml,D44
Unknown class,Japan,Japan_007092.xml,D44
Unknown class,Japan,Japan_007094.xml,D44
Unknown class,Japan,Japan_007094.xml,D44
Unknown class,Japan,Japan_007094.xml,D50
Unknown class,Japan,Japan_007097.xml,D44
Unknown class,Japan,Japan_007098.xml,D43
Unknown class,Japan,Japan_007101.xml,D44
Unknown class,Japan,Japan_007106.xml,D44
Unknown class,Japan,Japan_007107.xml,D44
Unknown class,Japan,Japan_007111.xml,D44
Unknown class,Japan,Japan_007112.xml,D44
Unknown class,Japan,Japan_007112.xml,D50
Unknown class,Japan,Japan_007112.xml,D50
Unknown class,Japan,Japan_007112.xml,D50
Unknown class,Japan,Japan_007118.xml,D44
Unknown class,Japan,Japan_007119.xml,D44
Unknown class,Japan,Japan_007126.xml,D44
Unknown class,Japan,Japan_007126.xml,D43
Unknown class,Japan,Japan_007129.xml,D50
Unknown class,Japan,Japan_007129.xml,D50
Unknown class,Japan,Japan_007130.xml,D44
Unknown class,Japan,Japan_007130.xml,D50
Unknown class,Japan,Japan_007134.xml,D44
Unknown class,Japan,Japan_007134.xml,D44
Unknown class,Japan,Japan_007134.xml,D50
Unknown class,Japan,Japan_007135.xml,D44
Unknown class,Japan,Japan_007135.xml,D44
Unknown class,Japan,Japan_007136.xml,D44
Unknown class,Japan,Japan_007136.xml,D50
Unknown class,Japan,Japan_007136.xml,D50
Unknown class,Japan,Japan_007136.xml,D50
Unknown class,Japan,Japan_007139.xml,D44
Unknown class,Japan,Japan_007140.xml,D44
Unknown class,Japan,Japan_007143.xml,D50
Unknown class,Japan,Japan_007144.xml,D50
Unknown class,Japan,Japan_007144.xml,D50
Unknown class,Japan,Japan_007146.xml,D50
Unknown class,Japan,Japan_007146.xml,D50
Unknown class,Japan,Japan_007149.xml,D44
Unknown class,Japan,Japan_007149.xml,D44
Unknown class,Japan,Japan_007149.xml,D50
Unknown class,Japan,Japan_007150.xml,D43
Unknown class,Japan,Japan_007151.xml,D50
Unknown class,Japan,Japan_007151.xml,D50
Unknown class,Japan,Japan_007153.xml,D44
Unknown class,Japan,Japan_007154.xml,D44
Unknown class,Japan,Japan_007155.xml,D44
Unknown class,Japan,Japan_007155.xml,D44
Unknown class,Japan,Japan_007161.xml,D44
Unknown class,Japan,Japan_007161.xml,D50
Unknown class,Japan,Japan_007161.xml,D50
Unknown class,Japan,Japan_007161.xml,D50
Unknown class,Japan,Japan_007162.xml,D50
Unknown class,Japan,Japan_007164.xml,D44
Unknown class,Japan,Japan_007165.xml,D44
Unknown class,Japan,Japan_007170.xml,D50
Unknown class,Japan,Japan_007170.xml,D50
Unknown class,Japan,Japan_007174.xml,D44
Unknown class,Japan,Japan_007175.xml,D50
Unknown class,Japan,Japan_007176.xml,D43
Unknown class,Japan,Japan_007182.xml,D44
Unknown class,Japan,Japan_007182.xml,D50
Unknown class,Japan,Japan_007183.xml,D44
Unknown class,Japan,Japan_007183.xml,D50
Unknown class,Japan,Japan_007184.xml,D44
Unknown class,Japan,Japan_007184.xml,D50
Unknown class,Japan,Japan_007187.xml,D50
Unknown class,Japan,Japan_007188.xml,D50
Unknown class,Japan,Japan_007188.xml,D50
Unknown class,Japan,Japan_007190.xml,D43
Unknown class,Japan,Japan_007191.xml,D50
Unknown class,Japan,Japan_007193.xml,D50
Unknown class,Japan,Japan_007194.xml,D44
Unknown class,Japan,Japan_007197.xml,D44
Unknown class,Japan,Japan_007198.xml,D44
Unknown class,Japan,Japan_007201.xml,D50
Unknown class,Japan,Japan_007201.xml,D50
Unknown class,Japan,Japan_007201.xml,D50
Unknown class,Japan,Japan_007203.xml,D50
Unknown class,Japan,Japan_007203.xml,D50
Unknown class,Japan,Japan_007207.xml,D44
Unknown class,Japan,Japan_007207.xml,D50
Unknown class,Japan,Japan_007208.xml,D50
Unknown class,Japan,Japan_007209.xml,D44
Unknown class,Japan,Japan_007209.xml,D44
Unknown class,Japan,Japan_007215.xml,D50
Unknown class,Japan,Japan_007215.xml,D44
Unknown class,Japan,Japan_007219.xml,D44
Unknown class,Japan,Japan_007220.xml,D44
Unknown class,Japan,Japan_007220.xml,D50
Unknown class,Japan,Japan_007220.xml,D50
Unknown class,Japan,Japan_007223.xml,D44
Unknown class,Japan,Japan_007228.xml,D44
Unknown class,Japan,Japan_007228.xml,D50
Unknown class,Japan,Japan_007228.xml,D50
Unknown class,Japan,Japan_007229.xml,D44
Unknown class,Japan,Japan_007229.xml,D44
Unknown class,Japan,Japan_007230.xml,D44
Unknown class,Japan,Japan_007231.xml,D44
Unknown class,Japan,Japan_007233.xml,D50
Unknown class,Japan,Japan_007234.xml,D44
Unknown class,Japan,Japan_007234.xml,D44
Unknown class,Japan,Japan_007234.xml,D43
Unknown class,Japan,Japan_007234.xml,D50
Unknown class,Japan,Japan_007237.xml,D44
Unknown class,Japan,Japan_007238.xml,D44
Unknown class,Japan,Japan_007240.xml,D50
Unknown class,Japan,Japan_007240.xml,D50
Unknown class,Japan,Japan_007241.xml,D44
Unknown class,Japan,Japan_007247.xml,D44
Unknown class,Japan,Japan_007248.xml,D44
Unknown class,Japan,Japan_007248.xml,D50
Unknown class,Japan,Japan_007252.xml,D44
Unknown class,Japan,Japan_007253.xml,D50
Unknown class,Japan,Japan_007257.xml,D43
Unknown class,Japan,Japan_007261.xml,D44
Unknown class,Japan,Japan_007261.xml,D43
Unknown class,Japan,Japan_007264.xml,D43
Unknown class,Japan,Japan_007266.xml,D44
Unknown class,Japan,Japan_007266.xml,D50
Unknown class,Japan,Japan_007266.xml,D50
Unknown class,Japan,Japan_007267.xml,D44
Unknown class,Japan,Japan_007269.xml,D50
Unknown class,Japan,Japan_007271.xml,D44
Unknown class,Japan,Japan_007272.xml,D50
Unknown class,Japan,Japan_007274.xml,D44
Unknown class,Japan,Japan_007274.xml,D44
Unknown class,Japan,Japan_007275.xml,D50
Unknown class,Japan,Japan_007276.xml,D44
Unknown class,Japan,Japan_007278.xml,D44
Unknown class,Japan,Japan_007278.xml,D50
Unknown class,Japan,Japan_007278.xml,D50
Unknown class,Japan,Japan_007282.xml,D44
Unknown class,Japan,Japan_007282.xml,D44
Unknown class,Japan,Japan_007285.xml,D44
Unknown class,Japan,Japan_007286.xml,D44
Unknown class,Japan,Japan_007286.xml,D44
Unknown class,Japan,Japan_007289.xml,D43
Unknown class,Japan,Japan_007292.xml,D44
Unknown class,Japan,Japan_007294.xml,D43
Unknown class,Japan,Japan_007294.xml,D50
Unknown class,Japan,Japan_007295.xml,D43
Unknown class,Japan,Japan_007296.xml,D44
Unknown class,Japan,Japan_007299.xml,D44
Unknown class,Japan,Japan_007299.xml,D44
Unknown class,Japan,Japan_007302.xml,D44
Unknown class,Japan,Japan_007302.xml,D44
Unknown class,Japan,Japan_007303.xml,D44
Unknown class,Japan,Japan_007307.xml,D50
Unknown class,Japan,Japan_007311.xml,D50
Unknown class,Japan,Japan_007311.xml,D50
Unknown class,Japan,Japan_007313.xml,D44
Unknown class,Japan,Japan_007314.xml,D44
Unknown class,Japan,Japan_007315.xml,D50
Unknown class,Japan,Japan_007316.xml,D44
Unknown class,Japan,Japan_007316.xml,D44
Unknown class,Japan,Japan_007318.xml,D44
Unknown class,Japan,Japan_007322.xml,D50
Unknown class,Japan,Japan_007327.xml,D44
Unknown class,Japan,Japan_007327.xml,D44
Unknown class,Japan,Japan_007331.xml,D50
Unknown class,Japan,Japan_007331.xml,D50
Unknown class,Japan,Japan_007331.xml,D50
Unknown class,Japan,Japan_007331.xml,D50
Unknown class,Japan,Japan_007333.xml,D43
Unknown class,Japan,Japan_007334.xml,D44
Unknown class,Japan,Japan_007334.xml,D44
Unknown class,Japan,Japan_007337.xml,D44
Unknown class,Japan,Japan_007338.xml,D50
Unknown class,Japan,Japan_007340.xml,D44
Unknown class,Japan,Japan_007341.xml,D50
Unknown class,Japan,Japan_007342.xml,D44
Unknown class,Japan,Japan_007343.xml,D44
Unknown class,Japan,Japan_007344.xml,D44
Unknown class,Japan,Japan_007348.xml,D44
Unknown class,Japan,Japan_007348.xml,D43
Unknown class,Japan,Japan_007348.xml,D44
Unknown class,Japan,Japan_007351.xml,D44
Unknown class,Japan,Japan_007351.xml,D44
Unknown class,Japan,Japan_007351.xml,D50
Unknown class,Japan,Japan_007356.xml,D44
Unknown class,Japan,Japan_007357.xml,D44
Unknown class,Japan,Japan_007358.xml,D44
Unknown class,Japan,Japan_007358.xml,D50
Unknown class,Japan,Japan_007358.xml,D50
Unknown class,Japan,Japan_007358.xml,D50
Unknown class,Japan,Japan_007358.xml,D50
Unknown class,Japan,Japan_007358.xml,D50
Unknown class,Japan,Japan_007363.xml,D43
Unknown class,Japan,Japan_007363.xml,D50
Unknown class,Japan,Japan_007367.xml,D44
Unknown class,Japan,Japan_007372.xml,D43
Unknown class,Japan,Japan_007372.xml,D50
Unknown class,Japan,Japan_007372.xml,D50
Unknown class,Japan,Japan_007376.xml,D44
Unknown class,Japan,Japan_007377.xml,D50
Unknown class,Japan,Japan_007378.xml,D50
Unknown class,Japan,Japan_007378.xml,D50
Unknown class,Japan,Japan_007378.xml,D50
Unknown class,Japan,Japan_007379.xml,D44
Unknown class,Japan,Japan_007382.xml,D50
Unknown class,Japan,Japan_007383.xml,D50
Unknown class,Japan,Japan_007385.xml,D43
Unknown class,Japan,Japan_007388.xml,D44
Unknown class,Japan,Japan_007390.xml,D50
Unknown class,Japan,Japan_007391.xml,D50
Unknown class,Japan,Japan_007391.xml,D50
Unknown class,Japan,Japan_007391.xml,D50
Unknown class,Japan,Japan_007391.xml,D50
Unknown class,Japan,Japan_007391.xml,D50
Unknown class,Japan,Japan_007393.xml,D44
Unknown class,Japan,Japan_007394.xml,D43
Unknown class,Japan,Japan_007394.xml,D50
Unknown class,Japan,Japan_007394.xml,D50
Unknown class,Japan,Japan_007394.xml,D50
Unknown class,Japan,Japan_007395.xml,D44
Unknown class,Japan,Japan_007395.xml,D50
Unknown class,Japan,Japan_007395.xml,D50
Unknown class,Japan,Japan_007395.xml,D50
Unknown class,Japan,Japan_007399.xml,D44
Unknown class,Japan,Japan_007399.xml,D44
Unknown class,Japan,Japan_007400.xml,D50
Unknown class,Japan,Japan_007401.xml,D44
Unknown class,Japan,Japan_007403.xml,D44
Unknown class,Japan,Japan_007412.xml,D44
Unknown class,Japan,Japan_007412.xml,D50
Unknown class,Japan,Japan_007413.xml,D44
Unknown class,Japan,Japan_007415.xml,D50
Unknown class,Japan,Japan_007417.xml,D44
Unknown class,Japan,Japan_007418.xml,D50
Unknown class,Japan,Japan_007421.xml,D44
Unknown class,Japan,Japan_007421.xml,D50
Unknown class,Japan,Japan_007423.xml,D50
Unknown class,Japan,Japan_007424.xml,D44
Unknown class,Japan,Japan_007426.xml,D50
Unknown class,Japan,Japan_007430.xml,D43
Unknown class,Japan,Japan_007430.xml,D50
Unknown class,Japan,Japan_007431.xml,D44
Unknown class,Japan,Japan_007432.xml,D44
Unknown class,Japan,Japan_007432.xml,D50
Unknown class,Japan,Japan_007439.xml,D44
Unknown class,Japan,Japan_007442.xml,D44
Unknown class,Japan,Japan_007446.xml,D50
Unknown class,Japan,Japan_007448.xml,D50
Unknown class,Japan,Japan_007450.xml,D50
Unknown class,Japan,Japan_007453.xml,D44
Unknown class,Japan,Japan_007453.xml,D50
Unknown class,Japan,Japan_007454.xml,D44
Unknown class,Japan,Japan_007456.xml,D43
Unknown class,Japan,Japan_007457.xml,D44
Unknown class,Japan,Japan_007458.xml,D44
Unknown class,Japan,Japan_007460.xml,D50
Unknown class,Japan,Japan_007464.xml,D44
Unknown class,Japan,Japan_007465.xml,D44
Unknown class,Japan,Japan_007467.xml,D44
Unknown class,Japan,Japan_007468.xml,D44
Unknown class,Japan,Japan_007469.xml,D44
Unknown class,Japan,Japan_007471.xml,D44
Unknown class,Japan,Japan_007472.xml,D44
Unknown class,Japan,Japan_007473.xml,D50
Unknown class,Japan,Japan_007475.xml,D44
Unknown class,Japan,Japan_007476.xml,D50
Unknown class,Japan,Japan_007477.xml,D50
Unknown class,Japan,Japan_007478.xml,D50
Unknown class,Japan,Japan_007478.xml,D50
Unknown class,Japan,Japan_007479.xml,D44
Unknown class,Japan,Japan_007483.xml,D43
Unknown class,Japan,Japan_007485.xml,D44
Unknown class,Japan,Japan_007488.xml,D44
Unknown class,Japan,Japan_007493.xml,D44
Unknown class,Japan,Japan_007493.xml,D44
Unknown class,Japan,Japan_007495.xml,D50
Unknown class,Japan,Japan_007497.xml,D44
Unknown class,Japan,Japan_007501.xml,D44
Unknown class,Japan,Japan_007501.xml,D44
Unknown class,Japan,Japan_007504.xml,D50
Unknown class,Japan,Japan_007505.xml,D50
Unknown class,Japan,Japan_007505.xml,D50
Unknown class,Japan,Japan_007508.xml,D50
Unknown class,Japan,Japan_007508.xml,D43
Unknown class,Japan,Japan_007508.xml,D50
Unknown class,Japan,Japan_007513.xml,D50
Unknown class,Japan,Japan_007513.xml,D50
Unknown class,Japan,Japan_007514.xml,D44
Unknown class,Japan,Japan_007514.xml,D44
Unknown class,Japan,Japan_007515.xml,D43
Unknown class,Japan,Japan_007516.xml,D44
Unknown class,Japan,Japan_007517.xml,D44
Unknown class,Japan,Japan_007517.xml,D44
Unknown class,Japan,Japan_007518.xml,D44
Unknown class,Japan,Japan_007519.xml,D44
Unknown class,Japan,Japan_007520.xml,D44
Unknown class,Japan,Japan_007520.xml,D44
Unknown class,Japan,Japan_007521.xml,D50
Unknown class,Japan,Japan_007523.xml,D50
Unknown class,Japan,Japan_007523.xml,D50
Unknown class,Japan,Japan_007525.xml,D44
Unknown class,Japan,Japan_007526.xml,D44
Unknown class,Japan,Japan_007527.xml,D44
Unknown class,Japan,Japan_007527.xml,D44
Unknown class,Japan,Japan_007528.xml,D44
Unknown class,Japan,Japan_007528.xml,D50
Unknown class,Japan,Japan_007528.xml,D44
Unknown class,Japan,Japan_007529.xml,D50
Unknown class,Japan,Japan_007531.xml,D43
Unknown class,Japan,Japan_007531.xml,D50
Unknown class,Japan,Japan_007531.xml,D50
Unknown class,Japan,Japan_007532.xml,D43
Unknown class,Japan,Japan_007543.xml,D44
Unknown class,Japan,Japan_007543.xml,D44
Unknown class,Japan,Japan_007544.xml,D44
Unknown class,Japan,Japan_007546.xml,D44
Unknown class,Japan,Japan_007547.xml,D44
Unknown class,Japan,Japan_007549.xml,D44
Unknown class,Japan,Japan_007553.xml,D44
Unknown class,Japan,Japan_007553.xml,D50
Unknown class,Japan,Japan_007555.xml,D50
Unknown class,Japan,Japan_007555.xml,D50
Unknown class,Japan,Japan_007556.xml,D50
Unknown class,Japan,Japan_007556.xml,D50
Unknown class,Japan,Japan_007558.xml,D44
Unknown class,Japan,Japan_007558.xml,D50
Unknown class,Japan,Japan_007558.xml,D50
Unknown class,Japan,Japan_007562.xml,D50
Unknown class,Japan,Japan_007562.xml,D50
Unknown class,Japan,Japan_007562.xml,D50
Unknown class,Japan,Japan_007565.xml,D44
Unknown class,Japan,Japan_007566.xml,D44
Unknown class,Japan,Japan_007571.xml,D44
Unknown class,Japan,Japan_007573.xml,D44
Unknown class,Japan,Japan_007573.xml,D44
Unknown class,Japan,Japan_007574.xml,D50
Unknown class,Japan,Japan_007574.xml,D50
Unknown class,Japan,Japan_007575.xml,D44
Unknown class,Japan,Japan_007582.xml,D44
Unknown class,Japan,Japan_007583.xml,D50
Unknown class,Japan,Japan_007585.xml,D50
Unknown class,Japan,Japan_007586.xml,D50
Unknown class,Japan,Japan_007587.xml,D44
Unknown class,Japan,Japan_007587.xml,D50
Unknown class,Japan,Japan_007588.xml,D50
Unknown class,Japan,Japan_007588.xml,D50
Unknown class,Japan,Japan_007593.xml,D44
Unknown class,Japan,Japan_007598.xml,D44
Unknown class,Japan,Japan_007598.xml,D44
Unknown class,Japan,Japan_007598.xml,D50
Unknown class,Japan,Japan_007598.xml,D50
Unknown class,Japan,Japan_007598.xml,D50
Unknown class,Japan,Japan_007600.xml,D50
Unknown class,Japan,Japan_007601.xml,D44
Unknown class,Japan,Japan_007602.xml,D44
Unknown class,Japan,Japan_007602.xml,D50
Unknown class,Japan,Japan_007603.xml,D44
Unknown class,Japan,Japan_007606.xml,D50
Unknown class,Japan,Japan_007611.xml,D44
Unknown class,Japan,Japan_007615.xml,D50
Unknown class,Japan,Japan_007615.xml,D50
Unknown class,Japan,Japan_007615.xml,D50
Unknown class,Japan,Japan_007618.xml,D44
Unknown class,Japan,Japan_007623.xml,D44
Unknown class,Japan,Japan_007626.xml,D44
Unknown class,Japan,Japan_007630.xml,D44
Unknown class,Japan,Japan_007631.xml,D44
Unknown class,Japan,Japan_007631.xml,D44
Unknown class,Japan,Japan_007632.xml,D43
Unknown class,Japan,Japan_007636.xml,D50
Unknown class,Japan,Japan_007638.xml,D44
Unknown class,Japan,Japan_007638.xml,D44
Unknown class,Japan,Japan_007639.xml,D50
Unknown class,Japan,Japan_007642.xml,D50
Unknown class,Japan,Japan_007642.xml,D43
Unknown class,Japan,Japan_007643.xml,D44
Unknown class,Japan,Japan_007644.xml,D44
Unknown class,Japan,Japan_007644.xml,D50
Unknown class,Japan,Japan_007646.xml,D44
Unknown class,Japan,Japan_007649.xml,D43
Unknown class,Japan,Japan_007649.xml,D50
Unknown class,Japan,Japan_007651.xml,D44
Unknown class,Japan,Japan_007654.xml,D44
Unknown class,Japan,Japan_007655.xml,D50
Unknown class,Japan,Japan_007657.xml,D44
Unknown class,Japan,Japan_007658.xml,D44
Unknown class,Japan,Japan_007658.xml,D44
Unknown class,Japan,Japan_007663.xml,D44
Unknown class,Japan,Japan_007666.xml,D43
Unknown class,Japan,Japan_007666.xml,D50
Unknown class,Japan,Japan_007667.xml,D43
Unknown class,Japan,Japan_007667.xml,D50
Unknown class,Japan,Japan_007670.xml,D44
Unknown class,Japan,Japan_007672.xml,D44
Unknown class,Japan,Japan_007672.xml,D50
Unknown class,Japan,Japan_007673.xml,D44
Unknown class,Japan,Japan_007678.xml,D50
Unknown class,Japan,Japan_007681.xml,D50
Unknown class,Japan,Japan_007682.xml,D44
Unknown class,Japan,Japan_007682.xml,D44
Unknown class,Japan,Japan_007683.xml,D50
Unknown class,Japan,Japan_007683.xml,D50
Unknown class,Japan,Japan_007683.xml,D50
Unknown class,Japan,Japan_007688.xml,D43
Unknown class,Japan,Japan_007689.xml,D50
Unknown class,Japan,Japan_007689.xml,D50
Unknown class,Japan,Japan_007690.xml,D50
Unknown class,Japan,Japan_007690.xml,D50
Unknown class,Japan,Japan_007691.xml,D44
Unknown class,Japan,Japan_007691.xml,D44
Unknown class,Japan,Japan_007697.xml,D44
Unknown class,Japan,Japan_007697.xml,D44
Unknown class,Japan,Japan_007698.xml,D50
Unknown class,Japan,Japan_007703.xml,D44
Unknown class,Japan,Japan_007704.xml,D44
Unknown class,Japan,Japan_007705.xml,D50
Unknown class,Japan,Japan_007705.xml,D50
Unknown class,Japan,Japan_007706.xml,D50
Unknown class,Japan,Japan_007707.xml,D44
Unknown class,Japan,Japan_007711.xml,D44
Unknown class,Japan,Japan_007711.xml,D44
Unknown class,Japan,Japan_007714.xml,D50
Unknown class,Japan,Japan_007714.xml,D50
Unknown class,Japan,Japan_007716.xml,D43
Unknown class,Japan,Japan_007716.xml,D50
Unknown class,Japan,Japan_007716.xml,D50
Unknown class,Japan,Japan_007717.xml,D50
Unknown class,Japan,Japan_007718.xml,D44
Unknown class,Japan,Japan_007718.xml,D50
Unknown class,Japan,Japan_007719.xml,D44
Unknown class,Japan,Japan_007721.xml,D50
Unknown class,Japan,Japan_007722.xml,D44
Unknown class,Japan,Japan_007722.xml,D44
Unknown class,Japan,Japan_007727.xml,D44
Unknown class,Japan,Japan_007727.xml,D50
Unknown class,Japan,Japan_007731.xml,D50
Unknown class,Japan,Japan_007733.xml,D44
Unknown class,Japan,Japan_007733.xml,D44
Unknown class,Japan,Japan_007735.xml,D44
Unknown class,Japan,Japan_007735.xml,D44
Unknown class,Japan,Japan_007736.xml,D50
Unknown class,Japan,Japan_007738.xml,D44
Unknown class,Japan,Japan_007738.xml,D50
Unknown class,Japan,Japan_007744.xml,D44
Unknown class,Japan,Japan_007746.xml,D44
Unknown class,Japan,Japan_007748.xml,D50
Unknown class,Japan,Japan_007752.xml,D44
Unknown class,Japan,Japan_007752.xml,D44
Unknown class,Japan,Japan_007752.xml,D50
Unknown class,Japan,Japan_007753.xml,D44
Unknown class,Japan,Japan_007753.xml,D44
Unknown class,Japan,Japan_007754.xml,D43
Unknown class,Japan,Japan_007754.xml,D44
Unknown class,Japan,Japan_007755.xml,D50
Unknown class,Japan,Japan_007756.xml,D44
Unknown class,Japan,Japan_007758.xml,D50
Unknown class,Japan,Japan_007760.xml,D50
Unknown class,Japan,Japan_007762.xml,D50
Unknown class,Japan,Japan_007768.xml,D50
Unknown class,Japan,Japan_007768.xml,D44
Unknown class,Japan,Japan_007772.xml,D43
Unknown class,Japan,Japan_007775.xml,D44
Unknown class,Japan,Japan_007776.xml,D50
Unknown class,Japan,Japan_007780.xml,D44
Unknown class,Japan,Japan_007780.xml,D50
Unknown class,Japan,Japan_007786.xml,D44
Unknown class,Japan,Japan_007789.xml,D44
Unknown class,Japan,Japan_007790.xml,D44
Unknown class,Japan,Japan_007790.xml,D44
Unknown class,Japan,Japan_007790.xml,D50
Unknown class,Japan,Japan_007790.xml,D44
Unknown class,Japan,Japan_007792.xml,D50
Unknown class,Japan,Japan_007792.xml,D50
Unknown class,Japan,Japan_007795.xml,D50
Unknown class,Japan,Japan_007796.xml,D44
Unknown class,Japan,Japan_007799.xml,D50
Unknown class,Japan,Japan_007799.xml,D50
Unknown class,Japan,Japan_007802.xml,D43
Unknown class,Japan,Japan_007802.xml,D50
Unknown class,Japan,Japan_007802.xml,D50
Unknown class,Japan,Japan_007804.xml,D43
Unknown class,Japan,Japan_007804.xml,D43
Unknown class,Japan,Japan_007804.xml,D50
Unknown class,Japan,Japan_007805.xml,D50
Unknown class,Japan,Japan_007806.xml,D44
Unknown class,Japan,Japan_007807.xml,D44
Unknown class,Japan,Japan_007810.xml,D50
Unknown class,Japan,Japan_007814.xml,D50
Unknown class,Japan,Japan_007816.xml,D44
Unknown class,Japan,Japan_007817.xml,D50
Unknown class,Japan,Japan_007819.xml,D44
Unknown class,Japan,Japan_007819.xml,D44
Unknown class,Japan,Japan_007820.xml,D50
Unknown class,Japan,Japan_007824.xml,D50
Unknown class,Japan,Japan_007828.xml,D44
Unknown class,Japan,Japan_007830.xml,D44
Unknown class,Japan,Japan_007833.xml,D43
Unknown class,Japan,Japan_007835.xml,D50
Unknown class,Japan,Japan_007835.xml,D50
Unknown class,Japan,Japan_007841.xml,D50
Unknown class,Japan,Japan_007842.xml,D44
Unknown class,Japan,Japan_007842.xml,D50
Unknown class,Japan,Japan_007842.xml,D50
Unknown class,Japan,Japan_007842.xml,D50
Unknown class,Japan,Japan_007842.xml,D50
Unknown class,Japan,Japan_007844.xml,D50
Unknown class,Japan,Japan_007847.xml,D44
Unknown class,Japan,Japan_007847.xml,D44
Unknown class,Japan,Japan_007851.xml,D44
Unknown class,Japan,Japan_007852.xml,D44
Unknown class,Japan,Japan_007853.xml,D50
Unknown class,Japan,Japan_007855.xml,D44
Unknown class,Japan,Japan_007856.xml,D50
Unknown class,Japan,Japan_007856.xml,D50
Unknown class,Japan,Japan_007859.xml,D44
Unknown class,Japan,Japan_007860.xml,D44
Unknown class,Japan,Japan_007860.xml,D44
Unknown class,Japan,Japan_007860.xml,D50
Unknown class,Japan,Japan_007865.xml,D44
Unknown class,Japan,Japan_007866.xml,D44
Unknown class,Japan,Japan_007866.xml,D44
Unknown class,Japan,Japan_007867.xml,D44
Unknown class,Japan,Japan_007867.xml,D44
Unknown class,Japan,Japan_007873.xml,D50
Unknown class,Japan,Japan_007876.xml,D50
Unknown class,Japan,Japan_007876.xml,D50
Unknown class,Japan,Japan_007877.xml,D50
Unknown class,Japan,Japan_007880.xml,D44
Unknown class,Japan,Japan_007881.xml,D44
Unknown class,Japan,Japan_007883.xml,D44
Unknown class,Japan,Japan_007887.xml,D44
Unknown class,Japan,Japan_007887.xml,D44
Unknown class,Japan,Japan_007888.xml,D44
Unknown class,Japan,Japan_007899.xml,D50
Unknown class,Japan,Japan_007903.xml,D50
Unknown class,Japan,Japan_007903.xml,D50
Unknown class,Japan,Japan_007906.xml,D43
Unknown class,Japan,Japan_007909.xml,D44
Unknown class,Japan,Japan_007909.xml,D50
Unknown class,Japan,Japan_007911.xml,D50
Unknown class,Japan,Japan_007912.xml,D44
Unknown class,Japan,Japan_007912.xml,D44
Unknown class,Japan,Japan_007916.xml,D44
Unknown class,Japan,Japan_007917.xml,D44
Unknown class,Japan,Japan_007920.xml,D50
Unknown class,Japan,Japan_007924.xml,D44
Unknown class,Japan,Japan_007927.xml,D44
Unknown class,Japan,Japan_007927.xml,D44
Unknown class,Japan,Japan_007929.xml,D44
Unknown class,Japan,Japan_007929.xml,D50
Unknown class,Japan,Japan_007930.xml,D50
Unknown class,Japan,Japan_007931.xml,D50
Unknown class,Japan,Japan_007932.xml,D50
Unknown class,Japan,Japan_007933.xml,D44
Unknown class,Japan,Japan_007936.xml,D43
Unknown class,Japan,Japan_007936.xml,D50
Unknown class,Japan,Japan_007937.xml,D50
Unknown class,Japan,Japan_007937.xml,D50
Unknown class,Japan,Japan_007938.xml,D50
Unknown class,Japan,Japan_007939.xml,D44
Unknown class,Japan,Japan_007941.xml,D44
Unknown class,Japan,Japan_007942.xml,D50
Unknown class,Japan,Japan_007945.xml,D44
Unknown class,Japan,Japan_007948.xml,D50
Unknown class,Japan,Japan_007950.xml,D43
Unknown class,Japan,Japan_007950.xml,D50
Unknown class,Japan,Japan_007950.xml,D50
Unknown class,Japan,Japan_007950.xml,D50
Unknown class,Japan,Japan_007953.xml,D50
Unknown class,Japan,Japan_007954.xml,D43
Unknown class,Japan,Japan_007954.xml,D50
Unknown class,Japan,Japan_007958.xml,D44
Unknown class,Japan,Japan_007958.xml,D44
Unknown class,Japan,Japan_007964.xml,D44
Unknown class,Japan,Japan_007964.xml,D50
Unknown class,Japan,Japan_007966.xml,D43
Unknown class,Japan,Japan_007966.xml,D50
Unknown class,Japan,Japan_007966.xml,D50
Unknown class,Japan,Japan_007966.xml,D44
Unknown class,Japan,Japan_007968.xml,D44
Unknown class,Japan,Japan_007968.xml,D44
Unknown class,Japan,Japan_007970.xml,D44
Unknown class,Japan,Japan_007971.xml,D50
Unknown class,Japan,Japan_007972.xml,D50
Unknown class,Japan,Japan_007973.xml,D50
Unknown class,Japan,Japan_007975.xml,D44
Unknown class,Japan,Japan_007981.xml,D43
Unknown class,Japan,Japan_007981.xml,D50
Unknown class,Japan,Japan_007982.xml,D50
Unknown class,Japan,Japan_007982.xml,D50
Unknown class,Japan,Japan_007984.xml,D50
Unknown class,Japan,Japan_007984.xml,D50
Unknown class,Japan,Japan_007987.xml,D44
Unknown class,Japan,Japan_007988.xml,D43
Unknown class,Japan,Japan_007990.xml,D50
Unknown class,Japan,Japan_007990.xml,D50
Unknown class,Japan,Japan_007991.xml,D50
Unknown class,Japan,Japan_007993.xml,D43
Unknown class,Japan,Japan_007994.xml,D50
Unknown class,Japan,Japan_007994.xml,D50
Unknown class,Japan,Japan_007994.xml,D50
Unknown class,Japan,Japan_007999.xml,D44
Unknown class,Japan,Japan_007999.xml,D44
Unknown class,Japan,Japan_008000.xml,D44
Unknown class,Japan,Japan_008003.xml,D44
Unknown class,Japan,Japan_008003.xml,D50
Unknown class,Japan,Japan_008007.xml,D50
Unknown class,Japan,Japan_008008.xml,D44
Unknown class,Japan,Japan_008008.xml,D44
Unknown class,Japan,Japan_008009.xml,D44
Unknown class,Japan,Japan_008010.xml,D44
Unknown class,Japan,Japan_008013.xml,D44
Unknown class,Japan,Japan_008020.xml,D50
Unknown class,Japan,Japan_008027.xml,D43
Unknown class,Japan,Japan_008027.xml,D44
Unknown class,Japan,Japan_008027.xml,D44
Unknown class,Japan,Japan_008032.xml,D44
Unknown class,Japan,Japan_008032.xml,D43
Unknown class,Japan,Japan_008033.xml,D50
Unknown class,Japan,Japan_008036.xml,D44
Unknown class,Japan,Japan_008037.xml,D44
Unknown class,Japan,Japan_008037.xml,D50
Unknown class,Japan,Japan_008039.xml,D44
Unknown class,Japan,Japan_008043.xml,D44
Unknown class,Japan,Japan_008044.xml,D50
Unknown class,Japan,Japan_008044.xml,D50
Unknown class,Japan,Japan_008047.xml,D44
Unknown class,Japan,Japan_008049.xml,D43
Unknown class,Japan,Japan_008050.xml,D50
Unknown class,Japan,Japan_008050.xml,D50
Unknown class,Japan,Japan_008052.xml,D50
Unknown class,Japan,Japan_008052.xml,D50
Unknown class,Japan,Japan_008055.xml,D50
Unknown class,Japan,Japan_008056.xml,D44
Unknown class,Japan,Japan_008063.xml,D44
Unknown class,Japan,Japan_008064.xml,D43
Unknown class,Japan,Japan_008066.xml,D50
Unknown class,Japan,Japan_008068.xml,D44
Unknown class,Japan,Japan_008068.xml,D44
Unknown class,Japan,Japan_008070.xml,D43
Unknown class,Japan,Japan_008070.xml,D44
Unknown class,Japan,Japan_008070.xml,D50
Unknown class,Japan,Japan_008071.xml,D50
Unknown class,Japan,Japan_008072.xml,D44
Unknown class,Japan,Japan_008073.xml,D44
Unknown class,Japan,Japan_008074.xml,D44
Unknown class,Japan,Japan_008077.xml,D44
Unknown class,Japan,Japan_008077.xml,D50
Unknown class,Japan,Japan_008077.xml,D50
Unknown class,Japan,Japan_008078.xml,D44
Unknown class,Japan,Japan_008079.xml,D44
Unknown class,Japan,Japan_008093.xml,D50
Unknown class,Japan,Japan_008093.xml,D50
Unknown class,Japan,Japan_008093.xml,D50
Unknown class,Japan,Japan_008093.xml,D50
Unknown class,Japan,Japan_008094.xml,D50
Unknown class,Japan,Japan_008094.xml,D50
Unknown class,Japan,Japan_008094.xml,D50
Unknown class,Japan,Japan_008094.xml,D50
Unknown class,Japan,Japan_008096.xml,D44
Unknown class,Japan,Japan_008098.xml,D50
Unknown class,Japan,Japan_008100.xml,D44
Unknown class,Japan,Japan_008100.xml,D44
Unknown class,Japan,Japan_008101.xml,D43
Unknown class,Japan,Japan_008101.xml,D44
Unknown class,Japan,Japan_008102.xml,D50
Unknown class,Japan,Japan_008102.xml,D50
Unknown class,Japan,Japan_008102.xml,D50
Unknown class,Japan,Japan_008103.xml,D44
Unknown class,Japan,Japan_008107.xml,D44
Unknown class,Japan,Japan_008108.xml,D50
Unknown class,Japan,Japan_008109.xml,D43
Unknown class,Japan,Japan_008112.xml,D44
Unknown class,Japan,Japan_008113.xml,D44
Unknown class,Japan,Japan_008113.xml,D44
Unknown class,Japan,Japan_008114.xml,D44
Unknown class,Japan,Japan_008114.xml,D50
Unknown class,Japan,Japan_008115.xml,D44
Unknown class,Japan,Japan_008120.xml,D50
Unknown class,Japan,Japan_008120.xml,D50
Unknown class,Japan,Japan_008120.xml,D44
Unknown class,Japan,Japan_008120.xml,D50
Unknown class,Japan,Japan_008121.xml,D44
Unknown class,Japan,Japan_008121.xml,D50
Unknown class,Japan,Japan_008122.xml,D50
Unknown class,Japan,Japan_008124.xml,D44
Unknown class,Japan,Japan_008127.xml,D44
Unknown class,Japan,Japan_008127.xml,D50
Unknown class,Japan,Japan_008128.xml,D50
Unknown class,Japan,Japan_008128.xml,D50
Unknown class,Japan,Japan_008130.xml,D50
Unknown class,Japan,Japan_008131.xml,D50
Unknown class,Japan,Japan_008135.xml,D50
Unknown class,Japan,Japan_008135.xml,D50
Unknown class,Japan,Japan_008137.xml,D50
Unknown class,Japan,Japan_008140.xml,D44
Unknown class,Japan,Japan_008142.xml,D44
Unknown class,Japan,Japan_008142.xml,D44
Unknown class,Japan,Japan_008148.xml,D44
Unknown class,Japan,Japan_008148.xml,D44
Unknown class,Japan,Japan_008150.xml,D44
Unknown class,Japan,Japan_008150.xml,D44
Unknown class,Japan,Japan_008151.xml,D50
Unknown class,Japan,Japan_008151.xml,D50
Unknown class,Japan,Japan_008154.xml,D43
Unknown class,Japan,Japan_008156.xml,D50
Unknown class,Japan,Japan_008158.xml,D50
Unknown class,Japan,Japan_008160.xml,D44
Unknown class,Japan,Japan_008161.xml,D44
Unknown class,Japan,Japan_008164.xml,D44
Unknown class,Japan,Japan_008164.xml,D44
Unknown class,Japan,Japan_008165.xml,D44
Unknown class,Japan,Japan_008167.xml,D43
Unknown class,Japan,Japan_008168.xml,D50
Unknown class,Japan,Japan_008169.xml,D44
Unknown class,Japan,Japan_008170.xml,D50
Unknown class,Japan,Japan_008170.xml,D50
Unknown class,Japan,Japan_008171.xml,D50
Unknown class,Japan,Japan_008173.xml,D44
Unknown class,Japan,Japan_008173.xml,D44
Unknown class,Japan,Japan_008174.xml,D43
Unknown class,Japan,Japan_008176.xml,D50
Unknown class,Japan,Japan_008176.xml,D43
Unknown class,Japan,Japan_008176.xml,D50
Unknown class,Japan,Japan_008183.xml,D44
Unknown class,Japan,Japan_008189.xml,D50
Unknown class,Japan,Japan_008191.xml,D50
Unknown class,Japan,Japan_008193.xml,D43
Unknown class,Japan,Japan_008193.xml,D50
Unknown class,Japan,Japan_008199.xml,D44
Unknown class,Japan,Japan_008200.xml,D44
Unknown class,Japan,Japan_008200.xml,D44
Unknown class,Japan,Japan_008200.xml,D50
Unknown class,Japan,Japan_008202.xml,D44
Unknown class,Japan,Japan_008202.xml,D50
Unknown class,Japan,Japan_008205.xml,D44
Unknown class,Japan,Japan_008206.xml,D50
Unknown class,Japan,Japan_008207.xml,D44
Unknown class,Japan,Japan_008209.xml,D50
Unknown class,Japan,Japan_008211.xml,D44
Unknown class,Japan,Japan_008211.xml,D50
Unknown class,Japan,Japan_008214.xml,D43
Unknown class,Japan,Japan_008214.xml,D43
Unknown class,Japan,Japan_008214.xml,D50
Unknown class,Japan,Japan_008216.xml,D44
Unknown class,Japan,Japan_008217.xml,D50
Unknown class,Japan,Japan_008218.xml,D44
Unknown class,Japan,Japan_008218.xml,D44
Unknown class,Japan,Japan_008221.xml,D50
Unknown class,Japan,Japan_008221.xml,D50
Unknown class,Japan,Japan_008222.xml,D43
Unknown class,Japan,Japan_008226.xml,D50
Unknown class,Japan,Japan_008226.xml,D50
Unknown class,Japan,Japan_008226.xml,D50
Unknown class,Japan,Japan_008226.xml,D50
Unknown class,Japan,Japan_008228.xml,D50
Unknown class,Japan,Japan_008234.xml,D44
Unknown class,Japan,Japan_008235.xml,D50
Unknown class,Japan,Japan_008236.xml,D50
Unknown class,Japan,Japan_008237.xml,D44
Unknown class,Japan,Japan_008238.xml,D50
Unknown class,Japan,Japan_008238.xml,D50
Unknown class,Japan,Japan_008243.xml,D44
Unknown class,Japan,Japan_008245.xml,D50
Unknown class,Japan,Japan_008247.xml,D44
Unknown class,Japan,Japan_008247.xml,D44
Unknown class,Japan,Japan_008249.xml,D44
Unknown class,Japan,Japan_008250.xml,D44
Unknown class,Japan,Japan_008250.xml,D50
Unknown class,Japan,Japan_008250.xml,D50
Unknown class,Japan,Japan_008257.xml,D44
Unknown class,Japan,Japan_008261.xml,D44
Unknown class,Japan,Japan_008263.xml,D43
Unknown class,Japan,Japan_008263.xml,D50
Unknown class,Japan,Japan_008264.xml,D50
Unknown class,Japan,Japan_008267.xml,D50
Unknown class,Japan,Japan_008270.xml,D44
Unknown class,Japan,Japan_008271.xml,D44
Unknown class,Japan,Japan_008272.xml,D44
Unknown class,Japan,Japan_008275.xml,D50
Unknown class,Japan,Japan_008276.xml,D50
Unknown class,Japan,Japan_008277.xml,D44
Unknown class,Japan,Japan_008277.xml,D44
Unknown class,Japan,Japan_008280.xml,D44
Unknown class,Japan,Japan_008280.xml,D44
Unknown class,Japan,Japan_008281.xml,D44
Unknown class,Japan,Japan_008281.xml,D44
Unknown class,Japan,Japan_008282.xml,D44
Unknown class,Japan,Japan_008283.xml,D43
Unknown class,Japan,Japan_008286.xml,D44
Unknown class,Japan,Japan_008289.xml,D50
Unknown class,Japan,Japan_008292.xml,D44
Unknown class,Japan,Japan_008292.xml,D50
Unknown class,Japan,Japan_008292.xml,D50
Unknown class,Japan,Japan_008298.xml,D50
Unknown class,Japan,Japan_008301.xml,D44
Unknown class,Japan,Japan_008302.xml,D44
Unknown class,Japan,Japan_008302.xml,D50
Unknown class,Japan,Japan_008302.xml,D50
Unknown class,Japan,Japan_008303.xml,D50
Unknown class,Japan,Japan_008304.xml,D44
Unknown class,Japan,Japan_008308.xml,D50
Unknown class,Japan,Japan_008308.xml,D50
Unknown class,Japan,Japan_008313.xml,D50
Unknown class,Japan,Japan_008316.xml,D44
Unknown class,Japan,Japan_008321.xml,D43
Unknown class,Japan,Japan_008322.xml,D44
Unknown class,Japan,Japan_008322.xml,D50
Unknown class,Japan,Japan_008323.xml,D44
Unknown class,Japan,Japan_008325.xml,D44
Unknown class,Japan,Japan_008325.xml,D44
Unknown class,Japan,Japan_008327.xml,D50
Unknown class,Japan,Japan_008333.xml,D50
Unknown class,Japan,Japan_008333.xml,D50
Unknown class,Japan,Japan_008334.xml,D44
Unknown class,Japan,Japan_008336.xml,D44
Unknown class,Japan,Japan_008340.xml,D44
Unknown class,Japan,Japan_008342.xml,D44
Unknown class,Japan,Japan_008342.xml,D50
Unknown class,Japan,Japan_008344.xml,D44
Unknown class,Japan,Japan_008346.xml,D44
Unknown class,Japan,Japan_008347.xml,D44
Unknown class,Japan,Japan_008347.xml,D44
Unknown class,Japan,Japan_008349.xml,D44
Unknown class,Japan,Japan_008351.xml,D50
Unknown class,Japan,Japan_008351.xml,D50
Unknown class,Japan,Japan_008351.xml,D50
Unknown class,Japan,Japan_008352.xml,D50
Unknown class,Japan,Japan_008353.xml,D50
Unknown class,Japan,Japan_008354.xml,D44
Unknown class,Japan,Japan_008356.xml,D50
Unknown class,Japan,Japan_008356.xml,D50
Unknown class,Japan,Japan_008356.xml,D50
Unknown class,Japan,Japan_008361.xml,D50
Unknown class,Japan,Japan_008361.xml,D50
Unknown class,Japan,Japan_008361.xml,D50
Unknown class,Japan,Japan_008361.xml,D50
Unknown class,Japan,Japan_008363.xml,D50
Unknown class,Japan,Japan_008366.xml,D44
Unknown class,Japan,Japan_008367.xml,D50
Unknown class,Japan,Japan_008368.xml,D44
Unknown class,Japan,Japan_008370.xml,D44
Unknown class,Japan,Japan_008370.xml,D50
Unknown class,Japan,Japan_008370.xml,D50
Unknown class,Japan,Japan_008371.xml,D44
Unknown class,Japan,Japan_008373.xml,D50
Unknown class,Japan,Japan_008373.xml,D50
Unknown class,Japan,Japan_008373.xml,D50
Unknown class,Japan,Japan_008375.xml,D44
Unknown class,Japan,Japan_008378.xml,D44
Unknown class,Japan,Japan_008382.xml,D44
Unknown class,Japan,Japan_008383.xml,D50
Unknown class,Japan,Japan_008387.xml,D50
Unknown class,Japan,Japan_008391.xml,D44
Unknown class,Japan,Japan_008393.xml,D44
Unknown class,Japan,Japan_008401.xml,D50
Unknown class,Japan,Japan_008403.xml,D44
Unknown class,Japan,Japan_008403.xml,D44
Unknown class,Japan,Japan_008407.xml,D44
Unknown class,Japan,Japan_008409.xml,D43
Unknown class,Japan,Japan_008413.xml,D44
Unknown class,Japan,Japan_008413.xml,D44
Unknown class,Japan,Japan_008413.xml,D44
Unknown class,Japan,Japan_008413.xml,D44
Unknown class,Japan,Japan_008414.xml,D44
Unknown class,Japan,Japan_008415.xml,D44
Unknown class,Japan,Japan_008415.xml,D50
Unknown class,Japan,Japan_008418.xml,D44
Unknown class,Japan,Japan_008421.xml,D44
Unknown class,Japan,Japan_008422.xml,D44
Unknown class,Japan,Japan_008422.xml,D43
Unknown class,Japan,Japan_008426.xml,D44
Unknown class,Japan,Japan_008429.xml,D44
Unknown class,Japan,Japan_008429.xml,D44
Unknown class,Japan,Japan_008433.xml,D44
Unknown class,Japan,Japan_008435.xml,D44
Unknown class,Japan,Japan_008438.xml,D50
Unknown class,Japan,Japan_008438.xml,D44
Unknown class,Japan,Japan_008439.xml,D50
Unknown class,Japan,Japan_008440.xml,D44
Unknown class,Japan,Japan_008440.xml,D44
Unknown class,Japan,Japan_008443.xml,D44
Unknown class,Japan,Japan_008443.xml,D44
Unknown class,Japan,Japan_008443.xml,D43
Unknown class,Japan,Japan_008444.xml,D44
Unknown class,Japan,Japan_008444.xml,D50
Unknown class,Japan,Japan_008444.xml,D44
Unknown class,Japan,Japan_008445.xml,D43
Unknown class,Japan,Japan_008445.xml,D50
Unknown class,Japan,Japan_008446.xml,D50
Unknown class,Japan,Japan_008447.xml,D50
Unknown class,Japan,Japan_008449.xml,D44
Unknown class,Japan,Japan_008449.xml,D50
Unknown class,Japan,Japan_008450.xml,D50
Unknown class,Japan,Japan_008450.xml,D50
Unknown class,Japan,Japan_008451.xml,D44
Unknown class,Japan,Japan_008451.xml,D44
Unknown class,Japan,Japan_008452.xml,D44
Unknown class,Japan,Japan_008460.xml,D44
Unknown class,Japan,Japan_008461.xml,D50
Unknown class,Japan,Japan_008464.xml,D44
Unknown class,Japan,Japan_008465.xml,D50
Unknown class,Japan,Japan_008467.xml,D43
Unknown class,Japan,Japan_008467.xml,D43
Unknown class,Japan,Japan_008467.xml,D50
Unknown class,Japan,Japan_008467.xml,D50
Unknown class,Japan,Japan_008467.xml,D50
Unknown class,Japan,Japan_008471.xml,D50
Unknown class,Japan,Japan_008471.xml,D50
Unknown class,Japan,Japan_008472.xml,D43
Unknown class,Japan,Japan_008472.xml,D50
Unknown class,Japan,Japan_008472.xml,D50
Unknown class,Japan,Japan_008473.xml,D44
Unknown class,Japan,Japan_008473.xml,D44
Unknown class,Japan,Japan_008477.xml,D44
Unknown class,Japan,Japan_008477.xml,D44
Unknown class,Japan,Japan_008478.xml,D50
Unknown class,Japan,Japan_008478.xml,D50
Unknown class,Japan,Japan_008479.xml,D43
Unknown class,Japan,Japan_008480.xml,D44
Unknown class,Japan,Japan_008483.xml,D44
Unknown class,Japan,Japan_008486.xml,D50
Unknown class,Japan,Japan_008488.xml,D44
Unknown class,Japan,Japan_008493.xml,D44
Unknown class,Japan,Japan_008493.xml,D43
Unknown class,Japan,Japan_008493.xml,D50
Unknown class,Japan,Japan_008494.xml,D50
Unknown class,Japan,Japan_008494.xml,D50
Unknown class,Japan,Japan_008497.xml,D50
Unknown class,Japan,Japan_008497.xml,D50
Unknown class,Japan,Japan_008500.xml,D44
Unknown class,Japan,Japan_008502.xml,D44
Unknown class,Japan,Japan_008502.xml,D50
Unknown class,Japan,Japan_008504.xml,D44
Unknown class,Japan,Japan_008505.xml,D43
Unknown class,Japan,Japan_008507.xml,D50
Unknown class,Japan,Japan_008507.xml,D50
Unknown class,Japan,Japan_008508.xml,D43
Unknown class,Japan,Japan_008512.xml,D50
Unknown class,Japan,Japan_008513.xml,D44
Unknown class,Japan,Japan_008516.xml,D44
Unknown class,Japan,Japan_008518.xml,D43
Unknown class,Japan,Japan_008522.xml,D50
Unknown class,Japan,Japan_008523.xml,D50
Unknown class,Japan,Japan_008528.xml,D50
Unknown class,Japan,Japan_008528.xml,D50
Unknown class,Japan,Japan_008528.xml,D50
Unknown class,Japan,Japan_008528.xml,D50
Unknown class,Japan,Japan_008530.xml,D43
Unknown class,Japan,Japan_008534.xml,D44
Unknown class,Japan,Japan_008539.xml,D44
Unknown class,Japan,Japan_008539.xml,D50
Unknown class,Japan,Japan_008539.xml,D50
Unknown class,Japan,Japan_008540.xml,D44
Unknown class,Japan,Japan_008540.xml,D44
Unknown class,Japan,Japan_008541.xml,D44
Unknown class,Japan,Japan_008546.xml,D50
Unknown class,Japan,Japan_008546.xml,D50
Unknown class,Japan,Japan_008550.xml,D50
Unknown class,Japan,Japan_008551.xml,D44
Unknown class,Japan,Japan_008554.xml,D50
Unknown class,Japan,Japan_008557.xml,D50
Unknown class,Japan,Japan_008558.xml,D50
Unknown class,Japan,Japan_008558.xml,D43
Unknown class,Japan,Japan_008560.xml,D43
Unknown class,Japan,Japan_008560.xml,D50
Unknown class,Japan,Japan_008560.xml,D43
Unknown class,Japan,Japan_008561.xml,D44
Unknown class,Japan,Japan_008562.xml,D44
Unknown class,Japan,Japan_008569.xml,D50
Unknown class,Japan,Japan_008569.xml,D50
Unknown class,Japan,Japan_008571.xml,D50
Unknown class,Japan,Japan_008574.xml,D44
Unknown class,Japan,Japan_008574.xml,D44
Unknown class,Japan,Japan_008579.xml,D50
Unknown class,Japan,Japan_008579.xml,D50
Unknown class,Japan,Japan_008580.xml,D44
Unknown class,Japan,Japan_008581.xml,D44
Unknown class,Japan,Japan_008583.xml,D44
Unknown class,Japan,Japan_008584.xml,D44
Unknown class,Japan,Japan_008585.xml,D43
Unknown class,Japan,Japan_008589.xml,D43
Unknown class,Japan,Japan_008593.xml,D44
Unknown class,Japan,Japan_008594.xml,D44
Unknown class,Japan,Japan_008596.xml,D44
Unknown class,Japan,Japan_008597.xml,D50
Unknown class,Japan,Japan_008599.xml,D50
Unknown class,Japan,Japan_008599.xml,D50
Unknown class,Japan,Japan_008599.xml,D50
Unknown class,Japan,Japan_008599.xml,D44
Unknown class,Japan,Japan_008601.xml,D44
Unknown class,Japan,Japan_008601.xml,D44
Unknown class,Japan,Japan_008603.xml,D50
Unknown class,Japan,Japan_008606.xml,D50
Unknown class,Japan,Japan_008606.xml,D50
Unknown class,Japan,Japan_008607.xml,D44
Unknown class,Japan,Japan_008608.xml,D44
Unknown class,Japan,Japan_008608.xml,D44
Unknown class,Japan,Japan_008609.xml,D50
Unknown class,Japan,Japan_008611.xml,D50
Unknown class,Japan,Japan_008611.xml,D50
Unknown class,Japan,Japan_008614.xml,D44
Unknown class,Japan,Japan_008615.xml,D50
Unknown class,Japan,Japan_008617.xml,D44
Unknown class,Japan,Japan_008618.xml,D50
Unknown class,Japan,Japan_008621.xml,D44
Unknown class,Japan,Japan_008623.xml,D50
Unknown class,Japan,Japan_008623.xml,D50
Unknown class,Japan,Japan_008625.xml,D50
Unknown class,Japan,Japan_008627.xml,D44
Unknown class,Japan,Japan_008629.xml,D44
Unknown class,Japan,Japan_008630.xml,D50
Unknown class,Japan,Japan_008632.xml,D50
Unknown class,Japan,Japan_008638.xml,D44
Unknown class,Japan,Japan_008638.xml,D44
Unknown class,Japan,Japan_008639.xml,D50
Unknown class,Japan,Japan_008640.xml,D50
Unknown class,Japan,Japan_008644.xml,D44
Unknown class,Japan,Japan_008644.xml,D44
Unknown class,Japan,Japan_008647.xml,D43
Unknown class,Japan,Japan_008648.xml,D44
Unknown class,Japan,Japan_008648.xml,D50
Unknown class,Japan,Japan_008649.xml,D50
Unknown class,Japan,Japan_008651.xml,D50
Unknown class,Japan,Japan_008657.xml,D50
Unknown class,Japan,Japan_008658.xml,D44
Unknown class,Japan,Japan_008658.xml,D44
Unknown class,Japan,Japan_008659.xml,D50
Unknown class,Japan,Japan_008660.xml,D44
Unknown class,Japan,Japan_008661.xml,D44
Unknown class,Japan,Japan_008663.xml,D44
Unknown class,Japan,Japan_008663.xml,D50
Unknown class,Japan,Japan_008667.xml,D43
Unknown class,Japan,Japan_008669.xml,D44
Unknown class,Japan,Japan_008672.xml,D44
Unknown class,Japan,Japan_008674.xml,D44
Unknown class,Japan,Japan_008674.xml,D44
Unknown class,Japan,Japan_008677.xml,D44
Unknown class,Japan,Japan_008677.xml,D50
Unknown class,Japan,Japan_008679.xml,D44
Unknown class,Japan,Japan_008679.xml,D44
Unknown class,Japan,Japan_008682.xml,D44
Unknown class,Japan,Japan_008685.xml,D43
Unknown class,Japan,Japan_008685.xml,D43
Unknown class,Japan,Japan_008686.xml,D50
Unknown class,Japan,Japan_008689.xml,D50
Unknown class,Japan,Japan_008692.xml,D50
Unknown class,Japan,Japan_008693.xml,D50
Unknown class,Japan,Japan_008693.xml,D50
Unknown class,Japan,Japan_008696.xml,D44
Unknown class,Japan,Japan_008696.xml,D44
Unknown class,Japan,Japan_008696.xml,D50
Unknown class,Japan,Japan_008697.xml,D44
Unknown class,Japan,Japan_008702.xml,D44
Unknown class,Japan,Japan_008704.xml,D44
Unknown class,Japan,Japan_008709.xml,D44
Unknown class,Japan,Japan_008709.xml,D50
Unknown class,Japan,Japan_008710.xml,D44
Unknown class,Japan,Japan_008710.xml,D50
Unknown class,Japan,Japan_008716.xml,D43
Unknown class,Japan,Japan_008723.xml,D44
Unknown class,Japan,Japan_008731.xml,D44
Unknown class,Japan,Japan_008736.xml,D50
Unknown class,Japan,Japan_008738.xml,D50
Unknown class,Japan,Japan_008738.xml,D50
Unknown class,Japan,Japan_008745.xml,D50
Unknown class,Japan,Japan_008746.xml,D44
Unknown class,Japan,Japan_008748.xml,D50
Unknown class,Japan,Japan_008748.xml,D44
Unknown class,Japan,Japan_008749.xml,D50
Unknown class,Japan,Japan_008750.xml,D44
Unknown class,Japan,Japan_008750.xml,D50
Unknown class,Japan,Japan_008750.xml,D50
Unknown class,Japan,Japan_008752.xml,D50
Unknown class,Japan,Japan_008752.xml,D50
Unknown class,Japan,Japan_008755.xml,D50
Unknown class,Japan,Japan_008756.xml,D44
Unknown class,Japan,Japan_008760.xml,D50
Unknown class,Japan,Japan_008761.xml,D50
Unknown class,Japan,Japan_008769.xml,D44
Unknown class,Japan,Japan_008770.xml,D44
Unknown class,Japan,Japan_008771.xml,D50
Unknown class,Japan,Japan_008773.xml,D44
Unknown class,Japan,Japan_008774.xml,D50
Unknown class,Japan,Japan_008776.xml,D43
Unknown class,Japan,Japan_008782.xml,D50
Unknown class,Japan,Japan_008784.xml,D44
Unknown class,Japan,Japan_008785.xml,D50
Unknown class,Japan,Japan_008792.xml,D44
Unknown class,Japan,Japan_008793.xml,D44
Unknown class,Japan,Japan_008796.xml,D43
Unknown class,Japan,Japan_008797.xml,D43
Unknown class,Japan,Japan_008797.xml,D50
Unknown class,Japan,Japan_008799.xml,D50
Unknown class,Japan,Japan_008800.xml,D44
Unknown class,Japan,Japan_008801.xml,D44
Unknown class,Japan,Japan_008801.xml,D44
Unknown class,Japan,Japan_008802.xml,D44
Unknown class,Japan,Japan_008802.xml,D43
Unknown class,Japan,Japan_008802.xml,D43
Unknown class,Japan,Japan_008802.xml,D43
Unknown class,Japan,Japan_008802.xml,D43
Unknown class,Japan,Japan_008802.xml,D50
Unknown class,Japan,Japan_008802.xml,D50
Unknown class,Japan,Japan_008803.xml,D44
Unknown class,Japan,Japan_008803.xml,D44
Unknown class,Japan,Japan_008807.xml,D44
Unknown class,Japan,Japan_008808.xml,D43
Unknown class,Japan,Japan_008810.xml,D44
Unknown class,Japan,Japan_008811.xml,D43
Unknown class,Japan,Japan_008811.xml,D50
Unknown class,Japan,Japan_008813.xml,D50
Unknown class,Japan,Japan_008813.xml,D50
Unknown class,Japan,Japan_008815.xml,D44
Unknown class,Japan,Japan_008817.xml,D44
Unknown class,Japan,Japan_008824.xml,D44
Unknown class,Japan,Japan_008824.xml,D44
Unknown class,Japan,Japan_008827.xml,D44
Unknown class,Japan,Japan_008828.xml,D44
Unknown class,Japan,Japan_008832.xml,D44
Unknown class,Japan,Japan_008832.xml,D44
Unknown class,Japan,Japan_008835.xml,D44
Unknown class,Japan,Japan_008837.xml,D50
Unknown class,Japan,Japan_008842.xml,D50
Unknown class,Japan,Japan_008845.xml,D50
Unknown class,Japan,Japan_008846.xml,D43
Unknown class,Japan,Japan_008849.xml,D44
Unknown class,Japan,Japan_008849.xml,D50
Unknown class,Japan,Japan_008851.xml,D44
Unknown class,Japan,Japan_008852.xml,D50
Unknown class,Japan,Japan_008852.xml,D50
Unknown class,Japan,Japan_008854.xml,D44
Unknown class,Japan,Japan_008854.xml,D44
Unknown class,Japan,Japan_008858.xml,D44
Unknown class,Japan,Japan_008860.xml,D44
Unknown class,Japan,Japan_008860.xml,D50
Unknown class,Japan,Japan_008863.xml,D44
Unknown class,Japan,Japan_008863.xml,D44
Unknown class,Japan,Japan_008864.xml,D44
Unknown class,Japan,Japan_008865.xml,D44
Unknown class,Japan,Japan_008867.xml,D44
Unknown class,Japan,Japan_008867.xml,D43
Unknown class,Japan,Japan_008867.xml,D43
Unknown class,Japan,Japan_008869.xml,D50
Unknown class,Japan,Japan_008870.xml,D50
Unknown class,Japan,Japan_008872.xml,D44
Unknown class,Japan,Japan_008873.xml,D50
Unknown class,Japan,Japan_008875.xml,D43
Unknown class,Japan,Japan_008875.xml,D50
Unknown class,Japan,Japan_008877.xml,D44
Unknown class,Japan,Japan_008877.xml,D50
Unknown class,Japan,Japan_008878.xml,D50
Unknown class,Japan,Japan_008878.xml,D50
Unknown class,Japan,Japan_008880.xml,D44
Unknown class,Japan,Japan_008885.xml,D43
Unknown class,Japan,Japan_008885.xml,D43
Unknown class,Japan,Japan_008885.xml,D50
Unknown class,Japan,Japan_008885.xml,D50
Unknown class,Japan,Japan_008892.xml,D50
Unknown class,Japan,Japan_008895.xml,D44
Unknown class,Japan,Japan_008895.xml,D44
Unknown class,Japan,Japan_008895.xml,D50
Unknown class,Japan,Japan_008896.xml,D50
Unknown class,Japan,Japan_008896.xml,D50
Unknown class,Japan,Japan_008896.xml,D50
Unknown class,Japan,Japan_008901.xml,D50
Unknown class,Japan,Japan_008903.xml,D43
Unknown class,Japan,Japan_008903.xml,D44
Unknown class,Japan,Japan_008904.xml,D44
Unknown class,Japan,Japan_008904.xml,D44
Unknown class,Japan,Japan_008905.xml,D43
Unknown class,Japan,Japan_008907.xml,D43
Unknown class,Japan,Japan_008907.xml,D50
Unknown class,Japan,Japan_008910.xml,D50
Unknown class,Japan,Japan_008911.xml,D44
Unknown class,Japan,Japan_008913.xml,D50
Unknown class,Japan,Japan_008915.xml,D44
Unknown class,Japan,Japan_008915.xml,D44
Unknown class,Japan,Japan_008915.xml,D50
Unknown class,Japan,Japan_008916.xml,D50
Unknown class,Japan,Japan_008919.xml,D44
Unknown class,Japan,Japan_008919.xml,D50
Unknown class,Japan,Japan_008919.xml,D50
Unknown class,Japan,Japan_008919.xml,D50
Unknown class,Japan,Japan_008919.xml,D50
Unknown class,Japan,Japan_008919.xml,D50
Unknown class,Japan,Japan_008920.xml,D50
Unknown class,Japan,Japan_008920.xml,D50
Unknown class,Japan,Japan_008920.xml,D50
Unknown class,Japan,Japan_008920.xml,D44
Unknown class,Japan,Japan_008922.xml,D44
Unknown class,Japan,Japan_008925.xml,D44
Unknown class,Japan,Japan_008926.xml,D50
Unknown class,Japan,Japan_008928.xml,D44
Unknown class,Japan,Japan_008928.xml,D44
Unknown class,Japan,Japan_008933.xml,D44
Unknown class,Japan,Japan_008940.xml,D50
Unknown class,Japan,Japan_008944.xml,D44
Unknown class,Japan,Japan_008947.xml,D50
Unknown class,Japan,Japan_008948.xml,D44
Unknown class,Japan,Japan_008949.xml,D44
Unknown class,Japan,Japan_008953.xml,D44
Unknown class,Japan,Japan_008956.xml,D44
Unknown class,Japan,Japan_008959.xml,D50
Unknown class,Japan,Japan_008959.xml,D50
Unknown class,Japan,Japan_008960.xml,D44
Unknown class,Japan,Japan_008961.xml,D43
Unknown class,Japan,Japan_008961.xml,D43
Unknown class,Japan,Japan_008962.xml,D44
Unknown class,Japan,Japan_008962.xml,D44
Unknown class,Japan,Japan_008963.xml,D43
Unknown class,Japan,Japan_008965.xml,D44
Unknown class,Japan,Japan_008967.xml,D43
Unknown class,Japan,Japan_008967.xml,D50
Unknown class,Japan,Japan_008967.xml,D43
Unknown class,Japan,Japan_008968.xml,D50
Unknown class,Japan,Japan_008969.xml,D50
Unknown class,Japan,Japan_008970.xml,D44
Unknown class,Japan,Japan_008970.xml,D44
Unknown class,Japan,Japan_008972.xml,D44
Unknown class,Japan,Japan_008972.xml,D44
Unknown class,Japan,Japan_008975.xml,D50
Unknown class,Japan,Japan_008976.xml,D44
Unknown class,Japan,Japan_008982.xml,D44
Unknown class,Japan,Japan_008982.xml,D44
Unknown class,Japan,Japan_008983.xml,D50
Unknown class,Japan,Japan_008983.xml,D44
Unknown class,Japan,Japan_008983.xml,D44
Unknown class,Japan,Japan_008985.xml,D50
Unknown class,Japan,Japan_008987.xml,D44
Unknown class,Japan,Japan_008987.xml,D43
Unknown class,Japan,Japan_008988.xml,D50
Unknown class,Japan,Japan_008990.xml,D50
Unknown class,Japan,Japan_008991.xml,D44
Unknown class,Japan,Japan_008991.xml,D44
Unknown class,Japan,Japan_008992.xml,D44
Unknown class,Japan,Japan_008993.xml,D44
Unknown class,Japan,Japan_008995.xml,D50
Unknown class,Japan,Japan_008996.xml,D50
Unknown class,Japan,Japan_008996.xml,D50
Unknown class,Japan,Japan_008999.xml,D44
Unknown class,Japan,Japan_008999.xml,D44
Unknown class,Japan,Japan_009004.xml,D50
Unknown class,Japan,Japan_009004.xml,D50
Unknown class,Japan,Japan_009008.xml,D43
Unknown class,Japan,Japan_009013.xml,D43
Unknown class,Japan,Japan_009017.xml,D50
Unknown class,Japan,Japan_009017.xml,D50
Unknown class,Japan,Japan_009020.xml,D43
Unknown class,Japan,Japan_009020.xml,D44
Unknown class,Japan,Japan_009021.xml,D50
Unknown class,Japan,Japan_009021.xml,D50
Unknown class,Japan,Japan_009022.xml,D44
Unknown class,Japan,Japan_009022.xml,D44
Unknown class,Japan,Japan_009027.xml,D44
Unknown class,Japan,Japan_009030.xml,D44
Unknown class,Japan,Japan_009030.xml,D44
Unknown class,Japan,Japan_009031.xml,D50
Unknown class,Japan,Japan_009031.xml,D44
Unknown class,Japan,Japan_009037.xml,D44
Unknown class,Japan,Japan_009039.xml,D43
Unknown class,Japan,Japan_009039.xml,D44
Unknown class,Japan,Japan_009041.xml,D44
Unknown class,Japan,Japan_009041.xml,D44
Unknown class,Japan,Japan_009042.xml,D44
Unknown class,Japan,Japan_009042.xml,D50
Unknown class,Japan,Japan_009042.xml,D50
Unknown class,Japan,Japan_009044.xml,D50
Unknown class,Japan,Japan_009044.xml,D44
Unknown class,Japan,Japan_009045.xml,D44
Unknown class,Japan,Japan_009049.xml,D44
Unknown class,Japan,Japan_009051.xml,D44
Unknown class,Japan,Japan_009051.xml,D44
Unknown class,Japan,Japan_009052.xml,D44
Unknown class,Japan,Japan_009053.xml,D44
Unknown class,Japan,Japan_009068.xml,D50
Unknown class,Japan,Japan_009074.xml,D44
Unknown class,Japan,Japan_009076.xml,D44
Unknown class,Japan,Japan_009079.xml,D43
Unknown class,Japan,Japan_009079.xml,D50
Unknown class,Japan,Japan_009080.xml,D43
Unknown class,Japan,Japan_009081.xml,D44
Unknown class,Japan,Japan_009081.xml,D50
Unknown class,Japan,Japan_009083.xml,D50
Unknown class,Japan,Japan_009086.xml,D44
Unknown class,Japan,Japan_009089.xml,D44
Unknown class,Japan,Japan_009092.xml,D50
Unknown class,Japan,Japan_009093.xml,D44
Unknown class,Japan,Japan_009094.xml,D50
Unknown class,Japan,Japan_009094.xml,D44
Unknown class,Japan,Japan_009095.xml,D44
Unknown class,Japan,Japan_009096.xml,D50
Unknown class,Japan,Japan_009097.xml,D44
Unknown class,Japan,Japan_009099.xml,D44
Unknown class,Japan,Japan_009099.xml,D44
Unknown class,Japan,Japan_009100.xml,D44
Unknown class,Japan,Japan_009102.xml,D44
Unknown class,Japan,Japan_009104.xml,D44
Unknown class,Japan,Japan_009104.xml,D44
Unknown class,Japan,Japan_009105.xml,D43
Unknown class,Japan,Japan_009105.xml,D50
Unknown class,Japan,Japan_009109.xml,D44
Unknown class,Japan,Japan_009110.xml,D44
Unknown class,Japan,Japan_009113.xml,D44
Unknown class,Japan,Japan_009113.xml,D50
Unknown class,Japan,Japan_009116.xml,D50
Unknown class,Japan,Japan_009119.xml,D44
Unknown class,Japan,Japan_009121.xml,D44
Unknown class,Japan,Japan_009123.xml,D44
Unknown class,Japan,Japan_009123.xml,D50
Unknown class,Japan,Japan_009124.xml,D44
Unknown class,Japan,Japan_009125.xml,D50
Unknown class,Japan,Japan_009126.xml,D43
Unknown class,Japan,Japan_009127.xml,D50
Unknown class,Japan,Japan_009129.xml,D50
Unknown class,Japan,Japan_009132.xml,D50
Unknown class,Japan,Japan_009132.xml,D50
Unknown class,Japan,Japan_009135.xml,D44
Unknown class,Japan,Japan_009135.xml,D44
Unknown class,Japan,Japan_009137.xml,D50
Unknown class,Japan,Japan_009140.xml,D43
Unknown class,Japan,Japan_009140.xml,D44
Unknown class,Japan,Japan_009140.xml,D50
Unknown class,Japan,Japan_009140.xml,D50
Unknown class,Japan,Japan_009142.xml,D50
Unknown class,Japan,Japan_009142.xml,D50
Unknown class,Japan,Japan_009143.xml,D50
Unknown class,Japan,Japan_009145.xml,D44
Unknown class,Japan,Japan_009148.xml,D44
Unknown class,Japan,Japan_009149.xml,D43
Unknown class,Japan,Japan_009150.xml,D44
Unknown class,Japan,Japan_009151.xml,D44
Unknown class,Japan,Japan_009152.xml,D44
Unknown class,Japan,Japan_009154.xml,D44
Unknown class,Japan,Japan_009156.xml,D44
Unknown class,Japan,Japan_009157.xml,D43
Unknown class,Japan,Japan_009158.xml,D43
Unknown class,Japan,Japan_009162.xml,D50
Unknown class,Japan,Japan_009166.xml,D43
Unknown class,Japan,Japan_009171.xml,D43
Unknown class,Japan,Japan_009174.xml,D50
Unknown class,Japan,Japan_009174.xml,D50
Unknown class,Japan,Japan_009175.xml,D44
Unknown class,Japan,Japan_009175.xml,D50
Unknown class,Japan,Japan_009181.xml,D44
Unknown class,Japan,Japan_009182.xml,D50
Unknown class,Japan,Japan_009184.xml,D50
Unknown class,Japan,Japan_009189.xml,D44
Unknown class,Japan,Japan_009190.xml,D50
Unknown class,Japan,Japan_009191.xml,D44
Unknown class,Japan,Japan_009193.xml,D44
Unknown class,Japan,Japan_009193.xml,D50
Unknown class,Japan,Japan_009195.xml,D44
Unknown class,Japan,Japan_009196.xml,D44
Unknown class,Japan,Japan_009199.xml,D44
Unknown class,Japan,Japan_009201.xml,D44
Unknown class,Japan,Japan_009203.xml,D50
Unknown class,Japan,Japan_009204.xml,D43
Unknown class,Japan,Japan_009206.xml,D50
Unknown class,Japan,Japan_009208.xml,D50
Unknown class,Japan,Japan_009209.xml,D44
Unknown class,Japan,Japan_009209.xml,D44
Unknown class,Japan,Japan_009211.xml,D50
Unknown class,Japan,Japan_009215.xml,D44
Unknown class,Japan,Japan_009218.xml,D50
Unknown class,Japan,Japan_009218.xml,D50
Unknown class,Japan,Japan_009223.xml,D44
Unknown class,Japan,Japan_009225.xml,D44
Unknown class,Japan,Japan_009225.xml,D44
Unknown class,Japan,Japan_009225.xml,D44
Unknown class,Japan,Japan_009230.xml,D44
Unknown class,Japan,Japan_009232.xml,D44
Unknown class,Japan,Japan_009236.xml,D44
Unknown class,Japan,Japan_009239.xml,D50
Unknown class,Japan,Japan_009241.xml,D50
Unknown class,Japan,Japan_009242.xml,D44
Unknown class,Japan,Japan_009245.xml,D44
Unknown class,Japan,Japan_009246.xml,D50
Unknown class,Japan,Japan_009253.xml,D50
Unknown class,Japan,Japan_009254.xml,D50
Unknown class,Japan,Japan_009255.xml,D50
Unknown class,Japan,Japan_009256.xml,D43
Unknown class,Japan,Japan_009256.xml,D50
Unknown class,Japan,Japan_009257.xml,D44
Unknown class,Japan,Japan_009257.xml,D50
Unknown class,Japan,Japan_009257.xml,D50
Unknown class,Japan,Japan_009258.xml,D44
Unknown class,Japan,Japan_009259.xml,D43
Unknown class,Japan,Japan_009263.xml,D50
Unknown class,Japan,Japan_009263.xml,D50
Unknown class,Japan,Japan_009265.xml,D43
Unknown class,Japan,Japan_009266.xml,D44
Unknown class,Japan,Japan_009266.xml,D44
Unknown class,Japan,Japan_009267.xml,D44
Unknown class,Japan,Japan_009268.xml,D50
Unknown class,Japan,Japan_009270.xml,D44
Unknown class,Japan,Japan_009270.xml,D44
Unknown class,Japan,Japan_009271.xml,D50
Unknown class,Japan,Japan_009272.xml,D50
Unknown class,Japan,Japan_009273.xml,D50
Unknown class,Japan,Japan_009275.xml,D43
Unknown class,Japan,Japan_009278.xml,D44
Unknown class,Japan,Japan_009278.xml,D50
Unknown class,Japan,Japan_009281.xml,D43
Unknown class,Japan,Japan_009281.xml,D50
Unknown class,Japan,Japan_009282.xml,D50
Unknown class,Japan,Japan_009282.xml,D50
Unknown class,Japan,Japan_009283.xml,D44
Unknown class,Japan,Japan_009285.xml,D43
Unknown class,Japan,Japan_009288.xml,D50
Unknown class,Japan,Japan_009289.xml,D44
Unknown class,Japan,Japan_009289.xml,D44
Unknown class,Japan,Japan_009290.xml,D44
Unknown class,Japan,Japan_009290.xml,D44
Unknown class,Japan,Japan_009292.xml,D44
Unknown class,Japan,Japan_009292.xml,D44
Unknown class,Japan,Japan_009292.xml,D43
Unknown class,Japan,Japan_009293.xml,D50
Unknown class,Japan,Japan_009294.xml,D50
Unknown class,Japan,Japan_009294.xml,D44
Unknown class,Japan,Japan_009295.xml,D43
Unknown class,Japan,Japan_009295.xml,D44
Unknown class,Japan,Japan_009296.xml,D44
Unknown class,Japan,Japan_009296.xml,D50
Unknown class,Japan,Japan_009297.xml,D50
Unknown class,Japan,Japan_009299.xml,D50
Unknown class,Japan,Japan_009300.xml,D44
Unknown class,Japan,Japan_009306.xml,D50
Unknown class,Japan,Japan_009306.xml,D44
Unknown class,Japan,Japan_009307.xml,D44
Unknown class,Japan,Japan_009311.xml,D44
Unknown class,Japan,Japan_009312.xml,D44
Unknown class,Japan,Japan_009318.xml,D44
Unknown class,Japan,Japan_009318.xml,D44
Unknown class,Japan,Japan_009319.xml,D44
Unknown class,Japan,Japan_009319.xml,D44
Unknown class,Japan,Japan_009322.xml,D44
Unknown class,Japan,Japan_009324.xml,D44
Unknown class,Japan,Japan_009326.xml,D50
Unknown class,Japan,Japan_009326.xml,D50
Unknown class,Japan,Japan_009327.xml,D44
Unknown class,Japan,Japan_009330.xml,D43
Unknown class,Japan,Japan_009333.xml,D50
Unknown class,Japan,Japan_009339.xml,D50
Unknown class,Japan,Japan_009339.xml,D50
Unknown class,Japan,Japan_009340.xml,D50
Unknown class,Japan,Japan_009343.xml,D50
Unknown class,Japan,Japan_009343.xml,D50
Unknown class,Japan,Japan_009343.xml,D50
Unknown class,Japan,Japan_009344.xml,D50
Unknown class,Japan,Japan_009345.xml,D44
Unknown class,Japan,Japan_009347.xml,D50
Unknown class,Japan,Japan_009351.xml,D50
Unknown class,Japan,Japan_009351.xml,D50
Unknown class,Japan,Japan_009354.xml,D44
Unknown class,Japan,Japan_009355.xml,D43
Unknown class,Japan,Japan_009356.xml,D44
Unknown class,Japan,Japan_009356.xml,D50
Unknown class,Japan,Japan_009356.xml,D50
Unknown class,Japan,Japan_009357.xml,D50
Unknown class,Japan,Japan_009360.xml,D43
Unknown class,Japan,Japan_009363.xml,D50
Unknown class,Japan,Japan_009363.xml,D44
Unknown class,Japan,Japan_009363.xml,D44
Unknown class,Japan,Japan_009364.xml,D44
Unknown class,Japan,Japan_009364.xml,D50
Unknown class,Japan,Japan_009367.xml,D44
Unknown class,Japan,Japan_009367.xml,D50
Unknown class,Japan,Japan_009372.xml,D50
Unknown class,Japan,Japan_009372.xml,D50
Unknown class,Japan,Japan_009372.xml,D50
Unknown class,Japan,Japan_009374.xml,D50
Unknown class,Japan,Japan_009378.xml,D44
Unknown class,Japan,Japan_009378.xml,D50
Unknown class,Japan,Japan_009379.xml,D44
Unknown class,Japan,Japan_009380.xml,D50
Unknown class,Japan,Japan_009382.xml,D50
Unknown class,Japan,Japan_009383.xml,D44
Unknown class,Japan,Japan_009384.xml,D43
Unknown class,Japan,Japan_009386.xml,D50
Unknown class,Japan,Japan_009388.xml,D50
Unknown class,Japan,Japan_009393.xml,D44
Unknown class,Japan,Japan_009393.xml,D44
Unknown class,Japan,Japan_009394.xml,D43
Unknown class,Japan,Japan_009394.xml,D50
Unknown class,Japan,Japan_009396.xml,D50
Unknown class,Japan,Japan_009397.xml,D44
Unknown class,Japan,Japan_009398.xml,D50
Unknown class,Japan,Japan_009400.xml,D50
Unknown class,Japan,Japan_009400.xml,D50
Unknown class,Japan,Japan_009401.xml,D50
Unknown class,Japan,Japan_009402.xml,D44
Unknown class,Japan,Japan_009402.xml,D44
Unknown class,Japan,Japan_009406.xml,D44
Unknown class,Japan,Japan_009406.xml,D50
Unknown class,Japan,Japan_009406.xml,D43
Unknown class,Japan,Japan_009407.xml,D44
Unknown class,Japan,Japan_009412.xml,D44
Unknown class,Japan,Japan_009412.xml,D44
Unknown class,Japan,Japan_009417.xml,D50
Unknown class,Japan,Japan_009418.xml,D44
Unknown class,Japan,Japan_009420.xml,D44
Unknown class,Japan,Japan_009420.xml,D44
Unknown class,Japan,Japan_009422.xml,D50
Unknown class,Japan,Japan_009423.xml,D44
Unknown class,Japan,Japan_009423.xml,D44
Unknown class,Japan,Japan_009424.xml,D44
Unknown class,Japan,Japan_009425.xml,D44
Unknown class,Japan,Japan_009426.xml,D50
Unknown class,Japan,Japan_009426.xml,D50
Unknown class,Japan,Japan_009428.xml,D44
Unknown class,Japan,Japan_009430.xml,D50
Unknown class,Japan,Japan_009430.xml,D50
Unknown class,Japan,Japan_009431.xml,D44
Unknown class,Japan,Japan_009433.xml,D50
Unknown class,Japan,Japan_009436.xml,D50
Unknown class,Japan,Japan_009437.xml,D44
Unknown class,Japan,Japan_009437.xml,D43
Unknown class,Japan,Japan_009437.xml,D50
Unknown class,Japan,Japan_009438.xml,D44
Unknown class,Japan,Japan_009440.xml,D44
Unknown class,Japan,Japan_009441.xml,D50
Unknown class,Japan,Japan_009444.xml,D44
Unknown class,Japan,Japan_009444.xml,D50
Unknown class,Japan,Japan_009445.xml,D50
Unknown class,Japan,Japan_009448.xml,D50
Unknown class,Japan,Japan_009450.xml,D50
Unknown class,Japan,Japan_009452.xml,D43
Unknown class,Japan,Japan_009453.xml,D44
Unknown class,Japan,Japan_009454.xml,D50
Unknown class,Japan,Japan_009459.xml,D50
Unknown class,Japan,Japan_009459.xml,D50
Unknown class,Japan,Japan_009464.xml,D50
Unknown class,Japan,Japan_009467.xml,D44
Unknown class,Japan,Japan_009467.xml,D50
Unknown class,Japan,Japan_009467.xml,D50
Unknown class,Japan,Japan_009468.xml,D44
Unknown class,Japan,Japan_009470.xml,D44
Unknown class,Japan,Japan_009470.xml,D50
Unknown class,Japan,Japan_009473.xml,D43
Unknown class,Japan,Japan_009473.xml,D43
Unknown class,Japan,Japan_009478.xml,D44
Unknown class,Japan,Japan_009481.xml,D43
Unknown class,Japan,Japan_009482.xml,D44
Unknown class,Japan,Japan_009493.xml,D44
Unknown class,Japan,Japan_009496.xml,D44
Unknown class,Japan,Japan_009500.xml,D44
Unknown class,Japan,Japan_009504.xml,D43
Unknown class,Japan,Japan_009506.xml,D44
Unknown class,Japan,Japan_009506.xml,D44
Unknown class,Japan,Japan_009506.xml,D44
Unknown class,Japan,Japan_009507.xml,D50
Unknown class,Japan,Japan_009507.xml,D44
Unknown class,Japan,Japan_009507.xml,D50
Unknown class,Japan,Japan_009508.xml,D44
Unknown class,Japan,Japan_009508.xml,D44
Unknown class,Japan,Japan_009510.xml,D44
Unknown class,Japan,Japan_009511.xml,D44
Unknown class,Japan,Japan_009516.xml,D44
Unknown class,Japan,Japan_009516.xml,D44
Unknown class,Japan,Japan_009518.xml,D50
Unknown class,Japan,Japan_009519.xml,D50
Unknown class,Japan,Japan_009519.xml,D50
Unknown class,Japan,Japan_009519.xml,D50
Unknown class,Japan,Japan_009519.xml,D50
Unknown class,Japan,Japan_009520.xml,D50
Unknown class,Japan,Japan_009523.xml,D50
Unknown class,Japan,Japan_009523.xml,D50
Unknown class,Japan,Japan_009526.xml,D43
Unknown class,Japan,Japan_009528.xml,D44
Unknown class,Japan,Japan_009529.xml,D44
Unknown class,Japan,Japan_009529.xml,D50
Unknown class,Japan,Japan_009529.xml,D50
Unknown class,Japan,Japan_009532.xml,D44
Unknown class,Japan,Japan_009533.xml,D44
Unknown class,Japan,Japan_009533.xml,D50
Unknown class,Japan,Japan_009533.xml,D50
Unknown class,Japan,Japan_009534.xml,D44
Unknown class,Japan,Japan_009535.xml,D50
Unknown class,Japan,Japan_009536.xml,D44
Unknown class,Japan,Japan_009536.xml,D43
Unknown class,Japan,Japan_009536.xml,D50
Unknown class,Japan,Japan_009536.xml,D50
Unknown class,Japan,Japan_009536.xml,D50
Unknown class,Japan,Japan_009542.xml,D44
Unknown class,Japan,Japan_009542.xml,D50
Unknown class,Japan,Japan_009543.xml,D43
Unknown class,Japan,Japan_009544.xml,D44
Unknown class,Japan,Japan_009544.xml,D44
Unknown class,Japan,Japan_009544.xml,D44
Unknown class,Japan,Japan_009544.xml,D50
Unknown class,Japan,Japan_009545.xml,D44
Unknown class,Japan,Japan_009545.xml,D50
Unknown class,Japan,Japan_009545.xml,D44
Unknown class,Japan,Japan_009546.xml,D50
Unknown class,Japan,Japan_009546.xml,D50
Unknown class,Japan,Japan_009548.xml,D50
Unknown class,Japan,Japan_009548.xml,D50
Unknown class,Japan,Japan_009549.xml,D44
Unknown class,Japan,Japan_009552.xml,D44
Unknown class,Japan,Japan_009552.xml,D50
Unknown class,Japan,Japan_009555.xml,D44
Unknown class,Japan,Japan_009560.xml,D43
Unknown class,Japan,Japan_009561.xml,D43
Unknown class,Japan,Japan_009562.xml,D44
Unknown class,Japan,Japan_009562.xml,D44
Unknown class,Japan,Japan_009563.xml,D43
Unknown class,Japan,Japan_009564.xml,D44
Unknown class,Japan,Japan_009566.xml,D50
Unknown class,Japan,Japan_009567.xml,D50
Unknown class,Japan,Japan_009569.xml,D44
Unknown class,Japan,Japan_009574.xml,D50
Unknown class,Japan,Japan_009574.xml,D50
Unknown class,Japan,Japan_009582.xml,D50
Unknown class,Japan,Japan_009583.xml,D50
Unknown class,Japan,Japan_009585.xml,D44
Unknown class,Japan,Japan_009585.xml,D50
Unknown class,Japan,Japan_009593.xml,D44
Unknown class,Japan,Japan_009594.xml,D44
Unknown class,Japan,Japan_009594.xml,D44
Unknown class,Japan,Japan_009597.xml,D50
Unknown class,Japan,Japan_009598.xml,D44
Unknown class,Japan,Japan_009598.xml,D50
Unknown class,Japan,Japan_009598.xml,D50
Unknown class,Japan,Japan_009601.xml,D50
Unknown class,Japan,Japan_009601.xml,D50
Unknown class,Japan,Japan_009602.xml,D44
Unknown class,Japan,Japan_009603.xml,D44
Unknown class,Japan,Japan_009603.xml,D50
Unknown class,Japan,Japan_009605.xml,D50
Unknown class,Japan,Japan_009607.xml,D43
Unknown class,Japan,Japan_009607.xml,D44
Unknown class,Japan,Japan_009607.xml,D50
Unknown class,Japan,Japan_009607.xml,D50
Unknown class,Japan,Japan_009609.xml,D44
Unknown class,Japan,Japan_009617.xml,D44
Unknown class,Japan,Japan_009618.xml,D44
Unknown class,Japan,Japan_009618.xml,D44
Unknown class,Japan,Japan_009619.xml,D44
Unknown class,Japan,Japan_009621.xml,D50
Unknown class,Japan,Japan_009623.xml,D50
Unknown class,Japan,Japan_009626.xml,D44
Unknown class,Japan,Japan_009626.xml,D44
Unknown class,Japan,Japan_009630.xml,D50
Unknown class,Japan,Japan_009643.xml,D50
Unknown class,Japan,Japan_009644.xml,D50
Unknown class,Japan,Japan_009645.xml,D44
Unknown class,Japan,Japan_009646.xml,D50
Unknown class,Japan,Japan_009646.xml,D50
Unknown class,Japan,Japan_009646.xml,D44
Unknown class,Japan,Japan_009648.xml,D50
Unknown class,Japan,Japan_009650.xml,D50
Unknown class,Japan,Japan_009655.xml,D50
Unknown class,Japan,Japan_009655.xml,D50
Unknown class,Japan,Japan_009658.xml,D44
Unknown class,Japan,Japan_009660.xml,D50
Unknown class,Japan,Japan_009661.xml,D44
Unknown class,Japan,Japan_009664.xml,D44
Unknown class,Japan,Japan_009665.xml,D44
Unknown class,Japan,Japan_009668.xml,D50
Unknown class,Japan,Japan_009668.xml,D50
Unknown class,Japan,Japan_009669.xml,D44
Unknown class,Japan,Japan_009679.xml,D44
Unknown class,Japan,Japan_009682.xml,D43
Unknown class,Japan,Japan_009682.xml,D50
Unknown class,Japan,Japan_009682.xml,D50
Unknown class,Japan,Japan_009683.xml,D44
Unknown class,Japan,Japan_009684.xml,D50
Unknown class,Japan,Japan_009684.xml,D44
Unknown class,Japan,Japan_009689.xml,D44
Unknown class,Japan,Japan_009692.xml,D50
Unknown class,Japan,Japan_009693.xml,D44
Unknown class,Japan,Japan_009695.xml,D44
Unknown class,Japan,Japan_009696.xml,D50
Unknown class,Japan,Japan_009696.xml,D50
Unknown class,Japan,Japan_009698.xml,D44
Unknown class,Japan,Japan_009700.xml,D44
Unknown class,Japan,Japan_009701.xml,D44
Unknown class,Japan,Japan_009702.xml,D50
Unknown class,Japan,Japan_009703.xml,D44
Unknown class,Japan,Japan_009705.xml,D50
Unknown class,Japan,Japan_009706.xml,D50
Unknown class,Japan,Japan_009707.xml,D50
Unknown class,Japan,Japan_009708.xml,D44
Unknown class,Japan,Japan_009714.xml,D43
Unknown class,Japan,Japan_009717.xml,D50
Unknown class,Japan,Japan_009728.xml,D44
Unknown class,Japan,Japan_009728.xml,D44
Unknown class,Japan,Japan_009730.xml,D50
Unknown class,Japan,Japan_009730.xml,D50
Unknown class,Japan,Japan_009731.xml,D50
Unknown class,Japan,Japan_009733.xml,D50
Unknown class,Japan,Japan_009734.xml,D44
Unknown class,Japan,Japan_009741.xml,D50
Unknown class,Japan,Japan_009741.xml,D50
Unknown class,Japan,Japan_009743.xml,D50
Unknown class,Japan,Japan_009743.xml,D50
Unknown class,Japan,Japan_009744.xml,D50
Unknown class,Japan,Japan_009746.xml,D44
Unknown class,Japan,Japan_009750.xml,D43
Unknown class,Japan,Japan_009751.xml,D50
Unknown class,Japan,Japan_009751.xml,D50
Unknown class,Japan,Japan_009754.xml,D43
Unknown class,Japan,Japan_009758.xml,D44
Unknown class,Japan,Japan_009759.xml,D43
Unknown class,Japan,Japan_009759.xml,D43
Unknown class,Japan,Japan_009759.xml,D50
Unknown class,Japan,Japan_009761.xml,D44
Unknown class,Japan,Japan_009763.xml,D44
Unknown class,Japan,Japan_009763.xml,D50
Unknown class,Japan,Japan_009765.xml,D44
Unknown class,Japan,Japan_009766.xml,D44
Unknown class,Japan,Japan_009766.xml,D44
Unknown class,Japan,Japan_009766.xml,D50
Unknown class,Japan,Japan_009772.xml,D44
Unknown class,Japan,Japan_009772.xml,D50
Unknown class,Japan,Japan_009773.xml,D44
Unknown class,Japan,Japan_009773.xml,D44
Unknown class,Japan,Japan_009774.xml,D50
Unknown class,Japan,Japan_009777.xml,D43
Unknown class,Japan,Japan_009778.xml,D50
Unknown class,Japan,Japan_009778.xml,D50
Unknown class,Japan,Japan_009779.xml,D44
Unknown class,Japan,Japan_009785.xml,D44
Unknown class,Japan,Japan_009787.xml,D44
Unknown class,Japan,Japan_009787.xml,D50
Unknown class,Japan,Japan_009790.xml,D44
Unknown class,Japan,Japan_009790.xml,D44
Unknown class,Japan,Japan_009793.xml,D44
Unknown class,Japan,Japan_009794.xml,D50
Unknown class,Japan,Japan_009795.xml,D44
Unknown class,Japan,Japan_009796.xml,D44
Unknown class,Japan,Japan_009796.xml,D50
Unknown class,Japan,Japan_009797.xml,D50
Unknown class,Japan,Japan_009798.xml,D44
Unknown class,Japan,Japan_009798.xml,D44
Unknown class,Japan,Japan_009798.xml,D50
Unknown class,Japan,Japan_009799.xml,D44
Unknown class,Japan,Japan_009799.xml,D44
Unknown class,Japan,Japan_009800.xml,D44
Unknown class,Japan,Japan_009801.xml,D44
Unknown class,Japan,Japan_009802.xml,D44
Unknown class,Japan,Japan_009804.xml,D50
Unknown class,Japan,Japan_009809.xml,D44
Unknown class,Japan,Japan_009809.xml,D50
Unknown class,Japan,Japan_009809.xml,D50
Unknown class,Japan,Japan_009809.xml,D44
Unknown class,Japan,Japan_009811.xml,D44
Unknown class,Japan,Japan_009813.xml,D44
Unknown class,Japan,Japan_009821.xml,D43
Unknown class,Japan,Japan_009821.xml,D50
Unknown class,Japan,Japan_009822.xml,D50
Unknown class,Japan,Japan_009822.xml,D50
Unknown class,Japan,Japan_009831.xml,D50
Unknown class,Japan,Japan_009836.xml,D50
Unknown class,Japan,Japan_009839.xml,D44
Unknown class,Japan,Japan_009843.xml,D43
Unknown class,Japan,Japan_009845.xml,D50
Unknown class,Japan,Japan_009845.xml,D50
Unknown class,Japan,Japan_009847.xml,D44
Unknown class,Japan,Japan_009853.xml,D44
Unknown class,Japan,Japan_009853.xml,D44
Unknown class,Japan,Japan_009854.xml,D50
Unknown class,Japan,Japan_009856.xml,D44
Unknown class,Japan,Japan_009856.xml,D50
Unknown class,Japan,Japan_009857.xml,D44
Unknown class,Japan,Japan_009857.xml,D44
Unknown class,Japan,Japan_009858.xml,D44
Unknown class,Japan,Japan_009859.xml,D44
Unknown class,Japan,Japan_009862.xml,D50
Unknown class,Japan,Japan_009863.xml,D44
Unknown class,Japan,Japan_009864.xml,D44
Unknown class,Japan,Japan_009866.xml,D50
Unknown class,Japan,Japan_009866.xml,D50
Unknown class,Japan,Japan_009872.xml,D44
Unknown class,Japan,Japan_009873.xml,D44
Unknown class,Japan,Japan_009875.xml,D44
Unknown class,Japan,Japan_009877.xml,D43
Unknown class,Japan,Japan_009884.xml,D50
Unknown class,Japan,Japan_009887.xml,D44
Unknown class,Japan,Japan_009889.xml,D44
Unknown class,Japan,Japan_009889.xml,D50
Unknown class,Japan,Japan_009891.xml,D43
Unknown class,Japan,Japan_009893.xml,D44
Unknown class,Japan,Japan_009898.xml,D44
Unknown class,Japan,Japan_009900.xml,D44
Unknown class,Japan,Japan_009900.xml,D50
Unknown class,Japan,Japan_009902.xml,D44
Unknown class,Japan,Japan_009902.xml,D50
Unknown class,Japan,Japan_009902.xml,D50
Unknown class,Japan,Japan_009903.xml,D44
Unknown class,Japan,Japan_009905.xml,D50
Unknown class,Japan,Japan_009905.xml,D50
Unknown class,Japan,Japan_009905.xml,D50
Unknown class,Japan,Japan_009906.xml,D50
Unknown class,Japan,Japan_009906.xml,D50
Unknown class,Japan,Japan_009909.xml,D50
Unknown class,Japan,Japan_009909.xml,D50
Unknown class,Japan,Japan_009911.xml,D50
Unknown class,Japan,Japan_009913.xml,D43
Unknown class,Japan,Japan_009913.xml,D50
Unknown class,Japan,Japan_009914.xml,D44
Unknown class,Japan,Japan_009915.xml,D44
Unknown class,Japan,Japan_009915.xml,D44
Unknown class,Japan,Japan_009916.xml,D44
Unknown class,Japan,Japan_009916.xml,D50
Unknown class,Japan,Japan_009919.xml,D44
Unknown class,Japan,Japan_009919.xml,D44
Unknown class,Japan,Japan_009920.xml,D50
Unknown class,Japan,Japan_009920.xml,D43
Unknown class,Japan,Japan_009924.xml,D44
Unknown class,Japan,Japan_009924.xml,D50
Unknown class,Japan,Japan_009924.xml,D50
Unknown class,Japan,Japan_009930.xml,D44
Unknown class,Japan,Japan_009933.xml,D44
Unknown class,Japan,Japan_009938.xml,D50
Unknown class,Japan,Japan_009938.xml,D50
Unknown class,Japan,Japan_009939.xml,D44
Unknown class,Japan,Japan_009942.xml,D44
Unknown class,Japan,Japan_009942.xml,D50
Unknown class,Japan,Japan_009943.xml,D44
Unknown class,Japan,Japan_009943.xml,D50
Unknown class,Japan,Japan_009945.xml,D44
Unknown class,Japan,Japan_009945.xml,D44
Unknown class,Japan,Japan_009945.xml,D44
Unknown class,Japan,Japan_009948.xml,D50
Unknown class,Japan,Japan_009950.xml,D44
Unknown class,Japan,Japan_009953.xml,D44
Unknown class,Japan,Japan_009954.xml,D43
Unknown class,Japan,Japan_009957.xml,D44
Unknown class,Japan,Japan_009957.xml,D44
Unknown class,Japan,Japan_009958.xml,D44
Unknown class,Japan,Japan_009959.xml,D44
Unknown class,Japan,Japan_009959.xml,D44
Unknown class,Japan,Japan_009959.xml,D44
Unknown class,Japan,Japan_009960.xml,D50
Unknown class,Japan,Japan_009960.xml,D50
Unknown class,Japan,Japan_009962.xml,D44
Unknown class,Japan,Japan_009963.xml,D50
Unknown class,Japan,Japan_009965.xml,D44
Unknown class,Japan,Japan_009970.xml,D50
Unknown class,Japan,Japan_009972.xml,D44
Unknown class,Japan,Japan_009973.xml,D44
Unknown class,Japan,Japan_009974.xml,D50
Unknown class,Japan,Japan_009975.xml,D44
Unknown class,Japan,Japan_009976.xml,D50
Unknown class,Japan,Japan_009981.xml,D44
Unknown class,Japan,Japan_009985.xml,D43
Unknown class,Japan,Japan_009985.xml,D50
Unknown class,Japan,Japan_009985.xml,D50
Unknown class,Japan,Japan_009986.xml,D50
Unknown class,Japan,Japan_009992.xml,D44
Unknown class,Japan,Japan_009995.xml,D50
Unknown class,Japan,Japan_009998.xml,D44
Unknown class,Japan,Japan_010003.xml,D43
Unknown class,Japan,Japan_010005.xml,D50
Unknown class,Japan,Japan_010006.xml,D43
Unknown class,Japan,Japan_010009.xml,D50
Unknown class,Japan,Japan_010009.xml,D50
Unknown class,Japan,Japan_010010.xml,D44
Unknown class,Japan,Japan_010011.xml,D44
Unknown class,Japan,Japan_010013.xml,D44
Unknown class,Japan,Japan_010013.xml,D44
Unknown class,Japan,Japan_010014.xml,D44
Unknown class,Japan,Japan_010015.xml,D44
Unknown class,Japan,Japan_010015.xml,D50
Unknown class,Japan,Japan_010015.xml,D50
Unknown class,Japan,Japan_010016.xml,D44
Unknown class,Japan,Japan_010016.xml,D50
Unknown class,Japan,Japan_010017.xml,D50
Unknown class,Japan,Japan_010019.xml,D44
Unknown class,Japan,Japan_010020.xml,D50
Unknown class,Japan,Japan_010020.xml,D50
Unknown class,Japan,Japan_010021.xml,D43
Unknown class,Japan,Japan_010022.xml,D44
Unknown class,Japan,Japan_010022.xml,D44
Unknown class,Japan,Japan_010025.xml,D44
Unknown class,Japan,Japan_010026.xml,D44
Unknown class,Japan,Japan_010027.xml,D44
Unknown class,Japan,Japan_010028.xml,D44
Unknown class,Japan,Japan_010028.xml,D44
Unknown class,Japan,Japan_010028.xml,D50
Unknown class,Japan,Japan_010029.xml,D44
Unknown class,Japan,Japan_010031.xml,D44
Unknown class,Japan,Japan_010031.xml,D50
Unknown class,Japan,Japan_010032.xml,D50
Unknown class,Japan,Japan_010032.xml,D44
Unknown class,Japan,Japan_010037.xml,D44
Unknown class,Japan,Japan_010038.xml,D44
Unknown class,Japan,Japan_010038.xml,D50
Unknown class,Japan,Japan_010041.xml,D44
Unknown class,Japan,Japan_010042.xml,D44
Unknown class,Japan,Japan_010042.xml,D44
Unknown class,Japan,Japan_010043.xml,D44
Unknown class,Japan,Japan_010045.xml,D50
Unknown class,Japan,Japan_010045.xml,D50
Unknown class,Japan,Japan_010045.xml,D50
Unknown class,Japan,Japan_010045.xml,D50
Unknown class,Japan,Japan_010046.xml,D43
Unknown class,Japan,Japan_010046.xml,D44
Unknown class,Japan,Japan_010046.xml,D50
Unknown class,Japan,Japan_010048.xml,D44
Unknown class,Japan,Japan_010048.xml,D44
Unknown class,Japan,Japan_010050.xml,D44
Unknown class,Japan,Japan_010050.xml,D44
Unknown class,Japan,Japan_010051.xml,D44
Unknown class,Japan,Japan_010058.xml,D44
Unknown class,Japan,Japan_010058.xml,D50
Unknown class,Japan,Japan_010062.xml,D44
Unknown class,Japan,Japan_010063.xml,D50
Unknown class,Japan,Japan_010063.xml,D50
Unknown class,Japan,Japan_010063.xml,D50
Unknown class,Japan,Japan_010064.xml,D44
Unknown class,Japan,Japan_010064.xml,D44
Unknown class,Japan,Japan_010069.xml,D50
Unknown class,Japan,Japan_010073.xml,D43
Unknown class,Japan,Japan_010076.xml,D44
Unknown class,Japan,Japan_010077.xml,D44
Unknown class,Japan,Japan_010078.xml,D50
Unknown class,Japan,Japan_010080.xml,D44
Unknown class,Japan,Japan_010085.xml,D44
Unknown class,Japan,Japan_010087.xml,D50
Unknown class,Japan,Japan_010091.xml,D44
Unknown class,Japan,Japan_010091.xml,D44
Unknown class,Japan,Japan_010096.xml,D44
Unknown class,Japan,Japan_010100.xml,D44
Unknown class,Japan,Japan_010103.xml,D50
Unknown class,Japan,Japan_010104.xml,D44
Unknown class,Japan,Japan_010104.xml,D44
Unknown class,Japan,Japan_010106.xml,D43
Unknown class,Japan,Japan_010109.xml,D44
Unknown class,Japan,Japan_010109.xml,D44
Unknown class,Japan,Japan_010111.xml,D50
Unknown class,Japan,Japan_010113.xml,D50
Unknown class,Japan,Japan_010113.xml,D50
Unknown class,Japan,Japan_010114.xml,D44
Unknown class,Japan,Japan_010114.xml,D50
Unknown class,Japan,Japan_010115.xml,D44
Unknown class,Japan,Japan_010116.xml,D50
Unknown class,Japan,Japan_010116.xml,D44
Unknown class,Japan,Japan_010118.xml,D50
Unknown class,Japan,Japan_010118.xml,D50
Unknown class,Japan,Japan_010120.xml,D44
Unknown class,Japan,Japan_010120.xml,D50
Unknown class,Japan,Japan_010120.xml,D50
Unknown class,Japan,Japan_010120.xml,D50
Unknown class,Japan,Japan_010120.xml,D50
Unknown class,Japan,Japan_010121.xml,D44
Unknown class,Japan,Japan_010122.xml,D50
Unknown class,Japan,Japan_010124.xml,D44
Unknown class,Japan,Japan_010126.xml,D50
Unknown class,Japan,Japan_010130.xml,D50
Unknown class,Japan,Japan_010132.xml,D44
Unknown class,Japan,Japan_010137.xml,D44
Unknown class,Japan,Japan_010137.xml,D44
Unknown class,Japan,Japan_010138.xml,D44
Unknown class,Japan,Japan_010140.xml,D50
Unknown class,Japan,Japan_010143.xml,D44
Unknown class,Japan,Japan_010145.xml,D43
Unknown class,Japan,Japan_010145.xml,D50
Unknown class,Japan,Japan_010147.xml,D44
Unknown class,Japan,Japan_010147.xml,D50
Unknown class,Japan,Japan_010151.xml,D44
Unknown class,Japan,Japan_010151.xml,D50
Unknown class,Japan,Japan_010157.xml,D44
Unknown class,Japan,Japan_010158.xml,D50
Unknown class,Japan,Japan_010160.xml,D50
Unknown class,Japan,Japan_010160.xml,D50
Unknown class,Japan,Japan_010160.xml,D50
Unknown class,Japan,Japan_010161.xml,D44
Unknown class,Japan,Japan_010161.xml,D44
Unknown class,Japan,Japan_010162.xml,D50
Unknown class,Japan,Japan_010163.xml,D43
Unknown class,Japan,Japan_010167.xml,D44
Unknown class,Japan,Japan_010168.xml,D44
Unknown class,Japan,Japan_010169.xml,D50
Unknown class,Japan,Japan_010169.xml,D44
Unknown class,Japan,Japan_010171.xml,D44
Unknown class,Japan,Japan_010172.xml,D44
Unknown class,Japan,Japan_010173.xml,D44
Unknown class,Japan,Japan_010179.xml,D44
Unknown class,Japan,Japan_010180.xml,D44
Unknown class,Japan,Japan_010181.xml,D50
Unknown class,Japan,Japan_010182.xml,D50
Unknown class,Japan,Japan_010185.xml,D44
Unknown class,Japan,Japan_010185.xml,D50
Unknown class,Japan,Japan_010187.xml,D44
Unknown class,Japan,Japan_010188.xml,D44
Unknown class,Japan,Japan_010190.xml,D50
Unknown class,Japan,Japan_010199.xml,D44
Unknown class,Japan,Japan_010205.xml,D50
Unknown class,Japan,Japan_010209.xml,D44
Unknown class,Japan,Japan_010209.xml,D44
Unknown class,Japan,Japan_010210.xml,D44
Unknown class,Japan,Japan_010212.xml,D43
Unknown class,Japan,Japan_010212.xml,D50
Unknown class,Japan,Japan_010214.xml,D50
Unknown class,Japan,Japan_010215.xml,D44
Unknown class,Japan,Japan_010220.xml,D44
Unknown class,Japan,Japan_010220.xml,D44
Unknown class,Japan,Japan_010222.xml,D44
Unknown class,Japan,Japan_010222.xml,D44
Unknown class,Japan,Japan_010225.xml,D43
Unknown class,Japan,Japan_010225.xml,D43
Unknown class,Japan,Japan_010227.xml,D50
Unknown class,Japan,Japan_010228.xml,D50
Unknown class,Japan,Japan_010229.xml,D50
Unknown class,Japan,Japan_010231.xml,D50
Unknown class,Japan,Japan_010232.xml,D43
Unknown class,Japan,Japan_010236.xml,D50
Unknown class,Japan,Japan_010239.xml,D44
Unknown class,Japan,Japan_010239.xml,D44
Unknown class,Japan,Japan_010243.xml,D44
Unknown class,Japan,Japan_010243.xml,D50
Unknown class,Japan,Japan_010249.xml,D44
Unknown class,Japan,Japan_010249.xml,D44
Unknown class,Japan,Japan_010251.xml,D50
Unknown class,Japan,Japan_010251.xml,D50
Unknown class,Japan,Japan_010256.xml,D44
Unknown class,Japan,Japan_010257.xml,D50
Unknown class,Japan,Japan_010260.xml,D50
Unknown class,Japan,Japan_010263.xml,D44
Unknown class,Japan,Japan_010267.xml,D44
Unknown class,Japan,Japan_010268.xml,D50
Unknown class,Japan,Japan_010269.xml,D44
Unknown class,Japan,Japan_010269.xml,D50
Unknown class,Japan,Japan_010273.xml,D50
Unknown class,Japan,Japan_010273.xml,D44
Unknown class,Japan,Japan_010277.xml,D44
Unknown class,Japan,Japan_010280.xml,D44
Unknown class,Japan,Japan_010284.xml,D44
Unknown class,Japan,Japan_010286.xml,D44
Unknown class,Japan,Japan_010287.xml,D44
Unknown class,Japan,Japan_010292.xml,D44
Unknown class,Japan,Japan_010293.xml,D44
Unknown class,Japan,Japan_010295.xml,D44
Unknown class,Japan,Japan_010297.xml,D44
Unknown class,Japan,Japan_010298.xml,D44
Unknown class,Japan,Japan_010302.xml,D44
Unknown class,Japan,Japan_010303.xml,D44
Unknown class,Japan,Japan_010303.xml,D44
Unknown class,Japan,Japan_010307.xml,D50
Unknown class,Japan,Japan_010313.xml,D43
Unknown class,Japan,Japan_010314.xml,D44
Unknown class,Japan,Japan_010315.xml,D44
Unknown class,Japan,Japan_010315.xml,D44
Unknown class,Japan,Japan_010317.xml,D44
Unknown class,Japan,Japan_010319.xml,D50
Unknown class,Japan,Japan_010319.xml,D50
Unknown class,Japan,Japan_010322.xml,D44
Unknown class,Japan,Japan_010324.xml,D44
Unknown class,Japan,Japan_010325.xml,D44
Unknown class,Japan,Japan_010325.xml,D43
Unknown class,Japan,Japan_010327.xml,D43
Unknown class,Japan,Japan_010327.xml,D50
Unknown class,Japan,Japan_010328.xml,D44
Unknown class,Japan,Japan_010329.xml,D50
Unknown class,Japan,Japan_010330.xml,D44
Unknown class,Japan,Japan_010333.xml,D44
Unknown class,Japan,Japan_010333.xml,D50
Unknown class,Japan,Japan_010334.xml,D50
Unknown class,Japan,Japan_010335.xml,D50
Unknown class,Japan,Japan_010335.xml,D50
Unknown class,Japan,Japan_010336.xml,D44
Unknown class,Japan,Japan_010336.xml,D44
Unknown class,Japan,Japan_010341.xml,D44
Unknown class,Japan,Japan_010343.xml,D44
Unknown class,Japan,Japan_010343.xml,D43
Unknown class,Japan,Japan_010347.xml,D50
Unknown class,Japan,Japan_010347.xml,D50
Unknown class,Japan,Japan_010352.xml,D44
Unknown class,Japan,Japan_010352.xml,D44
Unknown class,Japan,Japan_010355.xml,D44
Unknown class,Japan,Japan_010356.xml,D44
Unknown class,Japan,Japan_010356.xml,D43
Unknown class,Japan,Japan_010358.xml,D50
Unknown class,Japan,Japan_010360.xml,D43
Unknown class,Japan,Japan_010365.xml,D50
Unknown class,Japan,Japan_010365.xml,D50
Unknown class,Japan,Japan_010367.xml,D50
Unknown class,Japan,Japan_010368.xml,D44
Unknown class,Japan,Japan_010371.xml,D44
Unknown class,Japan,Japan_010374.xml,D50
Unknown class,Japan,Japan_010376.xml,D50
Unknown class,Japan,Japan_010377.xml,D44
Unknown class,Japan,Japan_010377.xml,D50
Unknown class,Japan,Japan_010377.xml,D50
Unknown class,Japan,Japan_010379.xml,D44
Unknown class,Japan,Japan_010380.xml,D44
Unknown class,Japan,Japan_010381.xml,D50
Unknown class,Japan,Japan_010383.xml,D44
Unknown class,Japan,Japan_010384.xml,D44
Unknown class,Japan,Japan_010384.xml,D44
Unknown class,Japan,Japan_010389.xml,D44
Unknown class,Japan,Japan_010390.xml,D50
Unknown class,Japan,Japan_010391.xml,D50
Unknown class,Japan,Japan_010391.xml,D44
Unknown class,Japan,Japan_010399.xml,D44
Unknown class,Japan,Japan_010405.xml,D43
Unknown class,Japan,Japan_010405.xml,D50
Unknown class,Japan,Japan_010410.xml,D50
Unknown class,Japan,Japan_010413.xml,D50
Unknown class,Japan,Japan_010413.xml,D50
Unknown class,Japan,Japan_010413.xml,D50
Unknown class,Japan,Japan_010415.xml,D43
Unknown class,Japan,Japan_010416.xml,D50
Unknown class,Japan,Japan_010416.xml,D50
Unknown class,Japan,Japan_010417.xml,D50
Unknown class,Japan,Japan_010420.xml,D50
Unknown class,Japan,Japan_010420.xml,D50
Unknown class,Japan,Japan_010420.xml,D50
Unknown class,Japan,Japan_010423.xml,D44
Unknown class,Japan,Japan_010425.xml,D44
Unknown class,Japan,Japan_010425.xml,D43
Unknown class,Japan,Japan_010428.xml,D50
Unknown class,Japan,Japan_010429.xml,D44
Unknown class,Japan,Japan_010432.xml,D50
Unknown class,Japan,Japan_010432.xml,D50
Unknown class,Japan,Japan_010433.xml,D44
Unknown class,Japan,Japan_010433.xml,D50
Unknown class,Japan,Japan_010434.xml,D44
Unknown class,Japan,Japan_010434.xml,D50
Unknown class,Japan,Japan_010439.xml,D44
Unknown class,Japan,Japan_010439.xml,D50
Unknown class,Japan,Japan_010440.xml,D50
Unknown class,Japan,Japan_010441.xml,D44
Unknown class,Japan,Japan_010441.xml,D44
Unknown class,Japan,Japan_010442.xml,D44
Unknown class,Japan,Japan_010443.xml,D44
Unknown class,Japan,Japan_010444.xml,D50
Unknown class,Japan,Japan_010445.xml,D44
Unknown class,Japan,Japan_010447.xml,D43
Unknown class,Japan,Japan_010447.xml,D44
Unknown class,Japan,Japan_010450.xml,D44
Unknown class,Japan,Japan_010452.xml,D44
Unknown class,Japan,Japan_010452.xml,D50
Unknown class,Japan,Japan_010452.xml,D50
Unknown class,Japan,Japan_010455.xml,D44
Unknown class,Japan,Japan_010462.xml,D50
Unknown class,Japan,Japan_010466.xml,D44
Unknown class,Japan,Japan_010466.xml,D44
Unknown class,Japan,Japan_010466.xml,D50
Unknown class,Japan,Japan_010468.xml,D44
Unknown class,Japan,Japan_010473.xml,D44
Unknown class,Japan,Japan_010473.xml,D50
Unknown class,Japan,Japan_010478.xml,D44
Unknown class,Japan,Japan_010478.xml,D44
Unknown class,Japan,Japan_010479.xml,D44
Unknown class,Japan,Japan_010480.xml,D50
Unknown class,Japan,Japan_010486.xml,D44
Unknown class,Japan,Japan_010486.xml,D44
Unknown class,Japan,Japan_010487.xml,D44
Unknown class,Japan,Japan_010488.xml,D44
Unknown class,Japan,Japan_010492.xml,D44
Unknown class,Japan,Japan_010497.xml,D44
Unknown class,Japan,Japan_010497.xml,D44
Unknown class,Japan,Japan_010498.xml,D44
Unknown class,Japan,Japan_010503.xml,D44
Unknown class,Japan,Japan_010508.xml,D44
Unknown class,Japan,Japan_010511.xml,D50
Unknown class,Japan,Japan_010513.xml,D44
Unknown class,Japan,Japan_010518.xml,D50
Unknown class,Japan,Japan_010518.xml,D50
Unknown class,Japan,Japan_010519.xml,D50
Unknown class,Japan,Japan_010520.xml,D44
Unknown class,Japan,Japan_010524.xml,D44
Unknown class,Japan,Japan_010527.xml,D44
Unknown class,Japan,Japan_010528.xml,D50
Unknown class,Japan,Japan_010529.xml,D43
Unknown class,Japan,Japan_010531.xml,D44
Unknown class,Japan,Japan_010533.xml,D50
Unknown class,Japan,Japan_010534.xml,D44
Unknown class,Japan,Japan_010535.xml,D44
Unknown class,Japan,Japan_010537.xml,D43
Unknown class,Japan,Japan_010537.xml,D50
Unknown class,Japan,Japan_010542.xml,D44
Unknown class,Japan,Japan_010542.xml,D44
Unknown class,Japan,Japan_010542.xml,D50
Unknown class,Japan,Japan_010543.xml,D44
Unknown class,Japan,Japan_010545.xml,D50
Unknown class,Japan,Japan_010545.xml,D50
Unknown class,Japan,Japan_010549.xml,D50
Unknown class,Japan,Japan_010557.xml,D50
Unknown class,Japan,Japan_010559.xml,D43
Unknown class,Japan,Japan_010559.xml,D44
Unknown class,Japan,Japan_010562.xml,D50
Unknown class,Japan,Japan_010563.xml,D44
Unknown class,Japan,Japan_010565.xml,D50
Unknown class,Japan,Japan_010565.xml,D50
Unknown class,Japan,Japan_010566.xml,D44
Unknown class,Japan,Japan_010568.xml,D43
Unknown class,Japan,Japan_010570.xml,D44
Unknown class,Japan,Japan_010571.xml,D50
Unknown class,Japan,Japan_010573.xml,D44
Unknown class,Japan,Japan_010576.xml,D44
Unknown class,Japan,Japan_010576.xml,D44
Unknown class,Japan,Japan_010580.xml,D44
Unknown class,Japan,Japan_010583.xml,D43
Unknown class,Japan,Japan_010585.xml,D44
Unknown class,Japan,Japan_010586.xml,D44
Unknown class,Japan,Japan_010586.xml,D50
Unknown class,Japan,Japan_010587.xml,D50
Unknown class,Japan,Japan_010587.xml,D50
Unknown class,Japan,Japan_010591.xml,D50
Unknown class,Japan,Japan_010592.xml,D44
Unknown class,Japan,Japan_010595.xml,D44
Unknown class,Japan,Japan_010595.xml,D44
Unknown class,Japan,Japan_010597.xml,D44
Unknown class,Japan,Japan_010604.xml,D43
Unknown class,Japan,Japan_010614.xml,D44
Unknown class,Japan,Japan_010616.xml,D44
Unknown class,Japan,Japan_010619.xml,D43
Unknown class,Japan,Japan_010620.xml,D43
Unknown class,Japan,Japan_010623.xml,D44
Unknown class,Japan,Japan_010623.xml,D44
Unknown class,Japan,Japan_010623.xml,D50
Unknown class,Japan,Japan_010624.xml,D44
Unknown class,Japan,Japan_010624.xml,D50
Unknown class,Japan,Japan_010624.xml,D50
Unknown class,Japan,Japan_010625.xml,D44
Unknown class,Japan,Japan_010625.xml,D44
Unknown class,Japan,Japan_010628.xml,D50
Unknown class,Japan,Japan_010628.xml,D44
Unknown class,Japan,Japan_010630.xml,D50
Unknown class,Japan,Japan_010630.xml,D50
Unknown class,Japan,Japan_010630.xml,D50
Unknown class,Japan,Japan_010634.xml,D50
Unknown class,Japan,Japan_010636.xml,D50
Unknown class,Japan,Japan_010639.xml,D43
Unknown class,Japan,Japan_010639.xml,D44
Unknown class,Japan,Japan_010639.xml,D44
Unknown class,Japan,Japan_010639.xml,D50
Unknown class,Japan,Japan_010642.xml,D50
Unknown class,Japan,Japan_010642.xml,D50
Unknown class,Japan,Japan_010644.xml,D50
Unknown class,Japan,Japan_010646.xml,D44
Unknown class,Japan,Japan_010655.xml,D44
Unknown class,Japan,Japan_010655.xml,D44
Unknown class,Japan,Japan_010656.xml,D44
Unknown class,Japan,Japan_010659.xml,D44
Unknown class,Japan,Japan_010660.xml,D44
Unknown class,Japan,Japan_010662.xml,D44
Unknown class,Japan,Japan_010663.xml,D44
Unknown class,Japan,Japan_010663.xml,D44
Unknown class,Japan,Japan_010663.xml,D50
Unknown class,Japan,Japan_010665.xml,D50
Unknown class,Japan,Japan_010665.xml,D44
Unknown class,Japan,Japan_010666.xml,D44
Unknown class,Japan,Japan_010667.xml,D44
Unknown class,Japan,Japan_010670.xml,D44
Unknown class,Japan,Japan_010672.xml,D50
Unknown class,Japan,Japan_010672.xml,D50
Unknown class,Japan,Japan_010675.xml,D44
Unknown class,Japan,Japan_010675.xml,D44
Unknown class,Japan,Japan_010676.xml,D43
Unknown class,Japan,Japan_010680.xml,D44
Unknown class,Japan,Japan_010680.xml,D50
Unknown class,Japan,Japan_010682.xml,D44
Unknown class,Japan,Japan_010682.xml,D44
Unknown class,Japan,Japan_010682.xml,D50
Unknown class,Japan,Japan_010691.xml,D44
Unknown class,Japan,Japan_010695.xml,D50
Unknown class,Japan,Japan_010695.xml,D43
Unknown class,Japan,Japan_010701.xml,D50
Unknown class,Japan,Japan_010701.xml,D50
Unknown class,Japan,Japan_010701.xml,D50
Unknown class,Japan,Japan_010701.xml,D50
Unknown class,Japan,Japan_010701.xml,D50
Unknown class,Japan,Japan_010705.xml,D50
Unknown class,Japan,Japan_010707.xml,D44
Unknown class,Japan,Japan_010707.xml,D44
Unknown class,Japan,Japan_010709.xml,D44
Unknown class,Japan,Japan_010711.xml,D44
Unknown class,Japan,Japan_010713.xml,D44
Unknown class,Japan,Japan_010716.xml,D50
Unknown class,Japan,Japan_010718.xml,D50
Unknown class,Japan,Japan_010720.xml,D44
Unknown class,Japan,Japan_010720.xml,D44
Unknown class,Japan,Japan_010724.xml,D44
Unknown class,Japan,Japan_010727.xml,D44
Unknown class,Japan,Japan_010727.xml,D50
Unknown class,Japan,Japan_010730.xml,D44
Unknown class,Japan,Japan_010730.xml,D44
Unknown class,Japan,Japan_010732.xml,D43
Unknown class,Japan,Japan_010732.xml,D44
Unknown class,Japan,Japan_010733.xml,D43
Unknown class,Japan,Japan_010734.xml,D44
Unknown class,Japan,Japan_010734.xml,D44
Unknown class,Japan,Japan_010741.xml,D44
Unknown class,Japan,Japan_010741.xml,D44
Unknown class,Japan,Japan_010743.xml,D44
Unknown class,Japan,Japan_010747.xml,D44
Unknown class,Japan,Japan_010747.xml,D44
Unknown class,Japan,Japan_010748.xml,D43
Unknown class,Japan,Japan_010748.xml,D50
Unknown class,Japan,Japan_010751.xml,D50
Unknown class,Japan,Japan_010753.xml,D50
Unknown class,Japan,Japan_010753.xml,D50
Unknown class,Japan,Japan_010759.xml,D50
Unknown class,Japan,Japan_010759.xml,D50
Unknown class,Japan,Japan_010763.xml,D50
Unknown class,Japan,Japan_010767.xml,D44
Unknown class,Japan,Japan_010767.xml,D44
Unknown class,Japan,Japan_010771.xml,D44
Unknown class,Japan,Japan_010773.xml,D50
Unknown class,Japan,Japan_010773.xml,D50
Unknown class,Japan,Japan_010776.xml,D44
Unknown class,Japan,Japan_010776.xml,D44
Unknown class,Japan,Japan_010777.xml,D50
Unknown class,Japan,Japan_010782.xml,D44
Unknown class,Japan,Japan_010782.xml,D50
Unknown class,Japan,Japan_010782.xml,D50
Unknown class,Japan,Japan_010782.xml,D50
Unknown class,Japan,Japan_010782.xml,D50
Unknown class,Japan,Japan_010782.xml,D50
Unknown class,Japan,Japan_010782.xml,D50
Unknown class,Japan,Japan_010782.xml,D50
Unknown class,Japan,Japan_010785.xml,D50
Unknown class,Japan,Japan_010786.xml,D44
Unknown class,Japan,Japan_010789.xml,D50
Unknown class,Japan,Japan_010790.xml,D44
Unknown class,Japan,Japan_010790.xml,D50
Unknown class,Japan,Japan_010794.xml,D50
Unknown class,Japan,Japan_010795.xml,D50
Unknown class,Japan,Japan_010797.xml,D44
Unknown class,Japan,Japan_010798.xml,D50
Unknown class,Japan,Japan_010801.xml,D44
Unknown class,Japan,Japan_010801.xml,D44
Unknown class,Japan,Japan_010802.xml,D44
Unknown class,Japan,Japan_010802.xml,D50
Unknown class,Japan,Japan_010804.xml,D50
Unknown class,Japan,Japan_010805.xml,D44
Unknown class,Japan,Japan_010806.xml,D50
Unknown class,Japan,Japan_010806.xml,D50
Unknown class,Japan,Japan_010806.xml,D50
Unknown class,Japan,Japan_010808.xml,D50
Unknown class,Japan,Japan_010809.xml,D44
Unknown class,Japan,Japan_010809.xml,D44
Unknown class,Japan,Japan_010810.xml,D44
Unknown class,Japan,Japan_010810.xml,D50
Unknown class,Japan,Japan_010812.xml,D44
Unknown class,Japan,Japan_010812.xml,D44
Unknown class,Japan,Japan_010815.xml,D50
Unknown class,Japan,Japan_010816.xml,D44
Unknown class,Japan,Japan_010821.xml,D50
Unknown class,Japan,Japan_010825.xml,D44
Unknown class,Japan,Japan_010825.xml,D44
Unknown class,Japan,Japan_010826.xml,D50
Unknown class,Japan,Japan_010831.xml,D44
Unknown class,Japan,Japan_010833.xml,D44
Unknown class,Japan,Japan_010834.xml,D50
Unknown class,Japan,Japan_010838.xml,D50
Unknown class,Japan,Japan_010838.xml,D50
Unknown class,Japan,Japan_010840.xml,D44
Unknown class,Japan,Japan_010841.xml,D50
Unknown class,Japan,Japan_010843.xml,D50
Unknown class,Japan,Japan_010843.xml,D50
Unknown class,Japan,Japan_010844.xml,D44
Unknown class,Japan,Japan_010847.xml,D44
Unknown class,Japan,Japan_010848.xml,D44
Unknown class,Japan,Japan_010848.xml,D44
Unknown class,Japan,Japan_010848.xml,D50
Unknown class,Japan,Japan_010850.xml,D44
Unknown class,Japan,Japan_010850.xml,D50
Unknown class,Japan,Japan_010855.xml,D50
Unknown class,Japan,Japan_010855.xml,D50
Unknown class,Japan,Japan_010856.xml,D44
Unknown class,Japan,Japan_010859.xml,D44
Unknown class,Japan,Japan_010861.xml,D50
Unknown class,Japan,Japan_010863.xml,D44
Unknown class,Japan,Japan_010864.xml,D44
Unknown class,Japan,Japan_010864.xml,D50
Unknown class,Japan,Japan_010867.xml,D44
Unknown class,Japan,Japan_010867.xml,D50
Unknown class,Japan,Japan_010869.xml,D44
Unknown class,Japan,Japan_010869.xml,D50
Unknown class,Japan,Japan_010870.xml,D50
Unknown class,Japan,Japan_010871.xml,D44
Unknown class,Japan,Japan_010872.xml,D50
Unknown class,Japan,Japan_010872.xml,D50
Unknown class,Japan,Japan_010878.xml,D43
Unknown class,Japan,Japan_010880.xml,D44
Unknown class,Japan,Japan_010880.xml,D44
Unknown class,Japan,Japan_010884.xml,D44
Unknown class,Japan,Japan_010887.xml,D50
Unknown class,Japan,Japan_010888.xml,D44
Unknown class,Japan,Japan_010890.xml,D50
Unknown class,Japan,Japan_010891.xml,D44
Unknown class,Japan,Japan_010891.xml,D44
Unknown class,Japan,Japan_010892.xml,D44
Unknown class,Japan,Japan_010893.xml,D50
Unknown class,Japan,Japan_010905.xml,D44
Unknown class,Japan,Japan_010905.xml,D50
Unknown class,Japan,Japan_010905.xml,D50
Unknown class,Japan,Japan_010906.xml,D50
Unknown class,Japan,Japan_010913.xml,D50
Unknown class,Japan,Japan_010914.xml,D43
Unknown class,Japan,Japan_010915.xml,D44
Unknown class,Japan,Japan_010918.xml,D44
Unknown class,Japan,Japan_010923.xml,D44
Unknown class,Japan,Japan_010923.xml,D50
Unknown class,Japan,Japan_010923.xml,D50
Unknown class,Japan,Japan_010924.xml,D44
Unknown class,Japan,Japan_010925.xml,D44
Unknown class,Japan,Japan_010925.xml,D44
Unknown class,Japan,Japan_010928.xml,D44
Unknown class,Japan,Japan_010931.xml,D43
Unknown class,Japan,Japan_010931.xml,D44
Unknown class,Japan,Japan_010936.xml,D50
Unknown class,Japan,Japan_010939.xml,D44
Unknown class,Japan,Japan_010942.xml,D44
Unknown class,Japan,Japan_010944.xml,D50
Unknown class,Japan,Japan_010944.xml,D50
Unknown class,Japan,Japan_010945.xml,D50
Unknown class,Japan,Japan_010945.xml,D50
Unknown class,Japan,Japan_010954.xml,D44
Unknown class,Japan,Japan_010955.xml,D44
Unknown class,Japan,Japan_010955.xml,D44
Unknown class,Japan,Japan_010956.xml,D44
Unknown class,Japan,Japan_010957.xml,D44
Unknown class,Japan,Japan_010957.xml,D50
Unknown class,Japan,Japan_010960.xml,D44
Unknown class,Japan,Japan_010967.xml,D44
Unknown class,Japan,Japan_010967.xml,D44
Unknown class,Japan,Japan_010968.xml,D44
Unknown class,Japan,Japan_010971.xml,D50
Unknown class,Japan,Japan_010972.xml,D44
Unknown class,Japan,Japan_010972.xml,D50
Unknown class,Japan,Japan_010973.xml,D50
Unknown class,Japan,Japan_010974.xml,D44
Unknown class,Japan,Japan_010977.xml,D44
Unknown class,Japan,Japan_010978.xml,D44
Unknown class,Japan,Japan_010980.xml,D43
Unknown class,Japan,Japan_010980.xml,D43
Unknown class,Japan,Japan_010981.xml,D44
Unknown class,Japan,Japan_010985.xml,D43
Unknown class,Japan,Japan_010985.xml,D50
Unknown class,Japan,Japan_010989.xml,D43
Unknown class,Japan,Japan_010990.xml,D43
Unknown class,Japan,Japan_010994.xml,D50
Unknown class,Japan,Japan_010995.xml,D44
Unknown class,Japan,Japan_010995.xml,D50
Unknown class,Japan,Japan_010996.xml,D44
Unknown class,Japan,Japan_010999.xml,D50
Unknown class,Japan,Japan_010999.xml,D50
Unknown class,Japan,Japan_010999.xml,D50
Unknown class,Japan,Japan_011001.xml,D44
Unknown class,Japan,Japan_011005.xml,D43
Unknown class,Japan,Japan_011005.xml,D50
Unknown class,Japan,Japan_011005.xml,D50
Unknown class,Japan,Japan_011007.xml,D44
Unknown class,Japan,Japan_011009.xml,D50
Unknown class,Japan,Japan_011014.xml,D50
Unknown class,Japan,Japan_011014.xml,D50
Unknown class,Japan,Japan_011020.xml,D43
Unknown class,Japan,Japan_011021.xml,D43
Unknown class,Japan,Japan_011024.xml,D50
Unknown class,Japan,Japan_011026.xml,D44
Unknown class,Japan,Japan_011030.xml,D50
Unknown class,Japan,Japan_011031.xml,D44
Unknown class,Japan,Japan_011034.xml,D44
Unknown class,Japan,Japan_011035.xml,D50
Unknown class,Japan,Japan_011036.xml,D50
Unknown class,Japan,Japan_011038.xml,D44
Unknown class,Japan,Japan_011039.xml,D44
Unknown class,Japan,Japan_011041.xml,D44
Unknown class,Japan,Japan_011045.xml,D44
Unknown class,Japan,Japan_011046.xml,D44
Unknown class,Japan,Japan_011049.xml,D44
Unknown class,Japan,Japan_011052.xml,D44
Unknown class,Japan,Japan_011052.xml,D44
Unknown class,Japan,Japan_011053.xml,D43
Unknown class,Japan,Japan_011053.xml,D50
Unknown class,Japan,Japan_011055.xml,D50
Unknown class,Japan,Japan_011059.xml,D50
Unknown class,Japan,Japan_011062.xml,D44
Unknown class,Japan,Japan_011064.xml,D44
Unknown class,Japan,Japan_011067.xml,D44
Unknown class,Japan,Japan_011071.xml,D44
Unknown class,Japan,Japan_011075.xml,D44
Unknown class,Japan,Japan_011075.xml,D50
Unknown class,Japan,Japan_011081.xml,D50
Unknown class,Japan,Japan_011082.xml,D50
Unknown class,Japan,Japan_011082.xml,D50
Unknown class,Japan,Japan_011084.xml,D50
Unknown class,Japan,Japan_011088.xml,D44
Unknown class,Japan,Japan_011089.xml,D44
Unknown class,Japan,Japan_011099.xml,D50
Unknown class,Japan,Japan_011108.xml,D44
Unknown class,Japan,Japan_011108.xml,D43
Unknown class,Japan,Japan_011111.xml,D43
Unknown class,Japan,Japan_011111.xml,D50
Unknown class,Japan,Japan_011117.xml,D50
Unknown class,Japan,Japan_011120.xml,D44
Unknown class,Japan,Japan_011123.xml,D44
Unknown class,Japan,Japan_011126.xml,D44
Unknown class,Japan,Japan_011127.xml,D50
Unknown class,Japan,Japan_011127.xml,D50
Unknown class,Japan,Japan_011127.xml,D50
Unknown class,Japan,Japan_011130.xml,D50
Unknown class,Japan,Japan_011131.xml,D44
Unknown class,Japan,Japan_011133.xml,D44
Unknown class,Japan,Japan_011133.xml,D44
Unknown class,Japan,Japan_011133.xml,D50
Unknown class,Japan,Japan_011133.xml,D44
Unknown class,Japan,Japan_011135.xml,D43
Unknown class,Japan,Japan_011135.xml,D44
Unknown class,Japan,Japan_011135.xml,D50
Unknown class,Japan,Japan_011135.xml,D50
Unknown class,Japan,Japan_011140.xml,D44
Unknown class,Japan,Japan_011143.xml,D44
Unknown class,Japan,Japan_011147.xml,D43
Unknown class,Japan,Japan_011147.xml,D50
Unknown class,Japan,Japan_011147.xml,D50
Unknown class,Japan,Japan_011157.xml,D44
Unknown class,Japan,Japan_011157.xml,D50
Unknown class,Japan,Japan_011160.xml,D44
Unknown class,Japan,Japan_011163.xml,D44
Unknown class,Japan,Japan_011163.xml,D43
Unknown class,Japan,Japan_011164.xml,D50
Unknown class,Japan,Japan_011164.xml,D50
Unknown class,Japan,Japan_011171.xml,D44
Unknown class,Japan,Japan_011171.xml,D44
Unknown class,Japan,Japan_011171.xml,D50
Unknown class,Japan,Japan_011172.xml,D44
Unknown class,Japan,Japan_011172.xml,D43
Unknown class,Japan,Japan_011172.xml,D50
Unknown class,Japan,Japan_011172.xml,D50
Unknown class,Japan,Japan_011175.xml,D44
Unknown class,Japan,Japan_011178.xml,D44
Unknown class,Japan,Japan_011178.xml,D44
Unknown class,Japan,Japan_011179.xml,D43
Unknown class,Japan,Japan_011179.xml,D43
Unknown class,Japan,Japan_011179.xml,D50
Unknown class,Japan,Japan_011179.xml,D50
Unknown class,Japan,Japan_011179.xml,D50
Unknown class,Japan,Japan_011182.xml,D50
Unknown class,Japan,Japan_011183.xml,D44
Unknown class,Japan,Japan_011183.xml,D50
Unknown class,Japan,Japan_011183.xml,D50
Unknown class,Japan,Japan_011186.xml,D44
Unknown class,Japan,Japan_011187.xml,D50
Unknown class,Japan,Japan_011187.xml,D50
Unknown class,Japan,Japan_011189.xml,D43
Unknown class,Japan,Japan_011191.xml,D44
Unknown class,Japan,Japan_011193.xml,D44
Unknown class,Japan,Japan_011194.xml,D43
Unknown class,Japan,Japan_011196.xml,D44
Unknown class,Japan,Japan_011199.xml,D50
Unknown class,Japan,Japan_011203.xml,D44
Unknown class,Japan,Japan_011204.xml,D44
Unknown class,Japan,Japan_011206.xml,D44
Unknown class,Japan,Japan_011208.xml,D44
Unknown class,Japan,Japan_011208.xml,D50
Unknown class,Japan,Japan_011210.xml,D44
Unknown class,Japan,Japan_011211.xml,D50
Unknown class,Japan,Japan_011215.xml,D50
Unknown class,Japan,Japan_011217.xml,D50
Unknown class,Japan,Japan_011218.xml,D50
Unknown class,Japan,Japan_011219.xml,D50
Unknown class,Japan,Japan_011219.xml,D50
Unknown class,Japan,Japan_011219.xml,D50
Unknown class,Japan,Japan_011220.xml,D50
Unknown class,Japan,Japan_011222.xml,D44
Unknown class,Japan,Japan_011224.xml,D44
Unknown class,Japan,Japan_011224.xml,D50
Unknown class,Japan,Japan_011225.xml,D43
Unknown class,Japan,Japan_011226.xml,D50
Unknown class,Japan,Japan_011226.xml,D50
Unknown class,Japan,Japan_011226.xml,D50
Unknown class,Japan,Japan_011226.xml,D50
Unknown class,Japan,Japan_011226.xml,D50
Unknown class,Japan,Japan_011227.xml,D44
Unknown class,Japan,Japan_011229.xml,D44
Unknown class,Japan,Japan_011229.xml,D44
Unknown class,Japan,Japan_011230.xml,D44
Unknown class,Japan,Japan_011230.xml,D44
Unknown class,Japan,Japan_011232.xml,D50
Unknown class,Japan,Japan_011232.xml,D50
Unknown class,Japan,Japan_011234.xml,D44
Unknown class,Japan,Japan_011235.xml,D44
Unknown class,Japan,Japan_011235.xml,D50
Unknown class,Japan,Japan_011235.xml,D50
Unknown class,Japan,Japan_011236.xml,D50
Unknown class,Japan,Japan_011238.xml,D44
Unknown class,Japan,Japan_011240.xml,D44
Unknown class,Japan,Japan_011241.xml,D44
Unknown class,Japan,Japan_011241.xml,D50
Unknown class,Japan,Japan_011242.xml,D44
Unknown class,Japan,Japan_011247.xml,D44
Unknown class,Japan,Japan_011251.xml,D43
Unknown class,Japan,Japan_011252.xml,D50
Unknown class,Japan,Japan_011253.xml,D44
Unknown class,Japan,Japan_011258.xml,D44
Unknown class,Japan,Japan_011263.xml,D50
Unknown class,Japan,Japan_011264.xml,D44
Unknown class,Japan,Japan_011264.xml,D50
Unknown class,Japan,Japan_011265.xml,D44
Unknown class,Japan,Japan_011265.xml,D50
Unknown class,Japan,Japan_011268.xml,D50
Unknown class,Japan,Japan_011269.xml,D44
Unknown class,Japan,Japan_011273.xml,D50
Unknown class,Japan,Japan_011274.xml,D44
Unknown class,Japan,Japan_011274.xml,D44
Unknown class,Japan,Japan_011275.xml,D44
Unknown class,Japan,Japan_011275.xml,D50
Unknown class,Japan,Japan_011276.xml,D44
Unknown class,Japan,Japan_011276.xml,D44
Unknown class,Japan,Japan_011277.xml,D44
Unknown class,Japan,Japan_011278.xml,D50
Unknown class,Japan,Japan_011280.xml,D50
Unknown class,Japan,Japan_011285.xml,D44
Unknown class,Japan,Japan_011286.xml,D44
Unknown class,Japan,Japan_011286.xml,D44
Unknown class,Japan,Japan_011286.xml,D44
Unknown class,Japan,Japan_011287.xml,D44
Unknown class,Japan,Japan_011287.xml,D50
Unknown class,Japan,Japan_011289.xml,D44
Unknown class,Japan,Japan_011289.xml,D50
Unknown class,Japan,Japan_011291.xml,D43
Unknown class,Japan,Japan_011291.xml,D44
Unknown class,Japan,Japan_011294.xml,D44
Unknown class,Japan,Japan_011295.xml,D44
Unknown class,Japan,Japan_011297.xml,D44
Unknown class,Japan,Japan_011297.xml,D44
Unknown class,Japan,Japan_011297.xml,D44
Unknown class,Japan,Japan_011299.xml,D44
Unknown class,Japan,Japan_011302.xml,D50
Unknown class,Japan,Japan_011304.xml,D50
Unknown class,Japan,Japan_011304.xml,D50
Unknown class,Japan,Japan_011306.xml,D50
Unknown class,Japan,Japan_011306.xml,D50
Unknown class,Japan,Japan_011307.xml,D44
Unknown class,Japan,Japan_011308.xml,D44
Unknown class,Japan,Japan_011309.xml,D44
Unknown class,Japan,Japan_011314.xml,D44
Unknown class,Japan,Japan_011315.xml,D50
Unknown class,Japan,Japan_011315.xml,D50
Unknown class,Japan,Japan_011317.xml,D43
Unknown class,Japan,Japan_011320.xml,D50
Unknown class,Japan,Japan_011320.xml,D50
Unknown class,Japan,Japan_011321.xml,D44
Unknown class,Japan,Japan_011324.xml,D44
Unknown class,Japan,Japan_011327.xml,D50
Unknown class,Japan,Japan_011327.xml,D50
Unknown class,Japan,Japan_011327.xml,D50
Unknown class,Japan,Japan_011327.xml,D50
Unknown class,Japan,Japan_011330.xml,D44
Unknown class,Japan,Japan_011341.xml,D44
Unknown class,Japan,Japan_011341.xml,D44
Unknown class,Japan,Japan_011342.xml,D43
Unknown class,Japan,Japan_011343.xml,D50
Unknown class,Japan,Japan_011343.xml,D50
Unknown class,Japan,Japan_011343.xml,D50
Unknown class,Japan,Japan_011344.xml,D44
Unknown class,Japan,Japan_011344.xml,D44
Unknown class,Japan,Japan_011346.xml,D44
Unknown class,Japan,Japan_011347.xml,D50
Unknown class,Japan,Japan_011351.xml,D44
Unknown class,Japan,Japan_011352.xml,D50
Unknown class,Japan,Japan_011353.xml,D50
Unknown class,Japan,Japan_011355.xml,D44
Unknown class,Japan,Japan_011355.xml,D44
Unknown class,Japan,Japan_011359.xml,D44
Unknown class,Japan,Japan_011360.xml,D44
Unknown class,Japan,Japan_011361.xml,D50
Unknown class,Japan,Japan_011363.xml,D44
Unknown class,Japan,Japan_011363.xml,D44
Unknown class,Japan,Japan_011367.xml,D44
Unknown class,Japan,Japan_011368.xml,D43
Unknown class,Japan,Japan_011369.xml,D44
Unknown class,Japan,Japan_011372.xml,D44
Unknown class,Japan,Japan_011373.xml,D43
Unknown class,Japan,Japan_011374.xml,D50
Unknown class,Japan,Japan_011375.xml,D50
Unknown class,Japan,Japan_011378.xml,D43
Unknown class,Japan,Japan_011379.xml,D43
Unknown class,Japan,Japan_011381.xml,D44
Unknown class,Japan,Japan_011381.xml,D50
Unknown class,Japan,Japan_011382.xml,D44
Unknown class,Japan,Japan_011383.xml,D44
Unknown class,Japan,Japan_011384.xml,D50
Unknown class,Japan,Japan_011384.xml,D44
Unknown class,Japan,Japan_011386.xml,D44
Unknown class,Japan,Japan_011388.xml,D44
Unknown class,Japan,Japan_011389.xml,D44
Unknown class,Japan,Japan_011392.xml,D50
Unknown class,Japan,Japan_011394.xml,D50
Unknown class,Japan,Japan_011397.xml,D50
Unknown class,Japan,Japan_011397.xml,D50
Unknown class,Japan,Japan_011398.xml,D44
Unknown class,Japan,Japan_011399.xml,D50
Unknown class,Japan,Japan_011401.xml,D43
Unknown class,Japan,Japan_011401.xml,D44
Unknown class,Japan,Japan_011402.xml,D44
Unknown class,Japan,Japan_011404.xml,D50
Unknown class,Japan,Japan_011409.xml,D44
Unknown class,Japan,Japan_011409.xml,D50
Unknown class,Japan,Japan_011410.xml,D43
Unknown class,Japan,Japan_011411.xml,D44
Unknown class,Japan,Japan_011412.xml,D44
Unknown class,Japan,Japan_011414.xml,D44
Unknown class,Japan,Japan_011419.xml,D50
Unknown class,Japan,Japan_011420.xml,D50
Unknown class,Japan,Japan_011427.xml,D44
Unknown class,Japan,Japan_011427.xml,D43
Unknown class,Japan,Japan_011428.xml,D44
Unknown class,Japan,Japan_011428.xml,D44
Unknown class,Japan,Japan_011430.xml,D43
Unknown class,Japan,Japan_011430.xml,D50
Unknown class,Japan,Japan_011433.xml,D50
Unknown class,Japan,Japan_011435.xml,D50
Unknown class,Japan,Japan_011436.xml,D44
Unknown class,Japan,Japan_011436.xml,D44
Unknown class,Japan,Japan_011438.xml,D50
Unknown class,Japan,Japan_011439.xml,D50
Unknown class,Japan,Japan_011440.xml,D50
Unknown class,Japan,Japan_011440.xml,D44
Unknown class,Japan,Japan_011443.xml,D44
Unknown class,Japan,Japan_011444.xml,D50
Unknown class,Japan,Japan_011444.xml,D50
Unknown class,Japan,Japan_011446.xml,D44
Unknown class,Japan,Japan_011448.xml,D44
Unknown class,Japan,Japan_011448.xml,D50
Unknown class,Japan,Japan_011450.xml,D50
Unknown class,Japan,Japan_011454.xml,D50
Unknown class,Japan,Japan_011456.xml,D50
Unknown class,Japan,Japan_011460.xml,D50
Unknown class,Japan,Japan_011461.xml,D44
Unknown class,Japan,Japan_011462.xml,D50
Unknown class,Japan,Japan_011464.xml,D50
Unknown class,Japan,Japan_011469.xml,D43
Unknown class,Japan,Japan_011470.xml,D50
Unknown class,Japan,Japan_011470.xml,D50
Unknown class,Japan,Japan_011470.xml,D50
Unknown class,Japan,Japan_011471.xml,D44
Unknown class,Japan,Japan_011472.xml,D50
Unknown class,Japan,Japan_011472.xml,D50
Unknown class,Japan,Japan_011472.xml,D50
Unknown class,Japan,Japan_011473.xml,D44
Unknown class,Japan,Japan_011475.xml,D50
Unknown class,Japan,Japan_011476.xml,D44
Unknown class,Japan,Japan_011477.xml,D44
Unknown class,Japan,Japan_011477.xml,D44
Unknown class,Japan,Japan_011477.xml,D50
Unknown class,Japan,Japan_011479.xml,D50
Unknown class,Japan,Japan_011480.xml,D43
Unknown class,Japan,Japan_011481.xml,D50
Unknown class,Japan,Japan_011482.xml,D44
Unknown class,Japan,Japan_011490.xml,D44
Unknown class,Japan,Japan_011491.xml,D44
Unknown class,Japan,Japan_011496.xml,D44
Unknown class,Japan,Japan_011499.xml,D50
Unknown class,Japan,Japan_011499.xml,D50
Unknown class,Japan,Japan_011501.xml,D44
Unknown class,Japan,Japan_011503.xml,D44
Unknown class,Japan,Japan_011511.xml,D44
Unknown class,Japan,Japan_011511.xml,D44
Unknown class,Japan,Japan_011512.xml,D50
Unknown class,Japan,Japan_011513.xml,D50
Unknown class,Japan,Japan_011513.xml,D44
Unknown class,Japan,Japan_011514.xml,D44
Unknown class,Japan,Japan_011515.xml,D50
Unknown class,Japan,Japan_011518.xml,D44
Unknown class,Japan,Japan_011519.xml,D43
Unknown class,Japan,Japan_011519.xml,D43
Unknown class,Japan,Japan_011524.xml,D50
Unknown class,Japan,Japan_011527.xml,D50
Unknown class,Japan,Japan_011529.xml,D44
Unknown class,Japan,Japan_011531.xml,D50
Unknown class,Japan,Japan_011536.xml,D44
Unknown class,Japan,Japan_011536.xml,D50
Unknown class,Japan,Japan_011538.xml,D44
Unknown class,Japan,Japan_011539.xml,D44
Unknown class,Japan,Japan_011540.xml,D44
Unknown class,Japan,Japan_011540.xml,D50
Unknown class,Japan,Japan_011542.xml,D50
Unknown class,Japan,Japan_011544.xml,D44
Unknown class,Japan,Japan_011546.xml,D44
Unknown class,Japan,Japan_011546.xml,D43
Unknown class,Japan,Japan_011546.xml,D50
Unknown class,Japan,Japan_011548.xml,D44
Unknown class,Japan,Japan_011552.xml,D44
Unknown class,Japan,Japan_011552.xml,D44
Unknown class,Japan,Japan_011553.xml,D50
Unknown class,Japan,Japan_011560.xml,D44
Unknown class,Japan,Japan_011560.xml,D50
Unknown class,Japan,Japan_011560.xml,D50
Unknown class,Japan,Japan_011563.xml,D50
Unknown class,Japan,Japan_011563.xml,D50
Unknown class,Japan,Japan_011564.xml,D44
Unknown class,Japan,Japan_011565.xml,D50
Unknown class,Japan,Japan_011566.xml,D50
Unknown class,Japan,Japan_011567.xml,D43
Unknown class,Japan,Japan_011567.xml,D50
Unknown class,Japan,Japan_011572.xml,D43
Unknown class,Japan,Japan_011576.xml,D50
Unknown class,Japan,Japan_011578.xml,D50
Unknown class,Japan,Japan_011582.xml,D50
Unknown class,Japan,Japan_011583.xml,D44
Unknown class,Japan,Japan_011586.xml,D50
Unknown class,Japan,Japan_011589.xml,D44
Unknown class,Japan,Japan_011591.xml,D50
Unknown class,Japan,Japan_011592.xml,D44
Unknown class,Japan,Japan_011602.xml,D44
Unknown class,Japan,Japan_011602.xml,D50
Unknown class,Japan,Japan_011603.xml,D50
Unknown class,Japan,Japan_011603.xml,D50
Unknown class,Japan,Japan_011606.xml,D44
Unknown class,Japan,Japan_011607.xml,D44
Unknown class,Japan,Japan_011610.xml,D50
Unknown class,Japan,Japan_011611.xml,D44
Unknown class,Japan,Japan_011615.xml,D44
Unknown class,Japan,Japan_011615.xml,D50
Unknown class,Japan,Japan_011617.xml,D50
Unknown class,Japan,Japan_011617.xml,D50
Unknown class,Japan,Japan_011617.xml,D43
Unknown class,Japan,Japan_011618.xml,D44
Unknown class,Japan,Japan_011618.xml,D44
Unknown class,Japan,Japan_011622.xml,D44
Unknown class,Japan,Japan_011631.xml,D50
Unknown class,Japan,Japan_011634.xml,D44
Unknown class,Japan,Japan_011635.xml,D44
Unknown class,Japan,Japan_011636.xml,D50
Unknown class,Japan,Japan_011639.xml,D44
Unknown class,Japan,Japan_011639.xml,D50
Unknown class,Japan,Japan_011639.xml,D50
Unknown class,Japan,Japan_011642.xml,D44
Unknown class,Japan,Japan_011645.xml,D44
Unknown class,Japan,Japan_011646.xml,D44
Unknown class,Japan,Japan_011647.xml,D44
Unknown class,Japan,Japan_011647.xml,D44
Unknown class,Japan,Japan_011655.xml,D50
Unknown class,Japan,Japan_011658.xml,D50
Unknown class,Japan,Japan_011658.xml,D50
Unknown class,Japan,Japan_011666.xml,D44
Unknown class,Japan,Japan_011668.xml,D44
Unknown class,Japan,Japan_011670.xml,D43
Unknown class,Japan,Japan_011675.xml,D44
Unknown class,Japan,Japan_011675.xml,D44
Unknown class,Japan,Japan_011676.xml,D43
Unknown class,Japan,Japan_011677.xml,D44
Unknown class,Japan,Japan_011678.xml,D44
Unknown class,Japan,Japan_011678.xml,D50
Unknown class,Japan,Japan_011680.xml,D43
Unknown class,Japan,Japan_011682.xml,D50
Unknown class,Japan,Japan_011682.xml,D50
Unknown class,Japan,Japan_011685.xml,D44
Unknown class,Japan,Japan_011688.xml,D50
Unknown class,Japan,Japan_011694.xml,D44
Unknown class,Japan,Japan_011695.xml,D44
Unknown class,Japan,Japan_011695.xml,D44
Unknown class,Japan,Japan_011695.xml,D50
Unknown class,Japan,Japan_011696.xml,D44
Unknown class,Japan,Japan_011696.xml,D44
Unknown class,Japan,Japan_011696.xml,D44
Unknown class,Japan,Japan_011697.xml,D43
Unknown class,Japan,Japan_011697.xml,D50
Unknown class,Japan,Japan_011697.xml,D50
Unknown class,Japan,Japan_011697.xml,D50
Unknown class,Japan,Japan_011698.xml,D50
Unknown class,Japan,Japan_011699.xml,D44
Unknown class,Japan,Japan_011699.xml,D50
Unknown class,Japan,Japan_011701.xml,D44
Unknown class,Japan,Japan_011704.xml,D44
Unknown class,Japan,Japan_011704.xml,D44
Unknown class,Japan,Japan_011706.xml,D50
Unknown class,Japan,Japan_011706.xml,D50
Unknown class,Japan,Japan_011707.xml,D44
Unknown class,Japan,Japan_011707.xml,D44
Unknown class,Japan,Japan_011711.xml,D44
Unknown class,Japan,Japan_011713.xml,D50
Unknown class,Japan,Japan_011714.xml,D50
Unknown class,Japan,Japan_011714.xml,D44
Unknown class,Japan,Japan_011715.xml,D44
Unknown class,Japan,Japan_011716.xml,D44
Unknown class,Japan,Japan_011716.xml,D50
Unknown class,Japan,Japan_011717.xml,D44
Unknown class,Japan,Japan_011718.xml,D44
Unknown class,Japan,Japan_011720.xml,D50
Unknown class,Japan,Japan_011722.xml,D44
Unknown class,Japan,Japan_011724.xml,D44
Unknown class,Japan,Japan_011724.xml,D44
Unknown class,Japan,Japan_011727.xml,D44
Unknown class,Japan,Japan_011728.xml,D50
Unknown class,Japan,Japan_011728.xml,D50
Unknown class,Japan,Japan_011729.xml,D50
Unknown class,Japan,Japan_011731.xml,D44
Unknown class,Japan,Japan_011731.xml,D50
Unknown class,Japan,Japan_011731.xml,D50
Unknown class,Japan,Japan_011733.xml,D50
Unknown class,Japan,Japan_011734.xml,D43
Unknown class,Japan,Japan_011735.xml,D50
Unknown class,Japan,Japan_011735.xml,D44
Unknown class,Japan,Japan_011736.xml,D43
Unknown class,Japan,Japan_011738.xml,D44
Unknown class,Japan,Japan_011741.xml,D44
Unknown class,Japan,Japan_011741.xml,D44
Unknown class,Japan,Japan_011743.xml,D44
Unknown class,Japan,Japan_011746.xml,D50
Unknown class,Japan,Japan_011747.xml,D44
Unknown class,Japan,Japan_011747.xml,D44
Unknown class,Japan,Japan_011749.xml,D44
Unknown class,Japan,Japan_011749.xml,D44
Unknown class,Japan,Japan_011754.xml,D44
Unknown class,Japan,Japan_011756.xml,D44
Unknown class,Japan,Japan_011758.xml,D50
Unknown class,Japan,Japan_011758.xml,D50
Unknown class,Japan,Japan_011761.xml,D50
Unknown class,Japan,Japan_011765.xml,D50
Unknown class,Japan,Japan_011766.xml,D44
Unknown class,Japan,Japan_011766.xml,D44
Unknown class,Japan,Japan_011767.xml,D50
Unknown class,Japan,Japan_011767.xml,D50
Unknown class,Japan,Japan_011768.xml,D44
Unknown class,Japan,Japan_011768.xml,D44
Unknown class,Japan,Japan_011770.xml,D44
Unknown class,Japan,Japan_011770.xml,D44
Unknown class,Japan,Japan_011771.xml,D50
Unknown class,Japan,Japan_011771.xml,D50
Unknown class,Japan,Japan_011771.xml,D50
Unknown class,Japan,Japan_011771.xml,D50
Unknown class,Japan,Japan_011771.xml,D50
Unknown class,Japan,Japan_011771.xml,D50
Unknown class,Japan,Japan_011772.xml,D50
Unknown class,Japan,Japan_011774.xml,D44
Unknown class,Japan,Japan_011774.xml,D44
Unknown class,Japan,Japan_011775.xml,D44
Unknown class,Japan,Japan_011775.xml,D44
Unknown class,Japan,Japan_011778.xml,D50
Unknown class,Japan,Japan_011778.xml,D50
Unknown class,Japan,Japan_011778.xml,D50
Unknown class,Japan,Japan_011779.xml,D50
Unknown class,Japan,Japan_011785.xml,D44
Unknown class,Japan,Japan_011785.xml,D50
Unknown class,Japan,Japan_011785.xml,D50
Unknown class,Japan,Japan_011786.xml,D50
Unknown class,Japan,Japan_011787.xml,D44
Unknown class,Japan,Japan_011787.xml,D44
Unknown class,Japan,Japan_011789.xml,D44
Unknown class,Japan,Japan_011796.xml,D44
Unknown class,Japan,Japan_011797.xml,D43
Unknown class,Japan,Japan_011797.xml,D50
Unknown class,Japan,Japan_011797.xml,D50
Unknown class,Japan,Japan_011797.xml,D50
Unknown class,Japan,Japan_011801.xml,D43
Unknown class,Japan,Japan_011804.xml,D43
Unknown class,Japan,Japan_011809.xml,D50
Unknown class,Japan,Japan_011810.xml,D44
Unknown class,Japan,Japan_011812.xml,D44
Unknown class,Japan,Japan_011812.xml,D44
Unknown class,Japan,Japan_011816.xml,D50
Unknown class,Japan,Japan_011817.xml,D44
Unknown class,Japan,Japan_011818.xml,D44
Unknown class,Japan,Japan_011818.xml,D44
Unknown class,Japan,Japan_011818.xml,D50
Unknown class,Japan,Japan_011821.xml,D44
Unknown class,Japan,Japan_011822.xml,D50
Unknown class,Japan,Japan_011829.xml,D50
Unknown class,Japan,Japan_011831.xml,D50
Unknown class,Japan,Japan_011831.xml,D50
Unknown class,Japan,Japan_011833.xml,D50
Unknown class,Japan,Japan_011834.xml,D44
Unknown class,Japan,Japan_011834.xml,D44
Unknown class,Japan,Japan_011837.xml,D44
Unknown class,Japan,Japan_011839.xml,D44
Unknown class,Japan,Japan_011840.xml,D44
Unknown class,Japan,Japan_011840.xml,D44
Unknown class,Japan,Japan_011841.xml,D44
Unknown class,Japan,Japan_011844.xml,D50
Unknown class,Japan,Japan_011844.xml,D44
Unknown class,Japan,Japan_011855.xml,D44
Unknown class,Japan,Japan_011857.xml,D44
Unknown class,Japan,Japan_011861.xml,D43
Unknown class,Japan,Japan_011865.xml,D44
Unknown class,Japan,Japan_011867.xml,D44
Unknown class,Japan,Japan_011867.xml,D44
Unknown class,Japan,Japan_011868.xml,D50
Unknown class,Japan,Japan_011869.xml,D44
Unknown class,Japan,Japan_011870.xml,D44
Unknown class,Japan,Japan_011871.xml,D44
Unknown class,Japan,Japan_011872.xml,D50
Unknown class,Japan,Japan_011872.xml,D50
Unknown class,Japan,Japan_011876.xml,D50
Unknown class,Japan,Japan_011876.xml,D50
Unknown class,Japan,Japan_011876.xml,D50
Unknown class,Japan,Japan_011878.xml,D50
Unknown class,Japan,Japan_011879.xml,D50
Unknown class,Japan,Japan_011879.xml,D50
Unknown class,Japan,Japan_011882.xml,D44
Unknown class,Japan,Japan_011883.xml,D44
Unknown class,Japan,Japan_011883.xml,D50
Unknown class,Japan,Japan_011884.xml,D44
Unknown class,Japan,Japan_011884.xml,D50
Unknown class,Japan,Japan_011884.xml,D50
Unknown class,Japan,Japan_011887.xml,D44
Unknown class,Japan,Japan_011889.xml,D44
Unknown class,Japan,Japan_011891.xml,D44
Unknown class,Japan,Japan_011896.xml,D50
Unknown class,Japan,Japan_011899.xml,D44
Unknown class,Japan,Japan_011900.xml,D44
Unknown class,Japan,Japan_011900.xml,D44
Unknown class,Japan,Japan_011900.xml,D50
Unknown class,Japan,Japan_011900.xml,D50
Unknown class,Japan,Japan_011900.xml,D50
Unknown class,Japan,Japan_011901.xml,D50
Unknown class,Japan,Japan_011901.xml,D50
Unknown class,Japan,Japan_011910.xml,D50
Unknown class,Japan,Japan_011912.xml,D44
Unknown class,Japan,Japan_011913.xml,D44
Unknown class,Japan,Japan_011914.xml,D44
Unknown class,Japan,Japan_011917.xml,D44
Unknown class,Japan,Japan_011923.xml,D50
Unknown class,Japan,Japan_011924.xml,D50
Unknown class,Japan,Japan_011925.xml,D50
Unknown class,Japan,Japan_011927.xml,D50
Unknown class,Japan,Japan_011931.xml,D50
Unknown class,Japan,Japan_011932.xml,D50
Unknown class,Japan,Japan_011932.xml,D50
Unknown class,Japan,Japan_011933.xml,D50
Unknown class,Japan,Japan_011933.xml,D44
Unknown class,Japan,Japan_011934.xml,D43
Unknown class,Japan,Japan_011935.xml,D44
Unknown class,Japan,Japan_011937.xml,D44
Unknown class,Japan,Japan_011942.xml,D44
Unknown class,Japan,Japan_011943.xml,D44
Unknown class,Japan,Japan_011943.xml,D44
Unknown class,Japan,Japan_011944.xml,D50
Unknown class,Japan,Japan_011947.xml,D50
Unknown class,Japan,Japan_011947.xml,D44
Unknown class,Japan,Japan_011947.xml,D44
Unknown class,Japan,Japan_011947.xml,D44
Unknown class,Japan,Japan_011947.xml,D44
Unknown class,Japan,Japan_011947.xml,D50
Unknown class,Japan,Japan_011950.xml,D44
Unknown class,Japan,Japan_011951.xml,D44
Unknown class,Japan,Japan_011952.xml,D50
Unknown class,Japan,Japan_011958.xml,D50
Unknown class,Japan,Japan_011962.xml,D44
Unknown class,Japan,Japan_011963.xml,D43
Unknown class,Japan,Japan_011965.xml,D50
Unknown class,Japan,Japan_011967.xml,D50
Unknown class,Japan,Japan_011967.xml,D44
Unknown class,Japan,Japan_011970.xml,D44
Unknown class,Japan,Japan_011970.xml,D50
Unknown class,Japan,Japan_011971.xml,D50
Unknown class,Japan,Japan_011974.xml,D44
Unknown class,Japan,Japan_011977.xml,D44
Unknown class,Japan,Japan_011977.xml,D50
Unknown class,Japan,Japan_011979.xml,D44
Unknown class,Japan,Japan_011980.xml,D44
Unknown class,Japan,Japan_011980.xml,D44
Unknown class,Japan,Japan_011981.xml,D44
Unknown class,Japan,Japan_011981.xml,D44
Unknown class,Japan,Japan_011984.xml,D44
Unknown class,Japan,Japan_011986.xml,D44
Unknown class,Japan,Japan_011987.xml,D44
Unknown class,Japan,Japan_011988.xml,D44
Unknown class,Japan,Japan_011988.xml,D50
Unknown class,Japan,Japan_011991.xml,D43
Unknown class,Japan,Japan_011992.xml,D43
Unknown class,Japan,Japan_011992.xml,D50
Unknown class,Japan,Japan_011994.xml,D50
Unknown class,Japan,Japan_011995.xml,D44
Unknown class,Japan,Japan_011997.xml,D50
Unknown class,Japan,Japan_011999.xml,D44
Unknown class,Japan,Japan_011999.xml,D44
Unknown class,Japan,Japan_012004.xml,D43
Unknown class,Japan,Japan_012006.xml,D50
Unknown class,Japan,Japan_012011.xml,D50
Unknown class,Japan,Japan_012011.xml,D50
Unknown class,Japan,Japan_012011.xml,D50
Unknown class,Japan,Japan_012011.xml,D50
Unknown class,Japan,Japan_012011.xml,D50
Unknown class,Japan,Japan_012013.xml,D44
Unknown class,Japan,Japan_012015.xml,D50
Unknown class,Japan,Japan_012016.xml,D44
Unknown class,Japan,Japan_012017.xml,D44
Unknown class,Japan,Japan_012019.xml,D50
Unknown class,Japan,Japan_012019.xml,D50
Unknown class,Japan,Japan_012022.xml,D50
Unknown class,Japan,Japan_012025.xml,D44
Unknown class,Japan,Japan_012027.xml,D44
Unknown class,Japan,Japan_012029.xml,D50
Unknown class,Japan,Japan_012029.xml,D50
Unknown class,Japan,Japan_012030.xml,D50
Unknown class,Japan,Japan_012032.xml,D50
Unknown class,Japan,Japan_012034.xml,D43
Unknown class,Japan,Japan_012037.xml,D43
Unknown class,Japan,Japan_012040.xml,D44
Unknown class,Japan,Japan_012041.xml,D43
Unknown class,Japan,Japan_012041.xml,D50
Unknown class,Japan,Japan_012043.xml,D50
Unknown class,Japan,Japan_012044.xml,D44
Unknown class,Japan,Japan_012046.xml,D50
Unknown class,Japan,Japan_012046.xml,D50
Unknown class,Japan,Japan_012047.xml,D50
Unknown class,Japan,Japan_012047.xml,D50
Unknown class,Japan,Japan_012049.xml,D44
Unknown class,Japan,Japan_012051.xml,D50
Unknown class,Japan,Japan_012054.xml,D44
Unknown class,Japan,Japan_012055.xml,D44
Unknown class,Japan,Japan_012055.xml,D50
Unknown class,Japan,Japan_012056.xml,D44
Unknown class,Japan,Japan_012058.xml,D44
Unknown class,Japan,Japan_012061.xml,D44
Unknown class,Japan,Japan_012062.xml,D50
Unknown class,Japan,Japan_012064.xml,D44
Unknown class,Japan,Japan_012067.xml,D50
Unknown class,Japan,Japan_012067.xml,D50
Unknown class,Japan,Japan_012068.xml,D44
Unknown class,Japan,Japan_012068.xml,D50
Unknown class,Japan,Japan_012072.xml,D43
Unknown class,Japan,Japan_012073.xml,D44
Unknown class,Japan,Japan_012073.xml,D44
Unknown class,Japan,Japan_012076.xml,D43
Unknown class,Japan,Japan_012077.xml,D43
Unknown class,Japan,Japan_012079.xml,D44
Unknown class,Japan,Japan_012079.xml,D44
Unknown class,Japan,Japan_012080.xml,D44
Unknown class,Japan,Japan_012081.xml,D44
Unknown class,Japan,Japan_012081.xml,D44
Unknown class,Japan,Japan_012081.xml,D50
Unknown class,Japan,Japan_012082.xml,D44
Unknown class,Japan,Japan_012082.xml,D44
Unknown class,Japan,Japan_012084.xml,D50
Unknown class,Japan,Japan_012087.xml,D44
Unknown class,Japan,Japan_012097.xml,D50
Unknown class,Japan,Japan_012097.xml,D50
Unknown class,Japan,Japan_012101.xml,D50
Unknown class,Japan,Japan_012103.xml,D44
Unknown class,Japan,Japan_012103.xml,D50
Unknown class,Japan,Japan_012105.xml,D50
Unknown class,Japan,Japan_012119.xml,D50
Unknown class,Japan,Japan_012119.xml,D50
Unknown class,Japan,Japan_012121.xml,D44
Unknown class,Japan,Japan_012122.xml,D44
Unknown class,Japan,Japan_012123.xml,D44
Unknown class,Japan,Japan_012123.xml,D44
Unknown class,Japan,Japan_012124.xml,D43
Unknown class,Japan,Japan_012124.xml,D43
Unknown class,Japan,Japan_012124.xml,D50
Unknown class,Japan,Japan_012124.xml,D50
Unknown class,Japan,Japan_012125.xml,D44
Unknown class,Japan,Japan_012126.xml,D43
Unknown class,Japan,Japan_012127.xml,D44
Unknown class,Japan,Japan_012129.xml,D44
Unknown class,Japan,Japan_012130.xml,D44
Unknown class,Japan,Japan_012131.xml,D50
Unknown class,Japan,Japan_012133.xml,D50
Unknown class,Japan,Japan_012133.xml,D50
Unknown class,Japan,Japan_012136.xml,D50
Unknown class,Japan,Japan_012140.xml,D44
Unknown class,Japan,Japan_012140.xml,D44
Unknown class,Japan,Japan_012141.xml,D43
Unknown class,Japan,Japan_012141.xml,D50
Unknown class,Japan,Japan_012141.xml,D50
Unknown class,Japan,Japan_012147.xml,D43
Unknown class,Japan,Japan_012147.xml,D50
Unknown class,Japan,Japan_012148.xml,D50
Unknown class,Japan,Japan_012148.xml,D50
Unknown class,Japan,Japan_012149.xml,D44
Unknown class,Japan,Japan_012149.xml,D43
Unknown class,Japan,Japan_012151.xml,D50
Unknown class,Japan,Japan_012154.xml,D44
Unknown class,Japan,Japan_012155.xml,D44
Unknown class,Japan,Japan_012155.xml,D43
Unknown class,Japan,Japan_012159.xml,D50
Unknown class,Japan,Japan_012159.xml,D50
Unknown class,Japan,Japan_012162.xml,D44
Unknown class,Japan,Japan_012163.xml,D44
Unknown class,Japan,Japan_012163.xml,D50
Unknown class,Japan,Japan_012163.xml,D44
Unknown class,Japan,Japan_012166.xml,D44
Unknown class,Japan,Japan_012168.xml,D44
Unknown class,Japan,Japan_012170.xml,D50
Unknown class,Japan,Japan_012171.xml,D44
Unknown class,Japan,Japan_012175.xml,D50
Unknown class,Japan,Japan_012177.xml,D50
Unknown class,Japan,Japan_012178.xml,D44
Unknown class,Japan,Japan_012179.xml,D44
Unknown class,Japan,Japan_012179.xml,D44
Unknown class,Japan,Japan_012181.xml,D44
Unknown class,Japan,Japan_012181.xml,D44
Unknown class,Japan,Japan_012187.xml,D44
Unknown class,Japan,Japan_012189.xml,D50
Unknown class,Japan,Japan_012189.xml,D50
Unknown class,Japan,Japan_012192.xml,D50
Unknown class,Japan,Japan_012193.xml,D44
Unknown class,Japan,Japan_012193.xml,D50
Unknown class,Japan,Japan_012194.xml,D44
Unknown class,Japan,Japan_012194.xml,D44
Unknown class,Japan,Japan_012194.xml,D50
Unknown class,Japan,Japan_012197.xml,D50
Unknown class,Japan,Japan_012198.xml,D50
Unknown class,Japan,Japan_012209.xml,D44
Unknown class,Japan,Japan_012209.xml,D44
Unknown class,Japan,Japan_012209.xml,D44
Unknown class,Japan,Japan_012212.xml,D44
Unknown class,Japan,Japan_012214.xml,D44
Unknown class,Japan,Japan_012214.xml,D50
Unknown class,Japan,Japan_012217.xml,D44
Unknown class,Japan,Japan_012217.xml,D50
Unknown class,Japan,Japan_012219.xml,D44
Unknown class,Japan,Japan_012220.xml,D50
Unknown class,Japan,Japan_012223.xml,D44
Unknown class,Japan,Japan_012224.xml,D44
Unknown class,Japan,Japan_012229.xml,D50
Unknown class,Japan,Japan_012231.xml,D44
Unknown class,Japan,Japan_012232.xml,D44
Unknown class,Japan,Japan_012232.xml,D44
Unknown class,Japan,Japan_012233.xml,D44
Unknown class,Japan,Japan_012234.xml,D43
Unknown class,Japan,Japan_012241.xml,D50
Unknown class,Japan,Japan_012244.xml,D50
Unknown class,Japan,Japan_012244.xml,D50
Unknown class,Japan,Japan_012246.xml,D50
Unknown class,Japan,Japan_012247.xml,D44
Unknown class,Japan,Japan_012247.xml,D44
Unknown class,Japan,Japan_012248.xml,D44
Unknown class,Japan,Japan_012248.xml,D44
Unknown class,Japan,Japan_012254.xml,D50
Unknown class,Japan,Japan_012254.xml,D44
Unknown class,Japan,Japan_012254.xml,D44
Unknown class,Japan,Japan_012256.xml,D43
Unknown class,Japan,Japan_012258.xml,D50
Unknown class,Japan,Japan_012258.xml,D50
Unknown class,Japan,Japan_012261.xml,D44
Unknown class,Japan,Japan_012262.xml,D50
Unknown class,Japan,Japan_012263.xml,D44
Unknown class,Japan,Japan_012267.xml,D44
Unknown class,Japan,Japan_012271.xml,D44
Unknown class,Japan,Japan_012271.xml,D43
Unknown class,Japan,Japan_012273.xml,D43
Unknown class,Japan,Japan_012277.xml,D44
Unknown class,Japan,Japan_012282.xml,D44
Unknown class,Japan,Japan_012283.xml,D44
Unknown class,Japan,Japan_012289.xml,D44
Unknown class,Japan,Japan_012291.xml,D44
Unknown class,Japan,Japan_012291.xml,D44
Unknown class,Japan,Japan_012294.xml,D44
Unknown class,Japan,Japan_012296.xml,D44
Unknown class,Japan,Japan_012298.xml,D44
Unknown class,Japan,Japan_012299.xml,D44
Unknown class,Japan,Japan_012301.xml,D50
Unknown class,Japan,Japan_012301.xml,D44
Unknown class,Japan,Japan_012302.xml,D44
Unknown class,Japan,Japan_012303.xml,D43
Unknown class,Japan,Japan_012303.xml,D44
Unknown class,Japan,Japan_012307.xml,D44
Unknown class,Japan,Japan_012310.xml,D44
Unknown class,Japan,Japan_012311.xml,D43
Unknown class,Japan,Japan_012314.xml,D44
Unknown class,Japan,Japan_012316.xml,D44
Unknown class,Japan,Japan_012316.xml,D50
Unknown class,Japan,Japan_012317.xml,D44
Unknown class,Japan,Japan_012320.xml,D50
Unknown class,Japan,Japan_012325.xml,D44
Unknown class,Japan,Japan_012327.xml,D50
Unknown class,Japan,Japan_012328.xml,D44
Unknown class,Japan,Japan_012328.xml,D44
Unknown class,Japan,Japan_012331.xml,D44
Unknown class,Japan,Japan_012332.xml,D44
Unknown class,Japan,Japan_012334.xml,D44
Unknown class,Japan,Japan_012335.xml,D44
Unknown class,Japan,Japan_012336.xml,D50
Unknown class,Japan,Japan_012338.xml,D50
Unknown class,Japan,Japan_012339.xml,D44
Unknown class,Japan,Japan_012346.xml,D44
Unknown class,Japan,Japan_012346.xml,D50
Unknown class,Japan,Japan_012348.xml,D44
Unknown class,Japan,Japan_012349.xml,D44
Unknown class,Japan,Japan_012349.xml,D44
Unknown class,Japan,Japan_012350.xml,D44
Unknown class,Japan,Japan_012350.xml,D44
Unknown class,Japan,Japan_012352.xml,D50
Unknown class,Japan,Japan_012354.xml,D44
Unknown class,Japan,Japan_012355.xml,D44
Unknown class,Japan,Japan_012356.xml,D44
Unknown class,Japan,Japan_012357.xml,D44
Unknown class,Japan,Japan_012357.xml,D50
Unknown class,Japan,Japan_012358.xml,D50
Unknown class,Japan,Japan_012364.xml,D44
Unknown class,Japan,Japan_012365.xml,D50
Unknown class,Japan,Japan_012365.xml,D50
Unknown class,Japan,Japan_012368.xml,D44
Unknown class,Japan,Japan_012368.xml,D44
Unknown class,Japan,Japan_012369.xml,D44
Unknown class,Japan,Japan_012369.xml,D44
Unknown class,Japan,Japan_012371.xml,D44
Unknown class,Japan,Japan_012373.xml,D44
Unknown class,Japan,Japan_012375.xml,D43
Unknown class,Japan,Japan_012375.xml,D50
Unknown class,Japan,Japan_012375.xml,D50
Unknown class,Japan,Japan_012378.xml,D50
Unknown class,Japan,Japan_012379.xml,D44
Unknown class,Japan,Japan_012379.xml,D50
Unknown class,Japan,Japan_012379.xml,D50
Unknown class,Japan,Japan_012380.xml,D50
Unknown class,Japan,Japan_012381.xml,D44
Unknown class,Japan,Japan_012381.xml,D44
Unknown class,Japan,Japan_012387.xml,D43
Unknown class,Japan,Japan_012387.xml,D44
Unknown class,Japan,Japan_012387.xml,D50
Unknown class,Japan,Japan_012387.xml,D50
Unknown class,Japan,Japan_012388.xml,D43
Unknown class,Japan,Japan_012389.xml,D44
Unknown class,Japan,Japan_012390.xml,D50
Unknown class,Japan,Japan_012397.xml,D44
Unknown class,Japan,Japan_012401.xml,D44
Unknown class,Japan,Japan_012402.xml,D50
Unknown class,Japan,Japan_012405.xml,D44
Unknown class,Japan,Japan_012405.xml,D50
Unknown class,Japan,Japan_012407.xml,D50
Unknown class,Japan,Japan_012407.xml,D50
Unknown class,Japan,Japan_012409.xml,D50
Unknown class,Japan,Japan_012409.xml,D50
Unknown class,Japan,Japan_012409.xml,D50
Unknown class,Japan,Japan_012409.xml,D50
Unknown class,Japan,Japan_012409.xml,D50
Unknown class,Japan,Japan_012411.xml,D44
Unknown class,Japan,Japan_012417.xml,D44
Unknown class,Japan,Japan_012417.xml,D43
Unknown class,Japan,Japan_012418.xml,D50
Unknown class,Japan,Japan_012419.xml,D44
Unknown class,Japan,Japan_012419.xml,D44
Unknown class,Japan,Japan_012420.xml,D44
Unknown class,Japan,Japan_012421.xml,D50
Unknown class,Japan,Japan_012421.xml,D50
Unknown class,Japan,Japan_012421.xml,D50
Unknown class,Japan,Japan_012421.xml,D50
Unknown class,Japan,Japan_012422.xml,D44
Unknown class,Japan,Japan_012424.xml,D44
Unknown class,Japan,Japan_012424.xml,D50
Unknown class,Japan,Japan_012426.xml,D50
Unknown class,Japan,Japan_012426.xml,D50
Unknown class,Japan,Japan_012427.xml,D44
Unknown class,Japan,Japan_012428.xml,D43
Unknown class,Japan,Japan_012432.xml,D50
Unknown class,Japan,Japan_012435.xml,D44
Unknown class,Japan,Japan_012435.xml,D44
Unknown class,Japan,Japan_012436.xml,D50
Unknown class,Japan,Japan_012438.xml,D50
Unknown class,Japan,Japan_012438.xml,D50
Unknown class,Japan,Japan_012440.xml,D44
Unknown class,Japan,Japan_012440.xml,D44
Unknown class,Japan,Japan_012441.xml,D44
Unknown class,Japan,Japan_012442.xml,D50
Unknown class,Japan,Japan_012444.xml,D43
Unknown class,Japan,Japan_012446.xml,D44
Unknown class,Japan,Japan_012449.xml,D50
Unknown class,Japan,Japan_012452.xml,D50
Unknown class,Japan,Japan_012453.xml,D44
Unknown class,Japan,Japan_012454.xml,D44
Unknown class,Japan,Japan_012456.xml,D44
Unknown class,Japan,Japan_012460.xml,D44
Unknown class,Japan,Japan_012461.xml,D43
Unknown class,Japan,Japan_012464.xml,D50
Unknown class,Japan,Japan_012465.xml,D50
Unknown class,Japan,Japan_012465.xml,D50
Unknown class,Japan,Japan_012466.xml,D44
Unknown class,Japan,Japan_012466.xml,D50
Unknown class,Japan,Japan_012472.xml,D44
Unknown class,Japan,Japan_012473.xml,D50
Unknown class,Japan,Japan_012474.xml,D44
Unknown class,Japan,Japan_012474.xml,D44
Unknown class,Japan,Japan_012475.xml,D43
Unknown class,Japan,Japan_012476.xml,D50
Unknown class,Japan,Japan_012477.xml,D44
Unknown class,Japan,Japan_012477.xml,D44
Unknown class,Japan,Japan_012478.xml,D44
Unknown class,Japan,Japan_012480.xml,D43
Unknown class,Japan,Japan_012480.xml,D50
Unknown class,Japan,Japan_012483.xml,D44
Unknown class,Japan,Japan_012484.xml,D44
Unknown class,Japan,Japan_012484.xml,D44
Unknown class,Japan,Japan_012485.xml,D50
Unknown class,Japan,Japan_012487.xml,D44
Unknown class,Japan,Japan_012487.xml,D44
Unknown class,Japan,Japan_012488.xml,D44
Unknown class,Japan,Japan_012490.xml,D43
Unknown class,Japan,Japan_012490.xml,D43
Unknown class,Japan,Japan_012493.xml,D50
Unknown class,Japan,Japan_012493.xml,D44
Unknown class,Japan,Japan_012494.xml,D50
Unknown class,Japan,Japan_012504.xml,D44
Unknown class,Japan,Japan_012504.xml,D50
Unknown class,Japan,Japan_012505.xml,D44
Unknown class,Japan,Japan_012506.xml,D50
Unknown class,Japan,Japan_012507.xml,D43
Unknown class,Japan,Japan_012510.xml,D44
Unknown class,Japan,Japan_012514.xml,D43
Unknown class,Japan,Japan_012515.xml,D50
Unknown class,Japan,Japan_012515.xml,D44
Unknown class,Japan,Japan_012520.xml,D44
Unknown class,Japan,Japan_012520.xml,D44
Unknown class,Japan,Japan_012523.xml,D50
Unknown class,Japan,Japan_012523.xml,D50
Unknown class,Japan,Japan_012524.xml,D44
Unknown class,Japan,Japan_012524.xml,D44
Unknown class,Japan,Japan_012529.xml,D44
Unknown class,Japan,Japan_012530.xml,D44
Unknown class,Japan,Japan_012530.xml,D50
Unknown class,Japan,Japan_012530.xml,D50
Unknown class,Japan,Japan_012531.xml,D44
Unknown class,Japan,Japan_012532.xml,D44
Unknown class,Japan,Japan_012534.xml,D44
Unknown class,Japan,Japan_012537.xml,D50
Unknown class,Japan,Japan_012538.xml,D50
Unknown class,Japan,Japan_012543.xml,D44
Unknown class,Japan,Japan_012545.xml,D44
Unknown class,Japan,Japan_012547.xml,D44
Unknown class,Japan,Japan_012547.xml,D44
Unknown class,Japan,Japan_012550.xml,D50
Unknown class,Japan,Japan_012553.xml,D44
Unknown class,Japan,Japan_012553.xml,D44
Unknown class,Japan,Japan_012553.xml,D50
Unknown class,Japan,Japan_012553.xml,D50
Unknown class,Japan,Japan_012553.xml,D50
Unknown class,Japan,Japan_012553.xml,D50
Unknown class,Japan,Japan_012556.xml,D44
Unknown class,Japan,Japan_012558.xml,D50
Unknown class,Japan,Japan_012560.xml,D44
Unknown class,Japan,Japan_012561.xml,D50
Unknown class,Japan,Japan_012563.xml,D44
Unknown class,Japan,Japan_012563.xml,D44
Unknown class,Japan,Japan_012564.xml,D50
Unknown class,Japan,Japan_012564.xml,D50
Unknown class,Japan,Japan_012564.xml,D50
Unknown class,Japan,Japan_012567.xml,D44
Unknown class,Japan,Japan_012567.xml,D50
Unknown class,Japan,Japan_012572.xml,D44
Unknown class,Japan,Japan_012575.xml,D44
Unknown class,Japan,Japan_012575.xml,D50
Unknown class,Japan,Japan_012578.xml,D50
Unknown class,Japan,Japan_012578.xml,D50
Unknown class,Japan,Japan_012578.xml,D50
Unknown class,Japan,Japan_012579.xml,D44
Unknown class,Japan,Japan_012579.xml,D50
Unknown class,Japan,Japan_012588.xml,D44
Unknown class,Japan,Japan_012588.xml,D50
Unknown class,Japan,Japan_012589.xml,D44
Unknown class,Japan,Japan_012590.xml,D50
Unknown class,Japan,Japan_012593.xml,D44
Unknown class,Japan,Japan_012594.xml,D44
Unknown class,Japan,Japan_012596.xml,D44
Unknown class,Japan,Japan_012597.xml,D50
Unknown class,Japan,Japan_012598.xml,D44
Unknown class,Japan,Japan_012598.xml,D50
Unknown class,Japan,Japan_012600.xml,D50
Unknown class,Japan,Japan_012601.xml,D44
Unknown class,Japan,Japan_012602.xml,D44
Unknown class,Japan,Japan_012602.xml,D44
Unknown class,Japan,Japan_012605.xml,D44
Unknown class,Japan,Japan_012605.xml,D44
Unknown class,Japan,Japan_012605.xml,D44
Unknown class,Japan,Japan_012606.xml,D50
Unknown class,Japan,Japan_012607.xml,D50
Unknown class,Japan,Japan_012607.xml,D50
Unknown class,Japan,Japan_012607.xml,D44
Unknown class,Japan,Japan_012609.xml,D44
Unknown class,Japan,Japan_012611.xml,D50
Unknown class,Japan,Japan_012613.xml,D44
Unknown class,Japan,Japan_012613.xml,D50
Unknown class,Japan,Japan_012619.xml,D44
Unknown class,Japan,Japan_012623.xml,D44
Unknown class,Japan,Japan_012625.xml,D44
Unknown class,Japan,Japan_012625.xml,D44
Unknown class,Japan,Japan_012630.xml,D50
Unknown class,Japan,Japan_012633.xml,D44
Unknown class,Japan,Japan_012637.xml,D50
Unknown class,Japan,Japan_012638.xml,D44
Unknown class,Japan,Japan_012639.xml,D43
Unknown class,Japan,Japan_012641.xml,D50
Unknown class,Japan,Japan_012642.xml,D44
Unknown class,Japan,Japan_012646.xml,D44
Unknown class,Japan,Japan_012649.xml,D44
Unknown class,Japan,Japan_012649.xml,D44
Unknown class,Japan,Japan_012652.xml,D50
Unknown class,Japan,Japan_012653.xml,D50
Unknown class,Japan,Japan_012653.xml,D50
Unknown class,Japan,Japan_012653.xml,D50
Unknown class,Japan,Japan_012653.xml,D50
Unknown class,Japan,Japan_012657.xml,D50
Unknown class,Japan,Japan_012658.xml,D50
Unknown class,Japan,Japan_012660.xml,D50
Unknown class,Japan,Japan_012662.xml,D44
Unknown class,Japan,Japan_012675.xml,D44
Unknown class,Japan,Japan_012676.xml,D44
Unknown class,Japan,Japan_012678.xml,D50
Unknown class,Japan,Japan_012682.xml,D50
Unknown class,Japan,Japan_012683.xml,D43
Unknown class,Japan,Japan_012686.xml,D44
Unknown class,Japan,Japan_012692.xml,D50
Unknown class,Japan,Japan_012695.xml,D50
Unknown class,Japan,Japan_012695.xml,D50
Unknown class,Japan,Japan_012698.xml,D44
Unknown class,Japan,Japan_012699.xml,D43
Unknown class,Japan,Japan_012701.xml,D43
Unknown class,Japan,Japan_012703.xml,D43
Unknown class,Japan,Japan_012708.xml,D44
Unknown class,Japan,Japan_012708.xml,D43
Unknown class,Japan,Japan_012709.xml,D44
Unknown class,Japan,Japan_012712.xml,D43
Unknown class,Japan,Japan_012717.xml,D44
Unknown class,Japan,Japan_012722.xml,D44
Unknown class,Japan,Japan_012722.xml,D44
Unknown class,Japan,Japan_012724.xml,D50
Unknown class,Japan,Japan_012729.xml,D50
Unknown class,Japan,Japan_012731.xml,D50
Unknown class,Japan,Japan_012731.xml,D50
Unknown class,Japan,Japan_012732.xml,D44
Unknown class,Japan,Japan_012735.xml,D50
Unknown class,Japan,Japan_012737.xml,D43
Unknown class,Japan,Japan_012738.xml,D43
Unknown class,Japan,Japan_012742.xml,D50
Unknown class,Japan,Japan_012742.xml,D50
Unknown class,Japan,Japan_012743.xml,D44
Unknown class,Japan,Japan_012744.xml,D50
Unknown class,Japan,Japan_012744.xml,D44
Unknown class,Japan,Japan_012749.xml,D44
Unknown class,Japan,Japan_012749.xml,D44
Unknown class,Japan,Japan_012749.xml,D44
Unknown class,Japan,Japan_012754.xml,D50
Unknown class,Japan,Japan_012759.xml,D50
Unknown class,Japan,Japan_012760.xml,D44
Unknown class,Japan,Japan_012761.xml,D44
Unknown class,Japan,Japan_012761.xml,D44
Unknown class,Japan,Japan_012763.xml,D50
Unknown class,Japan,Japan_012764.xml,D44
Unknown class,Japan,Japan_012765.xml,D44
Unknown class,Japan,Japan_012767.xml,D50
Unknown class,Japan,Japan_012769.xml,D50
Unknown class,Japan,Japan_012770.xml,D44
Unknown class,Japan,Japan_012772.xml,D44
Unknown class,Japan,Japan_012772.xml,D50
Unknown class,Japan,Japan_012773.xml,D44
Unknown class,Japan,Japan_012774.xml,D44
Unknown class,Japan,Japan_012778.xml,D44
Unknown class,Japan,Japan_012779.xml,D50
Unknown class,Japan,Japan_012780.xml,D44
Unknown class,Japan,Japan_012780.xml,D50
Unknown class,Japan,Japan_012782.xml,D44
Unknown class,Japan,Japan_012783.xml,D44
Unknown class,Japan,Japan_012784.xml,D50
Unknown class,Japan,Japan_012787.xml,D43
Unknown class,Japan,Japan_012787.xml,D50
Unknown class,Japan,Japan_012789.xml,D50
Unknown class,Japan,Japan_012794.xml,D44
Unknown class,Japan,Japan_012794.xml,D50
Unknown class,Japan,Japan_012795.xml,D44
Unknown class,Japan,Japan_012796.xml,D50
Unknown class,Japan,Japan_012797.xml,D43
Unknown class,Japan,Japan_012798.xml,D50
Unknown class,Japan,Japan_012800.xml,D44
Unknown class,Japan,Japan_012802.xml,D43
Unknown class,Japan,Japan_012802.xml,D50
Unknown class,Japan,Japan_012803.xml,D44
Unknown class,Japan,Japan_012804.xml,D44
Unknown class,Japan,Japan_012804.xml,D44
Unknown class,Japan,Japan_012806.xml,D44
Unknown class,Japan,Japan_012807.xml,D50
Unknown class,Japan,Japan_012811.xml,D44
Unknown class,Japan,Japan_012812.xml,D50
Unknown class,Japan,Japan_012813.xml,D44
Unknown class,Japan,Japan_012813.xml,D44
Unknown class,Japan,Japan_012814.xml,D44
Unknown class,Japan,Japan_012815.xml,D50
Unknown class,Japan,Japan_012817.xml,D50
Unknown class,Japan,Japan_012817.xml,D50
Unknown class,Japan,Japan_012818.xml,D50
Unknown class,Japan,Japan_012820.xml,D43
Unknown class,Japan,Japan_012828.xml,D50
Unknown class,Japan,Japan_012828.xml,D50
Unknown class,Japan,Japan_012830.xml,D44
Unknown class,Japan,Japan_012830.xml,D44
Unknown class,Japan,Japan_012831.xml,D44
Unknown class,Japan,Japan_012831.xml,D44
Unknown class,Japan,Japan_012834.xml,D44
Unknown class,Japan,Japan_012834.xml,D44
Unknown class,Japan,Japan_012836.xml,D50
Unknown class,Japan,Japan_012836.xml,D50
Unknown class,Japan,Japan_012840.xml,D43
Unknown class,Japan,Japan_012840.xml,D50
Unknown class,Japan,Japan_012842.xml,D50
Unknown class,Japan,Japan_012843.xml,D50
Unknown class,Japan,Japan_012846.xml,D50
Unknown class,Japan,Japan_012848.xml,D50
Unknown class,Japan,Japan_012849.xml,D50
Unknown class,Japan,Japan_012850.xml,D50
Unknown class,Japan,Japan_012851.xml,D50
Unknown class,Japan,Japan_012851.xml,D50
Unknown class,Japan,Japan_012852.xml,D50
Unknown class,Japan,Japan_012854.xml,D50
Unknown class,Japan,Japan_012854.xml,D44
Unknown class,Japan,Japan_012854.xml,D43
Unknown class,Japan,Japan_012855.xml,D43
Unknown class,Japan,Japan_012855.xml,D50
Unknown class,Japan,Japan_012856.xml,D44
Unknown class,Japan,Japan_012856.xml,D44
Unknown class,Japan,Japan_012857.xml,D43
Unknown class,Japan,Japan_012857.xml,D44
Unknown class,Japan,Japan_012862.xml,D50
Unknown class,Japan,Japan_012863.xml,D44
Unknown class,Japan,Japan_012864.xml,D50
Unknown class,Japan,Japan_012865.xml,D50
Unknown class,Japan,Japan_012865.xml,D50
Unknown class,Japan,Japan_012866.xml,D44
Unknown class,Japan,Japan_012866.xml,D44
Unknown class,Japan,Japan_012867.xml,D50
Unknown class,Japan,Japan_012868.xml,D44
Unknown class,Japan,Japan_012870.xml,D44
Unknown class,Japan,Japan_012875.xml,D44
Unknown class,Japan,Japan_012878.xml,D44
Unknown class,Japan,Japan_012879.xml,D43
Unknown class,Japan,Japan_012880.xml,D43
Unknown class,Japan,Japan_012884.xml,D44
Unknown class,Japan,Japan_012886.xml,D43
Unknown class,Japan,Japan_012887.xml,D50
Unknown class,Japan,Japan_012887.xml,D50
Unknown class,Japan,Japan_012890.xml,D50
Unknown class,Japan,Japan_012897.xml,D50
Unknown class,Japan,Japan_012897.xml,D50
Unknown class,Japan,Japan_012898.xml,D50
Unknown class,Japan,Japan_012898.xml,D50
Unknown class,Japan,Japan_012900.xml,D50
Unknown class,Japan,Japan_012902.xml,D44
Unknown class,Japan,Japan_012904.xml,D44
Unknown class,Japan,Japan_012909.xml,D44
Unknown class,Japan,Japan_012911.xml,D44
Unknown class,Japan,Japan_012917.xml,D44
Unknown class,Japan,Japan_012917.xml,D44
Unknown class,Japan,Japan_012917.xml,D50
Unknown class,Japan,Japan_012918.xml,D43
Unknown class,Japan,Japan_012918.xml,D50
Unknown class,Japan,Japan_012921.xml,D50
Unknown class,Japan,Japan_012921.xml,D50
Unknown class,Japan,Japan_012923.xml,D50
Unknown class,Japan,Japan_012929.xml,D50
Unknown class,Japan,Japan_012929.xml,D50
Unknown class,Japan,Japan_012929.xml,D50
Unknown class,Japan,Japan_012929.xml,D44
Unknown class,Japan,Japan_012932.xml,D50
Unknown class,Japan,Japan_012932.xml,D50
Unknown class,Japan,Japan_012932.xml,D50
Unknown class,Japan,Japan_012933.xml,D43
Unknown class,Japan,Japan_012939.xml,D44
Unknown class,Japan,Japan_012940.xml,D50
Unknown class,Japan,Japan_012942.xml,D44
Unknown class,Japan,Japan_012942.xml,D44
Unknown class,Japan,Japan_012944.xml,D44
Unknown class,Japan,Japan_012945.xml,D50
Unknown class,Japan,Japan_012945.xml,D50
Unknown class,Japan,Japan_012946.xml,D44
Unknown class,Japan,Japan_012946.xml,D44
Unknown class,Japan,Japan_012947.xml,D44
Unknown class,Japan,Japan_012947.xml,D44
Unknown class,Japan,Japan_012948.xml,D43
Unknown class,Japan,Japan_012949.xml,D44
Unknown class,Japan,Japan_012949.xml,D44
Unknown class,Japan,Japan_012953.xml,D44
Unknown class,Japan,Japan_012953.xml,D44
Unknown class,Japan,Japan_012953.xml,D50
Unknown class,Japan,Japan_012955.xml,D50
Unknown class,Japan,Japan_012957.xml,D44
Unknown class,Japan,Japan_012957.xml,D50
Unknown class,Japan,Japan_012960.xml,D44
Unknown class,Japan,Japan_012962.xml,D43
Unknown class,Japan,Japan_012963.xml,D44
Unknown class,Japan,Japan_012965.xml,D44
Unknown class,Japan,Japan_012968.xml,D43
Unknown class,Japan,Japan_012971.xml,D44
Unknown class,Japan,Japan_012976.xml,D44
Unknown class,Japan,Japan_012977.xml,D44
Unknown class,Japan,Japan_012977.xml,D44
Unknown class,Japan,Japan_012978.xml,D44
Unknown class,Japan,Japan_012979.xml,D44
Unknown class,Japan,Japan_012979.xml,D50
Unknown class,Japan,Japan_012979.xml,D50
Unknown class,Japan,Japan_012979.xml,D50
Unknown class,Japan,Japan_012982.xml,D44
Unknown class,Japan,Japan_012983.xml,D44
Unknown class,Japan,Japan_012985.xml,D50
Unknown class,Japan,Japan_012987.xml,D50
Unknown class,Japan,Japan_012989.xml,D50
Unknown class,Japan,Japan_012989.xml,D50
Unknown class,Japan,Japan_012993.xml,D44
Unknown class,Japan,Japan_012994.xml,D44
Unknown class,Japan,Japan_012996.xml,D43
Unknown class,Japan,Japan_012998.xml,D44
Unknown class,Japan,Japan_012998.xml,D50
Unknown class,Japan,Japan_012999.xml,D44
Unknown class,Japan,Japan_012999.xml,D50
Unknown class,Japan,Japan_013000.xml,D44
Unknown class,Japan,Japan_013006.xml,D44
Unknown class,Japan,Japan_013007.xml,D44
Unknown class,Japan,Japan_013008.xml,D44
Unknown class,Japan,Japan_013009.xml,D43
Unknown class,Japan,Japan_013009.xml,D50
Unknown class,Japan,Japan_013014.xml,D44
Unknown class,Japan,Japan_013014.xml,D50
Unknown class,Japan,Japan_013014.xml,D44
Unknown class,Japan,Japan_013015.xml,D50
Unknown class,Japan,Japan_013015.xml,D50
Unknown class,Japan,Japan_013024.xml,D50
Unknown class,Japan,Japan_013025.xml,D44
Unknown class,Japan,Japan_013028.xml,D50
Unknown class,Japan,Japan_013032.xml,D50
Unknown class,Japan,Japan_013032.xml,D50
Unknown class,Japan,Japan_013034.xml,D44
Unknown class,Japan,Japan_013034.xml,D44
Unknown class,Japan,Japan_013034.xml,D50
Unknown class,Japan,Japan_013035.xml,D44
Unknown class,Japan,Japan_013038.xml,D44
Unknown class,Japan,Japan_013040.xml,D44
Unknown class,Japan,Japan_013040.xml,D44
Unknown class,Japan,Japan_013040.xml,D44
Unknown class,Japan,Japan_013042.xml,D43
Unknown class,Japan,Japan_013045.xml,D43
Unknown class,Japan,Japan_013045.xml,D50
Unknown class,Japan,Japan_013045.xml,D44
Unknown class,Japan,Japan_013045.xml,D50
Unknown class,Japan,Japan_013047.xml,D44
Unknown class,Japan,Japan_013049.xml,D44
Unknown class,Japan,Japan_013057.xml,D44
Unknown class,Japan,Japan_013059.xml,D44
Unknown class,Japan,Japan_013067.xml,D44
Unknown class,Japan,Japan_013069.xml,D50
Unknown class,Japan,Japan_013069.xml,D50
Unknown class,Japan,Japan_013074.xml,D50
Unknown class,Japan,Japan_013074.xml,D50
Unknown class,Japan,Japan_013077.xml,D44
Unknown class,Japan,Japan_013087.xml,D44
Unknown class,Japan,Japan_013089.xml,D44
Unknown class,Japan,Japan_013090.xml,D44
Unknown class,Japan,Japan_013096.xml,D50
Unknown class,Japan,Japan_013096.xml,D50
Unknown class,Japan,Japan_013099.xml,D50
Unknown class,Japan,Japan_013100.xml,D44
Unknown class,Japan,Japan_013102.xml,D44
Unknown class,Japan,Japan_013102.xml,D44
Unknown class,Japan,Japan_013102.xml,D50
Unknown class,Japan,Japan_013102.xml,D50
Unknown class,Japan,Japan_013109.xml,D44
Unknown class,Japan,Japan_013114.xml,D50
Unknown class,Japan,Japan_013115.xml,D50
Unknown class,Japan,Japan_013115.xml,D50
Unknown class,Japan,Japan_013115.xml,D50
Unknown class,Japan,Japan_013121.xml,D44
Unknown class,Japan,Japan_013124.xml,D43
Unknown class,Japan,Japan_013126.xml,D44
Unknown class,Japan,Japan_013126.xml,D44
Unknown class,Japan,Japan_013126.xml,D50
Unknown class,Japan,Japan_013127.xml,D43
Unknown class,Japan,Japan_013132.xml,D43
